HTTP/1.1 404 Not Found
Connection: keep-alive
Content-Length: 58
Content-Type: application/json
X-Request-Id: 676426374675715014400

{"error":"not_found","request_id":"","routine":"MIOROUTE"}HTTP/1.1 404 Not Found
Connection: keep-alive
Content-Length: 58
Content-Type: application/json
X-Request-Id: 676426374675733514400

{"error":"not_found","request_id":"","routine":"MIOROUTE"}HTTP/1.1 404 Not Found
Connection: keep-alive
Content-Length: 58
Content-Type: application/json
X-Request-Id: 676426374675745414400

{"error":"not_found","request_id":"","routine":"MIOROUTE"}HTTP/1.1 404 Not Found
Connection: keep-alive
Content-Length: 58
Content-Type: application/json
X-Request-Id: 676426374675757214400

{"error":"not_found","request_id":"","routine":"MIOROUTE"}HTTP/1.1 404 Not Found
Connection: keep-alive
Content-Length: 58
Content-Type: application/json
X-Request-Id: 676426374675768914400

{"error":"not_found","request_id":"","routine":"MIOROUTE"}HTTP/1.1 404 Not Found
Connection: keep-alive
Content-Length: 58
Content-Type: application/json
X-Request-Id: 676426374675779314400

{"error":"not_found","request_id":"","routine":"MIOROUTE"}HTTP/1.1 404 Not Found
Connection: keep-alive
Content-Length: 58
Content-Type: application/json
X-Request-Id: 676426374675789114400

{"error":"not_found","request_id":"","routine":"MIOROUTE"}HTTP/1.1 404 Not Found
Connection: keep-alive
Content-Length: 58
Content-Type: application/json
X-Request-Id: 676426374675800314400

{"error":"not_found","request_id":"","routine":"MIOROUTE"}HTTP/1.1 404 Not Found
Connection: keep-alive
Content-Length: 58
Content-Type: application/json
X-Request-Id: 676426374675810314400

{"error":"not_found","request_id":"","routine":"MIOROUTE"}HTTP/1.1 404 Not Found
Connection: keep-alive
Content-Length: 58
Content-Type: application/json
X-Request-Id: 676426374675821314400

{"error":"not_found","request_id":"","routine":"MIOROUTE"}HTTP/1.1 404 Not Found
Connection: keep-alive
Content-Length: 58
Content-Type: application/json
X-Request-Id: 676426374675832414400

{"error":"not_found","request_id":"","routine":"MIOROUTE"}HTTP/1.1 404 Not Found
Connection: keep-alive
Content-Length: 58
Content-Type: application/json
X-Request-Id: 676426374675842314400

{"error":"not_found","request_id":"","routine":"MIOROUTE"}HTTP/1.1 404 Not Found
Connection: keep-alive
Content-Length: 58
Content-Type: application/json
X-Request-Id: 676426374675853114400

{"error":"not_found","request_id":"","routine":"MIOROUTE"}HTTP/1.1 404 Not Found
Connection: keep-alive
Content-Length: 58
Content-Type: application/json
X-Request-Id: 676426374675864314400

{"error":"not_found","request_id":"","routine":"MIOROUTE"}HTTP/1.1 404 Not Found
Connection: keep-alive
Content-Length: 58
Content-Type: application/json
X-Request-Id: 676426374675875214400

{"error":"not_found","request_id":"","routine":"MIOROUTE"}HTTP/1.1 404 Not Found
Connection: keep-alive
Content-Length: 58
Content-Type: application/json
X-Request-Id: 676426374675884514400

{"error":"not_found","request_id":"","routine":"MIOROUTE"}HTTP/1.1 404 Not Found
Connection: keep-alive
Content-Length: 58
Content-Type: application/json
X-Request-Id: 676426374675895514400

{"error":"not_found","request_id":"","routine":"MIOROUTE"}HTTP/1.1 404 Not Found
Connection: keep-alive
Content-Length: 58
Content-Type: application/json
X-Request-Id: 676426374675906314400

{"error":"not_found","request_id":"","routine":"MIOROUTE"}HTTP/1.1 404 Not Found
Connection: keep-alive
Content-Length: 58
Content-Type: application/json
X-Request-Id: 676426374675917214400

{"error":"not_found","request_id":"","routine":"MIOROUTE"}HTTP/1.1 404 Not Found
Connection: keep-alive
Content-Length: 58
Content-Type: application/json
X-Request-Id: 676426374675927014400

{"error":"not_found","request_id":"","routine":"MIOROUTE"}HTTP/1.1 404 Not Found
Connection: keep-alive
Content-Length: 58
Content-Type: application/json
X-Request-Id: 676426374675938114400

{"error":"not_found","request_id":"","routine":"MIOROUTE"}HTTP/1.1 404 Not Found
Connection: keep-alive
Content-Length: 58
Content-Type: application/json
X-Request-Id: 676426374675949714400

{"error":"not_found","request_id":"","routine":"MIOROUTE"}HTTP/1.1 404 Not Found
Connection: keep-alive
Content-Length: 58
Content-Type: application/json
X-Request-Id: 676426374675961114400

{"error":"not_found","request_id":"","routine":"MIOROUTE"}HTTP/1.1 404 Not Found
Connection: keep-alive
Content-Length: 58
Content-Type: application/json
X-Request-Id: 676426374675972014400

{"error":"not_found","request_id":"","routine":"MIOROUTE"}HTTP/1.1 404 Not Found
Connection: keep-alive
Content-Length: 58
Content-Type: application/json
X-Request-Id: 676426374675997314400

{"error":"not_found","request_id":"","routine":"MIOROUTE"}HTTP/1.1 404 Not Found
Connection: keep-alive
Content-Length: 58
Content-Type: application/json
X-Request-Id: 676426374676007914400

{"error":"not_found","request_id":"","routine":"MIOROUTE"}HTTP/1.1 404 Not Found
Connection: keep-alive
Content-Length: 58
Content-Type: application/json
X-Request-Id: 676426374676018914400

{"error":"not_found","request_id":"","routine":"MIOROUTE"}HTTP/1.1 404 Not Found
Connection: keep-alive
Content-Length: 58
Content-Type: application/json
X-Request-Id: 676426374676028914400

{"error":"not_found","request_id":"","routine":"MIOROUTE"}HTTP/1.1 404 Not Found
Connection: keep-alive
Content-Length: 58
Content-Type: application/json
X-Request-Id: 676426374676038314400

{"error":"not_found","request_id":"","routine":"MIOROUTE"}HTTP/1.1 404 Not Found
Connection: keep-alive
Content-Length: 58
Content-Type: application/json
X-Request-Id: 676426374676049214400

{"error":"not_found","request_id":"","routine":"MIOROUTE"}HTTP/1.1 404 Not Found
Connection: keep-alive
Content-Length: 58
Content-Type: application/json
X-Request-Id: 676426374676060414400

{"error":"not_found","request_id":"","routine":"MIOROUTE"}HTTP/1.1 404 Not Found
Connection: keep-alive
Content-Length: 58
Content-Type: application/json
X-Request-Id: 676426374676071114400

{"error":"not_found","request_id":"","routine":"MIOROUTE"}HTTP/1.1 404 Not Found
Connection: keep-alive
Content-Length: 58
Content-Type: application/json
X-Request-Id: 676426374676080514400

{"error":"not_found","request_id":"","routine":"MIOROUTE"}HTTP/1.1 404 Not Found
Connection: keep-alive
Content-Length: 58
Content-Type: application/json
X-Request-Id: 676426374676091214400

{"error":"not_found","request_id":"","routine":"MIOROUTE"}HTTP/1.1 404 Not Found
Connection: keep-alive
Content-Length: 58
Content-Type: application/json
X-Request-Id: 676426374676101914400

{"error":"not_found","request_id":"","routine":"MIOROUTE"}HTTP/1.1 404 Not Found
Connection: keep-alive
Content-Length: 58
Content-Type: application/json
X-Request-Id: 676426374676112814400

{"error":"not_found","request_id":"","routine":"MIOROUTE"}HTTP/1.1 404 Not Found
Connection: keep-alive
Content-Length: 58
Content-Type: application/json
X-Request-Id: 676426374676122414400

{"error":"not_found","request_id":"","routine":"MIOROUTE"}HTTP/1.1 404 Not Found
Connection: keep-alive
Content-Length: 58
Content-Type: application/json
X-Request-Id: 676426374676132414400

{"error":"not_found","request_id":"","routine":"MIOROUTE"}HTTP/1.1 404 Not Found
Connection: keep-alive
Content-Length: 58
Content-Type: application/json
X-Request-Id: 676426374676142714400

{"error":"not_found","request_id":"","routine":"MIOROUTE"}HTTP/1.1 404 Not Found
Connection: keep-alive
Content-Length: 58
Content-Type: application/json
X-Request-Id: 676426374676152814400

{"error":"not_found","request_id":"","routine":"MIOROUTE"}HTTP/1.1 404 Not Found
Connection: keep-alive
Content-Length: 58
Content-Type: application/json
X-Request-Id: 676426374676163114400

{"error":"not_found","request_id":"","routine":"MIOROUTE"}HTTP/1.1 404 Not Found
Connection: keep-alive
Content-Length: 58
Content-Type: application/json
X-Request-Id: 676426374676172014400

{"error":"not_found","request_id":"","routine":"MIOROUTE"}HTTP/1.1 404 Not Found
Connection: keep-alive
Content-Length: 58
Content-Type: application/json
X-Request-Id: 676426374676184314400

{"error":"not_found","request_id":"","routine":"MIOROUTE"}HTTP/1.1 404 Not Found
Connection: keep-alive
Content-Length: 58
Content-Type: application/json
X-Request-Id: 676426374676194814400

{"error":"not_found","request_id":"","routine":"MIOROUTE"}HTTP/1.1 404 Not Found
Connection: keep-alive
Content-Length: 58
Content-Type: application/json
X-Request-Id: 676426374676205714400

{"error":"not_found","request_id":"","routine":"MIOROUTE"}HTTP/1.1 404 Not Found
Connection: keep-alive
Content-Length: 58
Content-Type: application/json
X-Request-Id: 676426374676216814400

{"error":"not_found","request_id":"","routine":"MIOROUTE"}HTTP/1.1 404 Not Found
Connection: keep-alive
Content-Length: 58
Content-Type: application/json
X-Request-Id: 676426374676228814400

{"error":"not_found","request_id":"","routine":"MIOROUTE"}HTTP/1.1 404 Not Found
Connection: keep-alive
Content-Length: 58
Content-Type: application/json
X-Request-Id: 676426374676242914400

{"error":"not_found","request_id":"","routine":"MIOROUTE"}HTTP/1.1 404 Not Found
Connection: keep-alive
Content-Length: 58
Content-Type: application/json
X-Request-Id: 676426374676254114400

{"error":"not_found","request_id":"","routine":"MIOROUTE"}HTTP/1.1 404 Not Found
Connection: keep-alive
Content-Length: 58
Content-Type: application/json
X-Request-Id: 676426374676261514400

{"error":"not_found","request_id":"","routine":"MIOROUTE"}HTTP/1.1 404 Not Found
Connection: keep-alive
Content-Length: 58
Content-Type: application/json
X-Request-Id: 676426374676272214400

{"error":"not_found","request_id":"","routine":"MIOROUTE"}HTTP/1.1 404 Not Found
Connection: keep-alive
Content-Length: 58
Content-Type: application/json
X-Request-Id: 676426374676282414400

{"error":"not_found","request_id":"","routine":"MIOROUTE"}HTTP/1.1 404 Not Found
Connection: keep-alive
Content-Length: 58
Content-Type: application/json
X-Request-Id: 676426374676292614400

{"error":"not_found","request_id":"","routine":"MIOROUTE"}HTTP/1.1 404 Not Found
Connection: keep-alive
Content-Length: 58
Content-Type: application/json
X-Request-Id: 676426374676302614400

{"error":"not_found","request_id":"","routine":"MIOROUTE"}HTTP/1.1 404 Not Found
Connection: keep-alive
Content-Length: 58
Content-Type: application/json
X-Request-Id: 676426374676313014400

{"error":"not_found","request_id":"","routine":"MIOROUTE"}HTTP/1.1 404 Not Found
Connection: keep-alive
Content-Length: 58
Content-Type: application/json
X-Request-Id: 676426374676323914400

{"error":"not_found","request_id":"","routine":"MIOROUTE"}HTTP/1.1 404 Not Found
Connection: keep-alive
Content-Length: 58
Content-Type: application/json
X-Request-Id: 676426374676344914400

{"error":"not_found","request_id":"","routine":"MIOROUTE"}HTTP/1.1 404 Not Found
Connection: keep-alive
Content-Length: 58
Content-Type: application/json
X-Request-Id: 676426374676356314400

{"error":"not_found","request_id":"","routine":"MIOROUTE"}HTTP/1.1 404 Not Found
Connection: keep-alive
Content-Length: 58
Content-Type: application/json
X-Request-Id: 676426374676367014400

{"error":"not_found","request_id":"","routine":"MIOROUTE"}HTTP/1.1 404 Not Found
Connection: keep-alive
Content-Length: 58
Content-Type: application/json
X-Request-Id: 676426374676377814400

{"error":"not_found","request_id":"","routine":"MIOROUTE"}HTTP/1.1 404 Not Found
Connection: keep-alive
Content-Length: 58
Content-Type: application/json
X-Request-Id: 676426374676388414400

{"error":"not_found","request_id":"","routine":"MIOROUTE"}HTTP/1.1 404 Not Found
Connection: keep-alive
Content-Length: 58
Content-Type: application/json
X-Request-Id: 676426374676404014400

{"error":"not_found","request_id":"","routine":"MIOROUTE"}HTTP/1.1 404 Not Found
Connection: keep-alive
Content-Length: 58
Content-Type: application/json
X-Request-Id: 676426374676415314400

{"error":"not_found","request_id":"","routine":"MIOROUTE"}HTTP/1.1 404 Not Found
Connection: keep-alive
Content-Length: 58
Content-Type: application/json
X-Request-Id: 676426374676426014400

{"error":"not_found","request_id":"","routine":"MIOROUTE"}HTTP/1.1 404 Not Found
Connection: keep-alive
Content-Length: 58
Content-Type: application/json
X-Request-Id: 676426374676436314400

{"error":"not_found","request_id":"","routine":"MIOROUTE"}HTTP/1.1 404 Not Found
Connection: keep-alive
Content-Length: 58
Content-Type: application/json
X-Request-Id: 676426374676446414400

{"error":"not_found","request_id":"","routine":"MIOROUTE"}HTTP/1.1 404 Not Found
Connection: keep-alive
Content-Length: 58
Content-Type: application/json
X-Request-Id: 676426374676457314400

{"error":"not_found","request_id":"","routine":"MIOROUTE"}HTTP/1.1 404 Not Found
Connection: keep-alive
Content-Length: 58
Content-Type: application/json
X-Request-Id: 676426374676467914400

{"error":"not_found","request_id":"","routine":"MIOROUTE"}HTTP/1.1 404 Not Found
Connection: keep-alive
Content-Length: 58
Content-Type: application/json
X-Request-Id: 676426374676476814400

{"error":"not_found","request_id":"","routine":"MIOROUTE"}HTTP/1.1 404 Not Found
Connection: keep-alive
Content-Length: 58
Content-Type: application/json
X-Request-Id: 676426374676487514400

{"error":"not_found","request_id":"","routine":"MIOROUTE"}HTTP/1.1 404 Not Found
Connection: keep-alive
Content-Length: 58
Content-Type: application/json
X-Request-Id: 676426374676497414400

{"error":"not_found","request_id":"","routine":"MIOROUTE"}HTTP/1.1 404 Not Found
Connection: keep-alive
Content-Length: 58
Content-Type: application/json
X-Request-Id: 676426374676507514400

{"error":"not_found","request_id":"","routine":"MIOROUTE"}HTTP/1.1 404 Not Found
Connection: keep-alive
Content-Length: 58
Content-Type: application/json
X-Request-Id: 676426374676516214400

{"error":"not_found","request_id":"","routine":"MIOROUTE"}HTTP/1.1 404 Not Found
Connection: keep-alive
Content-Length: 58
Content-Type: application/json
X-Request-Id: 676426374676527114400

{"error":"not_found","request_id":"","routine":"MIOROUTE"}HTTP/1.1 404 Not Found
Connection: keep-alive
Content-Length: 58
Content-Type: application/json
X-Request-Id: 676426374676539814400

{"error":"not_found","request_id":"","routine":"MIOROUTE"}HTTP/1.1 404 Not Found
Connection: keep-alive
Content-Length: 58
Content-Type: application/json
X-Request-Id: 676426374676550014400

{"error":"not_found","request_id":"","routine":"MIOROUTE"}HTTP/1.1 404 Not Found
Connection: keep-alive
Content-Length: 58
Content-Type: application/json
X-Request-Id: 676426374676559714400

{"error":"not_found","request_id":"","routine":"MIOROUTE"}HTTP/1.1 404 Not Found
Connection: keep-alive
Content-Length: 58
Content-Type: application/json
X-Request-Id: 676426374676569914400

{"error":"not_found","request_id":"","routine":"MIOROUTE"}HTTP/1.1 404 Not Found
Connection: keep-alive
Content-Length: 58
Content-Type: application/json
X-Request-Id: 676426374676578714400

{"error":"not_found","request_id":"","routine":"MIOROUTE"}HTTP/1.1 404 Not Found
Connection: keep-alive
Content-Length: 58
Content-Type: application/json
X-Request-Id: 676426374676589314400

{"error":"not_found","request_id":"","routine":"MIOROUTE"}HTTP/1.1 404 Not Found
Connection: keep-alive
Content-Length: 58
Content-Type: application/json
X-Request-Id: 676426374676599314400

{"error":"not_found","request_id":"","routine":"MIOROUTE"}HTTP/1.1 404 Not Found
Connection: keep-alive
Content-Length: 58
Content-Type: application/json
X-Request-Id: 676426374676609314400

{"error":"not_found","request_id":"","routine":"MIOROUTE"}HTTP/1.1 404 Not Found
Connection: keep-alive
Content-Length: 58
Content-Type: application/json
X-Request-Id: 676426374676618814400

{"error":"not_found","request_id":"","routine":"MIOROUTE"}HTTP/1.1 404 Not Found
Connection: keep-alive
Content-Length: 58
Content-Type: application/json
X-Request-Id: 676426374676629114400

{"error":"not_found","request_id":"","routine":"MIOROUTE"}HTTP/1.1 404 Not Found
Connection: keep-alive
Content-Length: 58
Content-Type: application/json
X-Request-Id: 676426374676640214400

{"error":"not_found","request_id":"","routine":"MIOROUTE"}HTTP/1.1 404 Not Found
Connection: keep-alive
Content-Length: 58
Content-Type: application/json
X-Request-Id: 676426374676649714400

{"error":"not_found","request_id":"","routine":"MIOROUTE"}HTTP/1.1 404 Not Found
Connection: keep-alive
Content-Length: 58
Content-Type: application/json
X-Request-Id: 676426374676658414400

{"error":"not_found","request_id":"","routine":"MIOROUTE"}HTTP/1.1 404 Not Found
Connection: keep-alive
Content-Length: 58
Content-Type: application/json
X-Request-Id: 676426374676669214400

{"error":"not_found","request_id":"","routine":"MIOROUTE"}HTTP/1.1 404 Not Found
Connection: keep-alive
Content-Length: 58
Content-Type: application/json
X-Request-Id: 676426374676689114400

{"error":"not_found","request_id":"","routine":"MIOROUTE"}HTTP/1.1 404 Not Found
Connection: keep-alive
Content-Length: 58
Content-Type: application/json
X-Request-Id: 676426374676699114400

{"error":"not_found","request_id":"","routine":"MIOROUTE"}HTTP/1.1 404 Not Found
Connection: keep-alive
Content-Length: 58
Content-Type: application/json
X-Request-Id: 676426374676709714400

{"error":"not_found","request_id":"","routine":"MIOROUTE"}HTTP/1.1 404 Not Found
Connection: keep-alive
Content-Length: 58
Content-Type: application/json
X-Request-Id: 676426374676720314400

{"error":"not_found","request_id":"","routine":"MIOROUTE"}HTTP/1.1 404 Not Found
Connection: keep-alive
Content-Length: 58
Content-Type: application/json
X-Request-Id: 676426374676730514400

{"error":"not_found","request_id":"","routine":"MIOROUTE"}HTTP/1.1 404 Not Found
Connection: keep-alive
Content-Length: 58
Content-Type: application/json
X-Request-Id: 676426374676740214400

{"error":"not_found","request_id":"","routine":"MIOROUTE"}HTTP/1.1 404 Not Found
Connection: keep-alive
Content-Length: 58
Content-Type: application/json
X-Request-Id: 676426374676749814400

{"error":"not_found","request_id":"","routine":"MIOROUTE"}HTTP/1.1 404 Not Found
Connection: keep-alive
Content-Length: 58
Content-Type: application/json
X-Request-Id: 676426374676766314400

{"error":"not_found","request_id":"","routine":"MIOROUTE"}HTTP/1.1 404 Not Found
Connection: keep-alive
Content-Length: 58
Content-Type: application/json
X-Request-Id: 676426374676779314400

{"error":"not_found","request_id":"","routine":"MIOROUTE"}HTTP/1.1 404 Not Found
Connection: keep-alive
Content-Length: 58
Content-Type: application/json
X-Request-Id: 676426374676793214400

{"error":"not_found","request_id":"","routine":"MIOROUTE"}HTTP/1.1 404 Not Found
Connection: keep-alive
Content-Length: 58
Content-Type: application/json
X-Request-Id: 676426374676809814400

{"error":"not_found","request_id":"","routine":"MIOROUTE"}HTTP/1.1 404 Not Found
Connection: keep-alive
Content-Length: 58
Content-Type: application/json
X-Request-Id: 676426374676823314400

{"error":"not_found","request_id":"","routine":"MIOROUTE"}HTTP/1.1 404 Not Found
Connection: keep-alive
Content-Length: 58
Content-Type: application/json
X-Request-Id: 676426374676835114400

{"error":"not_found","request_id":"","routine":"MIOROUTE"}HTTP/1.1 404 Not Found
Connection: keep-alive
Content-Length: 58
Content-Type: application/json
X-Request-Id: 676426374676845914400

{"error":"not_found","request_id":"","routine":"MIOROUTE"}HTTP/1.1 404 Not Found
Connection: keep-alive
Content-Length: 58
Content-Type: application/json
X-Request-Id: 676426374676857014400

{"error":"not_found","request_id":"","routine":"MIOROUTE"}HTTP/1.1 404 Not Found
Connection: keep-alive
Content-Length: 58
Content-Type: application/json
X-Request-Id: 676426374676867714400

{"error":"not_found","request_id":"","routine":"MIOROUTE"}HTTP/1.1 404 Not Found
Connection: keep-alive
Content-Length: 58
Content-Type: application/json
X-Request-Id: 676426374676880214400

{"error":"not_found","request_id":"","routine":"MIOROUTE"}HTTP/1.1 404 Not Found
Connection: keep-alive
Content-Length: 58
Content-Type: application/json
X-Request-Id: 676426374676890714400

{"error":"not_found","request_id":"","routine":"MIOROUTE"}HTTP/1.1 404 Not Found
Connection: keep-alive
Content-Length: 58
Content-Type: application/json
X-Request-Id: 676426374676901614400

{"error":"not_found","request_id":"","routine":"MIOROUTE"}HTTP/1.1 404 Not Found
Connection: keep-alive
Content-Length: 58
Content-Type: application/json
X-Request-Id: 676426374676912314400

{"error":"not_found","request_id":"","routine":"MIOROUTE"}HTTP/1.1 404 Not Found
Connection: keep-alive
Content-Length: 58
Content-Type: application/json
X-Request-Id: 676426374677000814400

{"error":"not_found","request_id":"","routine":"MIOROUTE"}HTTP/1.1 404 Not Found
Connection: keep-alive
Content-Length: 58
Content-Type: application/json
X-Request-Id: 676426374677021314400

{"error":"not_found","request_id":"","routine":"MIOROUTE"}HTTP/1.1 404 Not Found
Connection: keep-alive
Content-Length: 58
Content-Type: application/json
X-Request-Id: 676426374677039014400

{"error":"not_found","request_id":"","routine":"MIOROUTE"}HTTP/1.1 404 Not Found
Connection: keep-alive
Content-Length: 58
Content-Type: application/json
X-Request-Id: 676426374677054914400

{"error":"not_found","request_id":"","routine":"MIOROUTE"}HTTP/1.1 404 Not Found
Connection: keep-alive
Content-Length: 58
Content-Type: application/json
X-Request-Id: 676426374677069914400

{"error":"not_found","request_id":"","routine":"MIOROUTE"}HTTP/1.1 404 Not Found
Connection: keep-alive
Content-Length: 58
Content-Type: application/json
X-Request-Id: 676426374677084314400

{"error":"not_found","request_id":"","routine":"MIOROUTE"}HTTP/1.1 404 Not Found
Connection: keep-alive
Content-Length: 58
Content-Type: application/json
X-Request-Id: 676426374677103314400

{"error":"not_found","request_id":"","routine":"MIOROUTE"}HTTP/1.1 404 Not Found
Connection: keep-alive
Content-Length: 58
Content-Type: application/json
X-Request-Id: 676426374677120814400

{"error":"not_found","request_id":"","routine":"MIOROUTE"}HTTP/1.1 404 Not Found
Connection: keep-alive
Content-Length: 58
Content-Type: application/json
X-Request-Id: 676426374677133714400

{"error":"not_found","request_id":"","routine":"MIOROUTE"}HTTP/1.1 404 Not Found
Connection: keep-alive
Content-Length: 58
Content-Type: application/json
X-Request-Id: 676426374677163614400

{"error":"not_found","request_id":"","routine":"MIOROUTE"}HTTP/1.1 404 Not Found
Connection: keep-alive
Content-Length: 58
Content-Type: application/json
X-Request-Id: 676426374677180414400

{"error":"not_found","request_id":"","routine":"MIOROUTE"}HTTP/1.1 404 Not Found
Connection: keep-alive
Content-Length: 58
Content-Type: application/json
X-Request-Id: 676426374677204714400

{"error":"not_found","request_id":"","routine":"MIOROUTE"}HTTP/1.1 404 Not Found
Connection: keep-alive
Content-Length: 58
Content-Type: application/json
X-Request-Id: 676426374677222514400

{"error":"not_found","request_id":"","routine":"MIOROUTE"}HTTP/1.1 404 Not Found
Connection: keep-alive
Content-Length: 58
Content-Type: application/json
X-Request-Id: 676426374677249014400

{"error":"not_found","request_id":"","routine":"MIOROUTE"}HTTP/1.1 404 Not Found
Connection: keep-alive
Content-Length: 58
Content-Type: application/json
X-Request-Id: 676426374677260514400

{"error":"not_found","request_id":"","routine":"MIOROUTE"}HTTP/1.1 404 Not Found
Connection: keep-alive
Content-Length: 58
Content-Type: application/json
X-Request-Id: 676426374677270214400

{"error":"not_found","request_id":"","routine":"MIOROUTE"}HTTP/1.1 404 Not Found
Connection: keep-alive
Content-Length: 58
Content-Type: application/json
X-Request-Id: 676426374677279814400

{"error":"not_found","request_id":"","routine":"MIOROUTE"}HTTP/1.1 404 Not Found
Connection: keep-alive
Content-Length: 58
Content-Type: application/json
X-Request-Id: 676426374677292514400

{"error":"not_found","request_id":"","routine":"MIOROUTE"}HTTP/1.1 404 Not Found
Connection: keep-alive
Content-Length: 58
Content-Type: application/json
X-Request-Id: 676426374677299914400

{"error":"not_found","request_id":"","routine":"MIOROUTE"}HTTP/1.1 404 Not Found
Connection: keep-alive
Content-Length: 58
Content-Type: application/json
X-Request-Id: 676426374677307614400

{"error":"not_found","request_id":"","routine":"MIOROUTE"}HTTP/1.1 404 Not Found
Connection: keep-alive
Content-Length: 58
Content-Type: application/json
X-Request-Id: 676426374677324014400

{"error":"not_found","request_id":"","routine":"MIOROUTE"}HTTP/1.1 404 Not Found
Connection: keep-alive
Content-Length: 58
Content-Type: application/json
X-Request-Id: 676426374677333614400

{"error":"not_found","request_id":"","routine":"MIOROUTE"}HTTP/1.1 404 Not Found
Connection: keep-alive
Content-Length: 58
Content-Type: application/json
X-Request-Id: 676426374677345014400

{"error":"not_found","request_id":"","routine":"MIOROUTE"}HTTP/1.1 404 Not Found
Connection: keep-alive
Content-Length: 58
Content-Type: application/json
X-Request-Id: 676426374677356114400

{"error":"not_found","request_id":"","routine":"MIOROUTE"}HTTP/1.1 404 Not Found
Connection: keep-alive
Content-Length: 58
Content-Type: application/json
X-Request-Id: 676426374677366914400

{"error":"not_found","request_id":"","routine":"MIOROUTE"}HTTP/1.1 404 Not Found
Connection: keep-alive
Content-Length: 58
Content-Type: application/json
X-Request-Id: 676426374677377814400

{"error":"not_found","request_id":"","routine":"MIOROUTE"}HTTP/1.1 404 Not Found
Connection: keep-alive
Content-Length: 58
Content-Type: application/json
X-Request-Id: 676426374677388614400

{"error":"not_found","request_id":"","routine":"MIOROUTE"}HTTP/1.1 404 Not Found
Connection: keep-alive
Content-Length: 58
Content-Type: application/json
X-Request-Id: 676426374677399614400

{"error":"not_found","request_id":"","routine":"MIOROUTE"}HTTP/1.1 404 Not Found
Connection: keep-alive
Content-Length: 58
Content-Type: application/json
X-Request-Id: 676426374677410514400

{"error":"not_found","request_id":"","routine":"MIOROUTE"}HTTP/1.1 404 Not Found
Connection: keep-alive
Content-Length: 58
Content-Type: application/json
X-Request-Id: 676426374677421414400

{"error":"not_found","request_id":"","routine":"MIOROUTE"}HTTP/1.1 404 Not Found
Connection: keep-alive
Content-Length: 58
Content-Type: application/json
X-Request-Id: 676426374677433114400

{"error":"not_found","request_id":"","routine":"MIOROUTE"}HTTP/1.1 404 Not Found
Connection: keep-alive
Content-Length: 58
Content-Type: application/json
X-Request-Id: 676426374677443814400

{"error":"not_found","request_id":"","routine":"MIOROUTE"}HTTP/1.1 404 Not Found
Connection: keep-alive
Content-Length: 58
Content-Type: application/json
X-Request-Id: 676426374677454514400

{"error":"not_found","request_id":"","routine":"MIOROUTE"}HTTP/1.1 404 Not Found
Connection: keep-alive
Content-Length: 58
Content-Type: application/json
X-Request-Id: 676426374677465214400

{"error":"not_found","request_id":"","routine":"MIOROUTE"}HTTP/1.1 404 Not Found
Connection: keep-alive
Content-Length: 58
Content-Type: application/json
X-Request-Id: 676426374677475914400

{"error":"not_found","request_id":"","routine":"MIOROUTE"}HTTP/1.1 404 Not Found
Connection: keep-alive
Content-Length: 58
Content-Type: application/json
X-Request-Id: 676426374677487414400

{"error":"not_found","request_id":"","routine":"MIOROUTE"}HTTP/1.1 404 Not Found
Connection: keep-alive
Content-Length: 58
Content-Type: application/json
X-Request-Id: 676426374677498014400

{"error":"not_found","request_id":"","routine":"MIOROUTE"}HTTP/1.1 404 Not Found
Connection: keep-alive
Content-Length: 58
Content-Type: application/json
X-Request-Id: 676426374677509014400

{"error":"not_found","request_id":"","routine":"MIOROUTE"}HTTP/1.1 404 Not Found
Connection: keep-alive
Content-Length: 58
Content-Type: application/json
X-Request-Id: 676426374677522314400

{"error":"not_found","request_id":"","routine":"MIOROUTE"}HTTP/1.1 404 Not Found
Connection: keep-alive
Content-Length: 58
Content-Type: application/json
X-Request-Id: 676426374677533114400

{"error":"not_found","request_id":"","routine":"MIOROUTE"}HTTP/1.1 404 Not Found
Connection: keep-alive
Content-Length: 58
Content-Type: application/json
X-Request-Id: 676426374677544114400

{"error":"not_found","request_id":"","routine":"MIOROUTE"}HTTP/1.1 404 Not Found
Connection: keep-alive
Content-Length: 58
Content-Type: application/json
X-Request-Id: 676426374677555214400

{"error":"not_found","request_id":"","routine":"MIOROUTE"}HTTP/1.1 404 Not Found
Connection: keep-alive
Content-Length: 58
Content-Type: application/json
X-Request-Id: 676426374677567014400

{"error":"not_found","request_id":"","routine":"MIOROUTE"}HTTP/1.1 404 Not Found
Connection: keep-alive
Content-Length: 58
Content-Type: application/json
X-Request-Id: 676426374677577614400

{"error":"not_found","request_id":"","routine":"MIOROUTE"}HTTP/1.1 404 Not Found
Connection: keep-alive
Content-Length: 58
Content-Type: application/json
X-Request-Id: 676426374677589514400

{"error":"not_found","request_id":"","routine":"MIOROUTE"}HTTP/1.1 404 Not Found
Connection: keep-alive
Content-Length: 58
Content-Type: application/json
X-Request-Id: 676426374677610914400

{"error":"not_found","request_id":"","routine":"MIOROUTE"}HTTP/1.1 404 Not Found
Connection: keep-alive
Content-Length: 58
Content-Type: application/json
X-Request-Id: 676426374677621414400

{"error":"not_found","request_id":"","routine":"MIOROUTE"}HTTP/1.1 404 Not Found
Connection: keep-alive
Content-Length: 58
Content-Type: application/json
X-Request-Id: 676426374677632314400

{"error":"not_found","request_id":"","routine":"MIOROUTE"}HTTP/1.1 404 Not Found
Connection: keep-alive
Content-Length: 58
Content-Type: application/json
X-Request-Id: 676426374677642314400

{"error":"not_found","request_id":"","routine":"MIOROUTE"}HTTP/1.1 404 Not Found
Connection: keep-alive
Content-Length: 58
Content-Type: application/json
X-Request-Id: 676426374677653014400

{"error":"not_found","request_id":"","routine":"MIOROUTE"}HTTP/1.1 404 Not Found
Connection: keep-alive
Content-Length: 58
Content-Type: application/json
X-Request-Id: 676426374677664814400

{"error":"not_found","request_id":"","routine":"MIOROUTE"}HTTP/1.1 404 Not Found
Connection: keep-alive
Content-Length: 58
Content-Type: application/json
X-Request-Id: 676426374677675714400

{"error":"not_found","request_id":"","routine":"MIOROUTE"}HTTP/1.1 404 Not Found
Connection: keep-alive
Content-Length: 58
Content-Type: application/json
X-Request-Id: 676426374677686414400

{"error":"not_found","request_id":"","routine":"MIOROUTE"}HTTP/1.1 404 Not Found
Connection: keep-alive
Content-Length: 58
Content-Type: application/json
X-Request-Id: 676426374677696514400

{"error":"not_found","request_id":"","routine":"MIOROUTE"}HTTP/1.1 404 Not Found
Connection: keep-alive
Content-Length: 58
Content-Type: application/json
X-Request-Id: 676426374677706914400

{"error":"not_found","request_id":"","routine":"MIOROUTE"}HTTP/1.1 404 Not Found
Connection: keep-alive
Content-Length: 58
Content-Type: application/json
X-Request-Id: 676426374677717314400

{"error":"not_found","request_id":"","routine":"MIOROUTE"}HTTP/1.1 404 Not Found
Connection: keep-alive
Content-Length: 58
Content-Type: application/json
X-Request-Id: 676426374677728614400

{"error":"not_found","request_id":"","routine":"MIOROUTE"}HTTP/1.1 404 Not Found
Connection: keep-alive
Content-Length: 58
Content-Type: application/json
X-Request-Id: 676426374677738914400

{"error":"not_found","request_id":"","routine":"MIOROUTE"}HTTP/1.1 404 Not Found
Connection: keep-alive
Content-Length: 58
Content-Type: application/json
X-Request-Id: 676426374677749414400

{"error":"not_found","request_id":"","routine":"MIOROUTE"}HTTP/1.1 404 Not Found
Connection: keep-alive
Content-Length: 58
Content-Type: application/json
X-Request-Id: 676426374677760714400

{"error":"not_found","request_id":"","routine":"MIOROUTE"}HTTP/1.1 404 Not Found
Connection: keep-alive
Content-Length: 58
Content-Type: application/json
X-Request-Id: 676426374677770914400

{"error":"not_found","request_id":"","routine":"MIOROUTE"}HTTP/1.1 404 Not Found
Connection: keep-alive
Content-Length: 58
Content-Type: application/json
X-Request-Id: 676426374677781314400

{"error":"not_found","request_id":"","routine":"MIOROUTE"}HTTP/1.1 404 Not Found
Connection: keep-alive
Content-Length: 58
Content-Type: application/json
X-Request-Id: 676426374677791414400

{"error":"not_found","request_id":"","routine":"MIOROUTE"}HTTP/1.1 404 Not Found
Connection: keep-alive
Content-Length: 58
Content-Type: application/json
X-Request-Id: 676426374677801814400

{"error":"not_found","request_id":"","routine":"MIOROUTE"}HTTP/1.1 404 Not Found
Connection: keep-alive
Content-Length: 58
Content-Type: application/json
X-Request-Id: 676426374677812114400

{"error":"not_found","request_id":"","routine":"MIOROUTE"}HTTP/1.1 404 Not Found
Connection: keep-alive
Content-Length: 58
Content-Type: application/json
X-Request-Id: 676426374677822014400

{"error":"not_found","request_id":"","routine":"MIOROUTE"}HTTP/1.1 404 Not Found
Connection: keep-alive
Content-Length: 58
Content-Type: application/json
X-Request-Id: 676426374677832314400

{"error":"not_found","request_id":"","routine":"MIOROUTE"}HTTP/1.1 404 Not Found
Connection: keep-alive
Content-Length: 58
Content-Type: application/json
X-Request-Id: 676426374677843014400

{"error":"not_found","request_id":"","routine":"MIOROUTE"}HTTP/1.1 404 Not Found
Connection: keep-alive
Content-Length: 58
Content-Type: application/json
X-Request-Id: 676426374677855314400

{"error":"not_found","request_id":"","routine":"MIOROUTE"}HTTP/1.1 404 Not Found
Connection: keep-alive
Content-Length: 58
Content-Type: application/json
X-Request-Id: 676426374677870214400

{"error":"not_found","request_id":"","routine":"MIOROUTE"}HTTP/1.1 404 Not Found
Connection: keep-alive
Content-Length: 58
Content-Type: application/json
X-Request-Id: 676426374677882714400

{"error":"not_found","request_id":"","routine":"MIOROUTE"}HTTP/1.1 404 Not Found
Connection: keep-alive
Content-Length: 58
Content-Type: application/json
X-Request-Id: 676426374677895714400

{"error":"not_found","request_id":"","routine":"MIOROUTE"}HTTP/1.1 404 Not Found
Connection: keep-alive
Content-Length: 58
Content-Type: application/json
X-Request-Id: 676426374677905514400

{"error":"not_found","request_id":"","routine":"MIOROUTE"}HTTP/1.1 404 Not Found
Connection: keep-alive
Content-Length: 58
Content-Type: application/json
X-Request-Id: 676426374677915314400

{"error":"not_found","request_id":"","routine":"MIOROUTE"}HTTP/1.1 404 Not Found
Connection: keep-alive
Content-Length: 58
Content-Type: application/json
X-Request-Id: 676426374677925514400

{"error":"not_found","request_id":"","routine":"MIOROUTE"}HTTP/1.1 404 Not Found
Connection: keep-alive
Content-Length: 58
Content-Type: application/json
X-Request-Id: 676426374677936114400

{"error":"not_found","request_id":"","routine":"MIOROUTE"}HTTP/1.1 404 Not Found
Connection: keep-alive
Content-Length: 58
Content-Type: application/json
X-Request-Id: 676426374677945814400

{"error":"not_found","request_id":"","routine":"MIOROUTE"}HTTP/1.1 404 Not Found
Connection: keep-alive
Content-Length: 58
Content-Type: application/json
X-Request-Id: 676426374677964514400

{"error":"not_found","request_id":"","routine":"MIOROUTE"}HTTP/1.1 404 Not Found
Connection: keep-alive
Content-Length: 58
Content-Type: application/json
X-Request-Id: 676426374677975614400

{"error":"not_found","request_id":"","routine":"MIOROUTE"}HTTP/1.1 404 Not Found
Connection: keep-alive
Content-Length: 58
Content-Type: application/json
X-Request-Id: 676426374677984814400

{"error":"not_found","request_id":"","routine":"MIOROUTE"}HTTP/1.1 404 Not Found
Connection: keep-alive
Content-Length: 58
Content-Type: application/json
X-Request-Id: 676426374677999614400

{"error":"not_found","request_id":"","routine":"MIOROUTE"}HTTP/1.1 404 Not Found
Connection: keep-alive
Content-Length: 58
Content-Type: application/json
X-Request-Id: 676426374678011014400

{"error":"not_found","request_id":"","routine":"MIOROUTE"}HTTP/1.1 404 Not Found
Connection: keep-alive
Content-Length: 58
Content-Type: application/json
X-Request-Id: 676426374678021414400

{"error":"not_found","request_id":"","routine":"MIOROUTE"}HTTP/1.1 404 Not Found
Connection: keep-alive
Content-Length: 58
Content-Type: application/json
X-Request-Id: 676426374678032114400

{"error":"not_found","request_id":"","routine":"MIOROUTE"}HTTP/1.1 404 Not Found
Connection: keep-alive
Content-Length: 58
Content-Type: application/json
X-Request-Id: 676426374678041714400

{"error":"not_found","request_id":"","routine":"MIOROUTE"}HTTP/1.1 404 Not Found
Connection: keep-alive
Content-Length: 58
Content-Type: application/json
X-Request-Id: 676426374678051014400

{"error":"not_found","request_id":"","routine":"MIOROUTE"}HTTP/1.1 404 Not Found
Connection: keep-alive
Content-Length: 58
Content-Type: application/json
X-Request-Id: 676426374678061414400

{"error":"not_found","request_id":"","routine":"MIOROUTE"}HTTP/1.1 404 Not Found
Connection: keep-alive
Content-Length: 58
Content-Type: application/json
X-Request-Id: 676426374678072114400

{"error":"not_found","request_id":"","routine":"MIOROUTE"}HTTP/1.1 404 Not Found
Connection: keep-alive
Content-Length: 58
Content-Type: application/json
X-Request-Id: 676426374678081714400

{"error":"not_found","request_id":"","routine":"MIOROUTE"}HTTP/1.1 404 Not Found
Connection: keep-alive
Content-Length: 58
Content-Type: application/json
X-Request-Id: 676426374678092314400

{"error":"not_found","request_id":"","routine":"MIOROUTE"}HTTP/1.1 404 Not Found
Connection: keep-alive
Content-Length: 58
Content-Type: application/json
X-Request-Id: 676426374678102214400

{"error":"not_found","request_id":"","routine":"MIOROUTE"}HTTP/1.1 404 Not Found
Connection: keep-alive
Content-Length: 58
Content-Type: application/json
X-Request-Id: 676426374678112614400

{"error":"not_found","request_id":"","routine":"MIOROUTE"}HTTP/1.1 404 Not Found
Connection: keep-alive
Content-Length: 58
Content-Type: application/json
X-Request-Id: 676426374678123214400

{"error":"not_found","request_id":"","routine":"MIOROUTE"}HTTP/1.1 404 Not Found
Connection: keep-alive
Content-Length: 58
Content-Type: application/json
X-Request-Id: 676426374678133214400

{"error":"not_found","request_id":"","routine":"MIOROUTE"}HTTP/1.1 404 Not Found
Connection: keep-alive
Content-Length: 58
Content-Type: application/json
X-Request-Id: 676426374678143614400

{"error":"not_found","request_id":"","routine":"MIOROUTE"}HTTP/1.1 404 Not Found
Connection: keep-alive
Content-Length: 58
Content-Type: application/json
X-Request-Id: 676426374678154214400

{"error":"not_found","request_id":"","routine":"MIOROUTE"}HTTP/1.1 404 Not Found
Connection: keep-alive
Content-Length: 58
Content-Type: application/json
X-Request-Id: 676426374678164014400

{"error":"not_found","request_id":"","routine":"MIOROUTE"}HTTP/1.1 404 Not Found
Connection: keep-alive
Content-Length: 58
Content-Type: application/json
X-Request-Id: 676426374678174514400

{"error":"not_found","request_id":"","routine":"MIOROUTE"}HTTP/1.1 404 Not Found
Connection: keep-alive
Content-Length: 58
Content-Type: application/json
X-Request-Id: 676426374678184314400

{"error":"not_found","request_id":"","routine":"MIOROUTE"}HTTP/1.1 404 Not Found
Connection: keep-alive
Content-Length: 58
Content-Type: application/json
X-Request-Id: 676426374678194814400

{"error":"not_found","request_id":"","routine":"MIOROUTE"}HTTP/1.1 404 Not Found
Connection: keep-alive
Content-Length: 58
Content-Type: application/json
X-Request-Id: 676426374678204914400

{"error":"not_found","request_id":"","routine":"MIOROUTE"}HTTP/1.1 404 Not Found
Connection: keep-alive
Content-Length: 58
Content-Type: application/json
X-Request-Id: 676426374678216414400

{"error":"not_found","request_id":"","routine":"MIOROUTE"}HTTP/1.1 404 Not Found
Connection: keep-alive
Content-Length: 58
Content-Type: application/json
X-Request-Id: 676426374678226614400

{"error":"not_found","request_id":"","routine":"MIOROUTE"}HTTP/1.1 404 Not Found
Connection: keep-alive
Content-Length: 58
Content-Type: application/json
X-Request-Id: 676426374678237214400

{"error":"not_found","request_id":"","routine":"MIOROUTE"}HTTP/1.1 404 Not Found
Connection: keep-alive
Content-Length: 58
Content-Type: application/json
X-Request-Id: 676426374678246714400

{"error":"not_found","request_id":"","routine":"MIOROUTE"}HTTP/1.1 404 Not Found
Connection: keep-alive
Content-Length: 58
Content-Type: application/json
X-Request-Id: 676426374678257214400

{"error":"not_found","request_id":"","routine":"MIOROUTE"}HTTP/1.1 404 Not Found
Connection: keep-alive
Content-Length: 58
Content-Type: application/json
X-Request-Id: 676426374678269314400

{"error":"not_found","request_id":"","routine":"MIOROUTE"}HTTP/1.1 404 Not Found
Connection: keep-alive
Content-Length: 58
Content-Type: application/json
X-Request-Id: 676426374678282614400

{"error":"not_found","request_id":"","routine":"MIOROUTE"}HTTP/1.1 404 Not Found
Connection: keep-alive
Content-Length: 58
Content-Type: application/json
X-Request-Id: 676426374678293014400

{"error":"not_found","request_id":"","routine":"MIOROUTE"}HTTP/1.1 404 Not Found
Connection: keep-alive
Content-Length: 58
Content-Type: application/json
X-Request-Id: 676426374678303614400

{"error":"not_found","request_id":"","routine":"MIOROUTE"}HTTP/1.1 404 Not Found
Connection: keep-alive
Content-Length: 58
Content-Type: application/json
X-Request-Id: 676426374678321814400

{"error":"not_found","request_id":"","routine":"MIOROUTE"}HTTP/1.1 404 Not Found
Connection: keep-alive
Content-Length: 58
Content-Type: application/json
X-Request-Id: 676426374678331814400

{"error":"not_found","request_id":"","routine":"MIOROUTE"}HTTP/1.1 404 Not Found
Connection: keep-alive
Content-Length: 58
Content-Type: application/json
X-Request-Id: 676426374678342514400

{"error":"not_found","request_id":"","routine":"MIOROUTE"}HTTP/1.1 404 Not Found
Connection: keep-alive
Content-Length: 58
Content-Type: application/json
X-Request-Id: 676426374678353314400

{"error":"not_found","request_id":"","routine":"MIOROUTE"}HTTP/1.1 404 Not Found
Connection: keep-alive
Content-Length: 58
Content-Type: application/json
X-Request-Id: 676426374678364214400

{"error":"not_found","request_id":"","routine":"MIOROUTE"}HTTP/1.1 404 Not Found
Connection: keep-alive
Content-Length: 58
Content-Type: application/json
X-Request-Id: 676426374678374514400

{"error":"not_found","request_id":"","routine":"MIOROUTE"}HTTP/1.1 404 Not Found
Connection: keep-alive
Content-Length: 58
Content-Type: application/json
X-Request-Id: 676426374678385214400

{"error":"not_found","request_id":"","routine":"MIOROUTE"}HTTP/1.1 404 Not Found
Connection: keep-alive
Content-Length: 58
Content-Type: application/json
X-Request-Id: 676426374678398214400

{"error":"not_found","request_id":"","routine":"MIOROUTE"}HTTP/1.1 404 Not Found
Connection: keep-alive
Content-Length: 58
Content-Type: application/json
X-Request-Id: 676426374678409314400

{"error":"not_found","request_id":"","routine":"MIOROUTE"}HTTP/1.1 404 Not Found
Connection: keep-alive
Content-Length: 58
Content-Type: application/json
X-Request-Id: 676426374678435814400

{"error":"not_found","request_id":"","routine":"MIOROUTE"}HTTP/1.1 404 Not Found
Connection: keep-alive
Content-Length: 58
Content-Type: application/json
X-Request-Id: 676426374678461614400

{"error":"not_found","request_id":"","routine":"MIOROUTE"}HTTP/1.1 404 Not Found
Connection: keep-alive
Content-Length: 58
Content-Type: application/json
X-Request-Id: 676426374678514214400

{"error":"not_found","request_id":"","routine":"MIOROUTE"}HTTP/1.1 404 Not Found
Connection: keep-alive
Content-Length: 58
Content-Type: application/json
X-Request-Id: 676426374678535114400

{"error":"not_found","request_id":"","routine":"MIOROUTE"}HTTP/1.1 404 Not Found
Connection: keep-alive
Content-Length: 58
Content-Type: application/json
X-Request-Id: 676426374678553114400

{"error":"not_found","request_id":"","routine":"MIOROUTE"}HTTP/1.1 404 Not Found
Connection: keep-alive
Content-Length: 58
Content-Type: application/json
X-Request-Id: 676426374678569514400

{"error":"not_found","request_id":"","routine":"MIOROUTE"}HTTP/1.1 404 Not Found
Connection: keep-alive
Content-Length: 58
Content-Type: application/json
X-Request-Id: 676426374678585114400

{"error":"not_found","request_id":"","routine":"MIOROUTE"}HTTP/1.1 404 Not Found
Connection: keep-alive
Content-Length: 58
Content-Type: application/json
X-Request-Id: 676426374678599014400

{"error":"not_found","request_id":"","routine":"MIOROUTE"}HTTP/1.1 404 Not Found
Connection: keep-alive
Content-Length: 58
Content-Type: application/json
X-Request-Id: 676426374678616814400

{"error":"not_found","request_id":"","routine":"MIOROUTE"}HTTP/1.1 404 Not Found
Connection: keep-alive
Content-Length: 58
Content-Type: application/json
X-Request-Id: 676426374678633214400

{"error":"not_found","request_id":"","routine":"MIOROUTE"}HTTP/1.1 404 Not Found
Connection: keep-alive
Content-Length: 58
Content-Type: application/json
X-Request-Id: 676426374678646214400

{"error":"not_found","request_id":"","routine":"MIOROUTE"}HTTP/1.1 404 Not Found
Connection: keep-alive
Content-Length: 58
Content-Type: application/json
X-Request-Id: 676426374678664914400

{"error":"not_found","request_id":"","routine":"MIOROUTE"}HTTP/1.1 404 Not Found
Connection: keep-alive
Content-Length: 58
Content-Type: application/json
X-Request-Id: 676426374678690214400

{"error":"not_found","request_id":"","routine":"MIOROUTE"}HTTP/1.1 404 Not Found
Connection: keep-alive
Content-Length: 58
Content-Type: application/json
X-Request-Id: 676426374678706814400

{"error":"not_found","request_id":"","routine":"MIOROUTE"}HTTP/1.1 404 Not Found
Connection: keep-alive
Content-Length: 58
Content-Type: application/json
X-Request-Id: 676426374678720014400

{"error":"not_found","request_id":"","routine":"MIOROUTE"}HTTP/1.1 404 Not Found
Connection: keep-alive
Content-Length: 58
Content-Type: application/json
X-Request-Id: 676426374678735014400

{"error":"not_found","request_id":"","routine":"MIOROUTE"}HTTP/1.1 404 Not Found
Connection: keep-alive
Content-Length: 58
Content-Type: application/json
X-Request-Id: 676426374678750814400

{"error":"not_found","request_id":"","routine":"MIOROUTE"}HTTP/1.1 404 Not Found
Connection: keep-alive
Content-Length: 58
Content-Type: application/json
X-Request-Id: 676426374678767414400

{"error":"not_found","request_id":"","routine":"MIOROUTE"}HTTP/1.1 404 Not Found
Connection: keep-alive
Content-Length: 58
Content-Type: application/json
X-Request-Id: 676426374678782714400

{"error":"not_found","request_id":"","routine":"MIOROUTE"}HTTP/1.1 404 Not Found
Connection: keep-alive
Content-Length: 58
Content-Type: application/json
X-Request-Id: 676426374678802514400

{"error":"not_found","request_id":"","routine":"MIOROUTE"}HTTP/1.1 404 Not Found
Connection: keep-alive
Content-Length: 58
Content-Type: application/json
X-Request-Id: 676426374678817214400

{"error":"not_found","request_id":"","routine":"MIOROUTE"}HTTP/1.1 404 Not Found
Connection: keep-alive
Content-Length: 58
Content-Type: application/json
X-Request-Id: 676426374678832214400

{"error":"not_found","request_id":"","routine":"MIOROUTE"}HTTP/1.1 404 Not Found
Connection: keep-alive
Content-Length: 58
Content-Type: application/json
X-Request-Id: 676426374678847314400

{"error":"not_found","request_id":"","routine":"MIOROUTE"}HTTP/1.1 404 Not Found
Connection: keep-alive
Content-Length: 58
Content-Type: application/json
X-Request-Id: 676426374678874214400

{"error":"not_found","request_id":"","routine":"MIOROUTE"}HTTP/1.1 404 Not Found
Connection: keep-alive
Content-Length: 58
Content-Type: application/json
X-Request-Id: 676426374678890914400

{"error":"not_found","request_id":"","routine":"MIOROUTE"}HTTP/1.1 404 Not Found
Connection: keep-alive
Content-Length: 58
Content-Type: application/json
X-Request-Id: 676426374678907214400

{"error":"not_found","request_id":"","routine":"MIOROUTE"}HTTP/1.1 404 Not Found
Connection: keep-alive
Content-Length: 58
Content-Type: application/json
X-Request-Id: 676426374678922914400

{"error":"not_found","request_id":"","routine":"MIOROUTE"}HTTP/1.1 404 Not Found
Connection: keep-alive
Content-Length: 58
Content-Type: application/json
X-Request-Id: 676426374678938514400

{"error":"not_found","request_id":"","routine":"MIOROUTE"}HTTP/1.1 404 Not Found
Connection: keep-alive
Content-Length: 58
Content-Type: application/json
X-Request-Id: 676426374678954014400

{"error":"not_found","request_id":"","routine":"MIOROUTE"}HTTP/1.1 404 Not Found
Connection: keep-alive
Content-Length: 58
Content-Type: application/json
X-Request-Id: 676426374678973614400

{"error":"not_found","request_id":"","routine":"MIOROUTE"}HTTP/1.1 404 Not Found
Connection: keep-alive
Content-Length: 58
Content-Type: application/json
X-Request-Id: 676426374678991614400

{"error":"not_found","request_id":"","routine":"MIOROUTE"}HTTP/1.1 404 Not Found
Connection: keep-alive
Content-Length: 58
Content-Type: application/json
X-Request-Id: 676426374679003314400

{"error":"not_found","request_id":"","routine":"MIOROUTE"}HTTP/1.1 404 Not Found
Connection: keep-alive
Content-Length: 58
Content-Type: application/json
X-Request-Id: 676426374679014614400

{"error":"not_found","request_id":"","routine":"MIOROUTE"}HTTP/1.1 404 Not Found
Connection: keep-alive
Content-Length: 58
Content-Type: application/json
X-Request-Id: 676426374679027214400

{"error":"not_found","request_id":"","routine":"MIOROUTE"}HTTP/1.1 404 Not Found
Connection: keep-alive
Content-Length: 58
Content-Type: application/json
X-Request-Id: 676426374679042014400

{"error":"not_found","request_id":"","routine":"MIOROUTE"}HTTP/1.1 404 Not Found
Connection: keep-alive
Content-Length: 58
Content-Type: application/json
X-Request-Id: 676426374679056514400

{"error":"not_found","request_id":"","routine":"MIOROUTE"}HTTP/1.1 404 Not Found
Connection: keep-alive
Content-Length: 58
Content-Type: application/json
X-Request-Id: 676426374679072514400

{"error":"not_found","request_id":"","routine":"MIOROUTE"}HTTP/1.1 404 Not Found
Connection: keep-alive
Content-Length: 58
Content-Type: application/json
X-Request-Id: 676426374679089914400

{"error":"not_found","request_id":"","routine":"MIOROUTE"}HTTP/1.1 404 Not Found
Connection: keep-alive
Content-Length: 58
Content-Type: application/json
X-Request-Id: 676426374679129614400

{"error":"not_found","request_id":"","routine":"MIOROUTE"}HTTP/1.1 404 Not Found
Connection: keep-alive
Content-Length: 58
Content-Type: application/json
X-Request-Id: 676426374679161014400

{"error":"not_found","request_id":"","routine":"MIOROUTE"}HTTP/1.1 404 Not Found
Connection: keep-alive
Content-Length: 58
Content-Type: application/json
X-Request-Id: 676426374679179814400

{"error":"not_found","request_id":"","routine":"MIOROUTE"}HTTP/1.1 404 Not Found
Connection: keep-alive
Content-Length: 58
Content-Type: application/json
X-Request-Id: 676426374679199014400

{"error":"not_found","request_id":"","routine":"MIOROUTE"}HTTP/1.1 404 Not Found
Connection: keep-alive
Content-Length: 58
Content-Type: application/json
X-Request-Id: 676426374679215214400

{"error":"not_found","request_id":"","routine":"MIOROUTE"}HTTP/1.1 404 Not Found
Connection: keep-alive
Content-Length: 58
Content-Type: application/json
X-Request-Id: 676426374679231514400

{"error":"not_found","request_id":"","routine":"MIOROUTE"}HTTP/1.1 404 Not Found
Connection: keep-alive
Content-Length: 58
Content-Type: application/json
X-Request-Id: 676426374679252414400

{"error":"not_found","request_id":"","routine":"MIOROUTE"}HTTP/1.1 404 Not Found
Connection: keep-alive
Content-Length: 58
Content-Type: application/json
X-Request-Id: 676426374679270414400

{"error":"not_found","request_id":"","routine":"MIOROUTE"}HTTP/1.1 404 Not Found
Connection: keep-alive
Content-Length: 58
Content-Type: application/json
X-Request-Id: 676426374679285514400

{"error":"not_found","request_id":"","routine":"MIOROUTE"}HTTP/1.1 404 Not Found
Connection: keep-alive
Content-Length: 58
Content-Type: application/json
X-Request-Id: 676426374679297314400

{"error":"not_found","request_id":"","routine":"MIOROUTE"}HTTP/1.1 404 Not Found
Connection: keep-alive
Content-Length: 58
Content-Type: application/json
X-Request-Id: 676426374679310914400

{"error":"not_found","request_id":"","routine":"MIOROUTE"}HTTP/1.1 404 Not Found
Connection: keep-alive
Content-Length: 58
Content-Type: application/json
X-Request-Id: 676426374679322014400

{"error":"not_found","request_id":"","routine":"MIOROUTE"}HTTP/1.1 404 Not Found
Connection: keep-alive
Content-Length: 58
Content-Type: application/json
X-Request-Id: 676426374679333414400

{"error":"not_found","request_id":"","routine":"MIOROUTE"}HTTP/1.1 404 Not Found
Connection: keep-alive
Content-Length: 58
Content-Type: application/json
X-Request-Id: 676426374679345014400

{"error":"not_found","request_id":"","routine":"MIOROUTE"}HTTP/1.1 404 Not Found
Connection: keep-alive
Content-Length: 58
Content-Type: application/json
X-Request-Id: 676426374679356514400

{"error":"not_found","request_id":"","routine":"MIOROUTE"}HTTP/1.1 404 Not Found
Connection: keep-alive
Content-Length: 58
Content-Type: application/json
X-Request-Id: 676426374679367914400

{"error":"not_found","request_id":"","routine":"MIOROUTE"}HTTP/1.1 404 Not Found
Connection: keep-alive
Content-Length: 58
Content-Type: application/json
X-Request-Id: 676426374679379214400

{"error":"not_found","request_id":"","routine":"MIOROUTE"}HTTP/1.1 404 Not Found
Connection: keep-alive
Content-Length: 58
Content-Type: application/json
X-Request-Id: 676426374679390514400

{"error":"not_found","request_id":"","routine":"MIOROUTE"}HTTP/1.1 404 Not Found
Connection: keep-alive
Content-Length: 58
Content-Type: application/json
X-Request-Id: 676426374679413114400

{"error":"not_found","request_id":"","routine":"MIOROUTE"}HTTP/1.1 404 Not Found
Connection: keep-alive
Content-Length: 58
Content-Type: application/json
X-Request-Id: 676426374679423914400

{"error":"not_found","request_id":"","routine":"MIOROUTE"}HTTP/1.1 404 Not Found
Connection: keep-alive
Content-Length: 58
Content-Type: application/json
X-Request-Id: 676426374679435314400

{"error":"not_found","request_id":"","routine":"MIOROUTE"}HTTP/1.1 404 Not Found
Connection: keep-alive
Content-Length: 58
Content-Type: application/json
X-Request-Id: 676426374679446714400

{"error":"not_found","request_id":"","routine":"MIOROUTE"}HTTP/1.1 404 Not Found
Connection: keep-alive
Content-Length: 58
Content-Type: application/json
X-Request-Id: 676426374679458114400

{"error":"not_found","request_id":"","routine":"MIOROUTE"}HTTP/1.1 404 Not Found
Connection: keep-alive
Content-Length: 58
Content-Type: application/json
X-Request-Id: 676426374679469414400

{"error":"not_found","request_id":"","routine":"MIOROUTE"}HTTP/1.1 404 Not Found
Connection: keep-alive
Content-Length: 58
Content-Type: application/json
X-Request-Id: 676426374679480814400

{"error":"not_found","request_id":"","routine":"MIOROUTE"}HTTP/1.1 404 Not Found
Connection: keep-alive
Content-Length: 58
Content-Type: application/json
X-Request-Id: 676426374679492014400

{"error":"not_found","request_id":"","routine":"MIOROUTE"}HTTP/1.1 404 Not Found
Connection: keep-alive
Content-Length: 58
Content-Type: application/json
X-Request-Id: 676426374679503114400

{"error":"not_found","request_id":"","routine":"MIOROUTE"}HTTP/1.1 404 Not Found
Connection: keep-alive
Content-Length: 58
Content-Type: application/json
X-Request-Id: 676426374679515714400

{"error":"not_found","request_id":"","routine":"MIOROUTE"}HTTP/1.1 404 Not Found
Connection: keep-alive
Content-Length: 58
Content-Type: application/json
X-Request-Id: 676426374679527114400

{"error":"not_found","request_id":"","routine":"MIOROUTE"}HTTP/1.1 404 Not Found
Connection: keep-alive
Content-Length: 58
Content-Type: application/json
X-Request-Id: 676426374679538114400

{"error":"not_found","request_id":"","routine":"MIOROUTE"}HTTP/1.1 404 Not Found
Connection: keep-alive
Content-Length: 58
Content-Type: application/json
X-Request-Id: 676426374679549214400

{"error":"not_found","request_id":"","routine":"MIOROUTE"}HTTP/1.1 404 Not Found
Connection: keep-alive
Content-Length: 58
Content-Type: application/json
X-Request-Id: 676426374679561014400

{"error":"not_found","request_id":"","routine":"MIOROUTE"}HTTP/1.1 404 Not Found
Connection: keep-alive
Content-Length: 58
Content-Type: application/json
X-Request-Id: 676426374679572114400

{"error":"not_found","request_id":"","routine":"MIOROUTE"}HTTP/1.1 404 Not Found
Connection: keep-alive
Content-Length: 58
Content-Type: application/json
X-Request-Id: 676426374679583214400

{"error":"not_found","request_id":"","routine":"MIOROUTE"}HTTP/1.1 404 Not Found
Connection: keep-alive
Content-Length: 58
Content-Type: application/json
X-Request-Id: 676426374679598014400

{"error":"not_found","request_id":"","routine":"MIOROUTE"}HTTP/1.1 404 Not Found
Connection: keep-alive
Content-Length: 58
Content-Type: application/json
X-Request-Id: 676426374679610414400

{"error":"not_found","request_id":"","routine":"MIOROUTE"}HTTP/1.1 404 Not Found
Connection: keep-alive
Content-Length: 58
Content-Type: application/json
X-Request-Id: 676426374679621414400

{"error":"not_found","request_id":"","routine":"MIOROUTE"}HTTP/1.1 404 Not Found
Connection: keep-alive
Content-Length: 58
Content-Type: application/json
X-Request-Id: 676426374679632414400

{"error":"not_found","request_id":"","routine":"MIOROUTE"}HTTP/1.1 404 Not Found
Connection: keep-alive
Content-Length: 58
Content-Type: application/json
X-Request-Id: 676426374679643514400

{"error":"not_found","request_id":"","routine":"MIOROUTE"}HTTP/1.1 404 Not Found
Connection: keep-alive
Content-Length: 58
Content-Type: application/json
X-Request-Id: 676426374679654614400

{"error":"not_found","request_id":"","routine":"MIOROUTE"}HTTP/1.1 404 Not Found
Connection: keep-alive
Content-Length: 58
Content-Type: application/json
X-Request-Id: 676426374679665514400

{"error":"not_found","request_id":"","routine":"MIOROUTE"}HTTP/1.1 404 Not Found
Connection: keep-alive
Content-Length: 58
Content-Type: application/json
X-Request-Id: 676426374679676414400

{"error":"not_found","request_id":"","routine":"MIOROUTE"}HTTP/1.1 404 Not Found
Connection: keep-alive
Content-Length: 58
Content-Type: application/json
X-Request-Id: 676426374679687314400

{"error":"not_found","request_id":"","routine":"MIOROUTE"}HTTP/1.1 404 Not Found
Connection: keep-alive
Content-Length: 58
Content-Type: application/json
X-Request-Id: 676426374679698314400

{"error":"not_found","request_id":"","routine":"MIOROUTE"}HTTP/1.1 404 Not Found
Connection: keep-alive
Content-Length: 58
Content-Type: application/json
X-Request-Id: 676426374679709314400

{"error":"not_found","request_id":"","routine":"MIOROUTE"}HTTP/1.1 404 Not Found
Connection: keep-alive
Content-Length: 58
Content-Type: application/json
X-Request-Id: 676426374679720214400

{"error":"not_found","request_id":"","routine":"MIOROUTE"}HTTP/1.1 404 Not Found
Connection: keep-alive
Content-Length: 58
Content-Type: application/json
X-Request-Id: 676426374679731214400

{"error":"not_found","request_id":"","routine":"MIOROUTE"}HTTP/1.1 404 Not Found
Connection: keep-alive
Content-Length: 58
Content-Type: application/json
X-Request-Id: 676426374679743214400

{"error":"not_found","request_id":"","routine":"MIOROUTE"}HTTP/1.1 404 Not Found
Connection: keep-alive
Content-Length: 58
Content-Type: application/json
X-Request-Id: 676426374679754114400

{"error":"not_found","request_id":"","routine":"MIOROUTE"}HTTP/1.1 404 Not Found
Connection: keep-alive
Content-Length: 58
Content-Type: application/json
X-Request-Id: 676426374679765214400

{"error":"not_found","request_id":"","routine":"MIOROUTE"}HTTP/1.1 404 Not Found
Connection: keep-alive
Content-Length: 58
Content-Type: application/json
X-Request-Id: 676426374679784914400

{"error":"not_found","request_id":"","routine":"MIOROUTE"}HTTP/1.1 404 Not Found
Connection: keep-alive
Content-Length: 58
Content-Type: application/json
X-Request-Id: 676426374679795514400

{"error":"not_found","request_id":"","routine":"MIOROUTE"}HTTP/1.1 404 Not Found
Connection: keep-alive
Content-Length: 58
Content-Type: application/json
X-Request-Id: 676426374679806714400

{"error":"not_found","request_id":"","routine":"MIOROUTE"}HTTP/1.1 404 Not Found
Connection: keep-alive
Content-Length: 58
Content-Type: application/json
X-Request-Id: 676426374679817914400

{"error":"not_found","request_id":"","routine":"MIOROUTE"}HTTP/1.1 404 Not Found
Connection: keep-alive
Content-Length: 58
Content-Type: application/json
X-Request-Id: 676426374679828814400

{"error":"not_found","request_id":"","routine":"MIOROUTE"}HTTP/1.1 404 Not Found
Connection: keep-alive
Content-Length: 58
Content-Type: application/json
X-Request-Id: 676426374679840014400

{"error":"not_found","request_id":"","routine":"MIOROUTE"}HTTP/1.1 404 Not Found
Connection: keep-alive
Content-Length: 58
Content-Type: application/json
X-Request-Id: 676426374679850914400

{"error":"not_found","request_id":"","routine":"MIOROUTE"}HTTP/1.1 404 Not Found
Connection: keep-alive
Content-Length: 58
Content-Type: application/json
X-Request-Id: 676426374679862014400

{"error":"not_found","request_id":"","routine":"MIOROUTE"}HTTP/1.1 404 Not Found
Connection: keep-alive
Content-Length: 58
Content-Type: application/json
X-Request-Id: 676426374679873214400

{"error":"not_found","request_id":"","routine":"MIOROUTE"}HTTP/1.1 404 Not Found
Connection: keep-alive
Content-Length: 58
Content-Type: application/json
X-Request-Id: 676426374679883814400

{"error":"not_found","request_id":"","routine":"MIOROUTE"}HTTP/1.1 404 Not Found
Connection: keep-alive
Content-Length: 58
Content-Type: application/json
X-Request-Id: 676426374679894514400

{"error":"not_found","request_id":"","routine":"MIOROUTE"}HTTP/1.1 404 Not Found
Connection: keep-alive
Content-Length: 58
Content-Type: application/json
X-Request-Id: 676426374679905114400

{"error":"not_found","request_id":"","routine":"MIOROUTE"}HTTP/1.1 404 Not Found
Connection: keep-alive
Content-Length: 58
Content-Type: application/json
X-Request-Id: 676426374679916514400

{"error":"not_found","request_id":"","routine":"MIOROUTE"}HTTP/1.1 404 Not Found
Connection: keep-alive
Content-Length: 58
Content-Type: application/json
X-Request-Id: 676426374679930814400

{"error":"not_found","request_id":"","routine":"MIOROUTE"}HTTP/1.1 404 Not Found
Connection: keep-alive
Content-Length: 58
Content-Type: application/json
X-Request-Id: 676426374679966314400

{"error":"not_found","request_id":"","routine":"MIOROUTE"}HTTP/1.1 404 Not Found
Connection: keep-alive
Content-Length: 58
Content-Type: application/json
X-Request-Id: 676426374680128214400

{"error":"not_found","request_id":"","routine":"MIOROUTE"}HTTP/1.1 404 Not Found
Connection: keep-alive
Content-Length: 58
Content-Type: application/json
X-Request-Id: 676426374680140514400

{"error":"not_found","request_id":"","routine":"MIOROUTE"}HTTP/1.1 404 Not Found
Connection: keep-alive
Content-Length: 58
Content-Type: application/json
X-Request-Id: 676426374680153214400

{"error":"not_found","request_id":"","routine":"MIOROUTE"}HTTP/1.1 404 Not Found
Connection: keep-alive
Content-Length: 58
Content-Type: application/json
X-Request-Id: 676426374680166714400

{"error":"not_found","request_id":"","routine":"MIOROUTE"}HTTP/1.1 404 Not Found
Connection: keep-alive
Content-Length: 58
Content-Type: application/json
X-Request-Id: 676426374680178414400

{"error":"not_found","request_id":"","routine":"MIOROUTE"}HTTP/1.1 404 Not Found
Connection: keep-alive
Content-Length: 58
Content-Type: application/json
X-Request-Id: 676426374680192914400

{"error":"not_found","request_id":"","routine":"MIOROUTE"}HTTP/1.1 404 Not Found
Connection: keep-alive
Content-Length: 58
Content-Type: application/json
X-Request-Id: 676426374680204014400

{"error":"not_found","request_id":"","routine":"MIOROUTE"}HTTP/1.1 404 Not Found
Connection: keep-alive
Content-Length: 58
Content-Type: application/json
X-Request-Id: 676426374680216614400

{"error":"not_found","request_id":"","routine":"MIOROUTE"}HTTP/1.1 404 Not Found
Connection: keep-alive
Content-Length: 58
Content-Type: application/json
X-Request-Id: 676426374680227614400

{"error":"not_found","request_id":"","routine":"MIOROUTE"}HTTP/1.1 404 Not Found
Connection: keep-alive
Content-Length: 58
Content-Type: application/json
X-Request-Id: 676426374680239314400

{"error":"not_found","request_id":"","routine":"MIOROUTE"}HTTP/1.1 404 Not Found
Connection: keep-alive
Content-Length: 58
Content-Type: application/json
X-Request-Id: 676426374680250214400

{"error":"not_found","request_id":"","routine":"MIOROUTE"}HTTP/1.1 404 Not Found
Connection: keep-alive
Content-Length: 58
Content-Type: application/json
X-Request-Id: 676426374680261214400

{"error":"not_found","request_id":"","routine":"MIOROUTE"}HTTP/1.1 404 Not Found
Connection: keep-alive
Content-Length: 58
Content-Type: application/json
X-Request-Id: 676426374680272514400

{"error":"not_found","request_id":"","routine":"MIOROUTE"}HTTP/1.1 404 Not Found
Connection: keep-alive
Content-Length: 58
Content-Type: application/json
X-Request-Id: 676426374680284014400

{"error":"not_found","request_id":"","routine":"MIOROUTE"}HTTP/1.1 404 Not Found
Connection: keep-alive
Content-Length: 58
Content-Type: application/json
X-Request-Id: 676426374680293914400

{"error":"not_found","request_id":"","routine":"MIOROUTE"}HTTP/1.1 404 Not Found
Connection: keep-alive
Content-Length: 58
Content-Type: application/json
X-Request-Id: 676426374680304814400

{"error":"not_found","request_id":"","routine":"MIOROUTE"}HTTP/1.1 404 Not Found
Connection: keep-alive
Content-Length: 58
Content-Type: application/json
X-Request-Id: 676426374680315814400

{"error":"not_found","request_id":"","routine":"MIOROUTE"}HTTP/1.1 404 Not Found
Connection: keep-alive
Content-Length: 58
Content-Type: application/json
X-Request-Id: 676426374680336414400

{"error":"not_found","request_id":"","routine":"MIOROUTE"}HTTP/1.1 404 Not Found
Connection: keep-alive
Content-Length: 58
Content-Type: application/json
X-Request-Id: 676426374680347114400

{"error":"not_found","request_id":"","routine":"MIOROUTE"}HTTP/1.1 404 Not Found
Connection: keep-alive
Content-Length: 58
Content-Type: application/json
X-Request-Id: 676426374680358114400

{"error":"not_found","request_id":"","routine":"MIOROUTE"}HTTP/1.1 404 Not Found
Connection: keep-alive
Content-Length: 58
Content-Type: application/json
X-Request-Id: 676426374680369014400

{"error":"not_found","request_id":"","routine":"MIOROUTE"}HTTP/1.1 404 Not Found
Connection: keep-alive
Content-Length: 58
Content-Type: application/json
X-Request-Id: 676426374680381614400

{"error":"not_found","request_id":"","routine":"MIOROUTE"}HTTP/1.1 404 Not Found
Connection: keep-alive
Content-Length: 58
Content-Type: application/json
X-Request-Id: 676426374680394314400

{"error":"not_found","request_id":"","routine":"MIOROUTE"}HTTP/1.1 404 Not Found
Connection: keep-alive
Content-Length: 58
Content-Type: application/json
X-Request-Id: 676426374680404914400

{"error":"not_found","request_id":"","routine":"MIOROUTE"}HTTP/1.1 404 Not Found
Connection: keep-alive
Content-Length: 58
Content-Type: application/json
X-Request-Id: 676426374680417414400

{"error":"not_found","request_id":"","routine":"MIOROUTE"}HTTP/1.1 404 Not Found
Connection: keep-alive
Content-Length: 58
Content-Type: application/json
X-Request-Id: 676426374680428214400

{"error":"not_found","request_id":"","routine":"MIOROUTE"}HTTP/1.1 404 Not Found
Connection: keep-alive
Content-Length: 58
Content-Type: application/json
X-Request-Id: 676426374680439014400

{"error":"not_found","request_id":"","routine":"MIOROUTE"}HTTP/1.1 404 Not Found
Connection: keep-alive
Content-Length: 58
Content-Type: application/json
X-Request-Id: 676426374680446014400

{"error":"not_found","request_id":"","routine":"MIOROUTE"}HTTP/1.1 404 Not Found
Connection: keep-alive
Content-Length: 58
Content-Type: application/json
X-Request-Id: 676426374680456514400

{"error":"not_found","request_id":"","routine":"MIOROUTE"}HTTP/1.1 404 Not Found
Connection: keep-alive
Content-Length: 58
Content-Type: application/json
X-Request-Id: 676426374680467714400

{"error":"not_found","request_id":"","routine":"MIOROUTE"}HTTP/1.1 404 Not Found
Connection: keep-alive
Content-Length: 58
Content-Type: application/json
X-Request-Id: 676426374680478314400

{"error":"not_found","request_id":"","routine":"MIOROUTE"}HTTP/1.1 404 Not Found
Connection: keep-alive
Content-Length: 58
Content-Type: application/json
X-Request-Id: 676426374680487314400

{"error":"not_found","request_id":"","routine":"MIOROUTE"}HTTP/1.1 404 Not Found
Connection: keep-alive
Content-Length: 58
Content-Type: application/json
X-Request-Id: 676426374680497914400

{"error":"not_found","request_id":"","routine":"MIOROUTE"}HTTP/1.1 404 Not Found
Connection: keep-alive
Content-Length: 58
Content-Type: application/json
X-Request-Id: 676426374680507014400

{"error":"not_found","request_id":"","routine":"MIOROUTE"}HTTP/1.1 404 Not Found
Connection: keep-alive
Content-Length: 58
Content-Type: application/json
X-Request-Id: 676426374680517614400

{"error":"not_found","request_id":"","routine":"MIOROUTE"}HTTP/1.1 404 Not Found
Connection: keep-alive
Content-Length: 58
Content-Type: application/json
X-Request-Id: 676426374680528414400

{"error":"not_found","request_id":"","routine":"MIOROUTE"}HTTP/1.1 404 Not Found
Connection: keep-alive
Content-Length: 58
Content-Type: application/json
X-Request-Id: 676426374680540214400

{"error":"not_found","request_id":"","routine":"MIOROUTE"}HTTP/1.1 404 Not Found
Connection: keep-alive
Content-Length: 58
Content-Type: application/json
X-Request-Id: 676426374680549814400

{"error":"not_found","request_id":"","routine":"MIOROUTE"}HTTP/1.1 404 Not Found
Connection: keep-alive
Content-Length: 58
Content-Type: application/json
X-Request-Id: 676426374680561614400

{"error":"not_found","request_id":"","routine":"MIOROUTE"}HTTP/1.1 404 Not Found
Connection: keep-alive
Content-Length: 58
Content-Type: application/json
X-Request-Id: 676426374680570514400

{"error":"not_found","request_id":"","routine":"MIOROUTE"}HTTP/1.1 404 Not Found
Connection: keep-alive
Content-Length: 58
Content-Type: application/json
X-Request-Id: 676426374680581214400

{"error":"not_found","request_id":"","routine":"MIOROUTE"}HTTP/1.1 404 Not Found
Connection: keep-alive
Content-Length: 58
Content-Type: application/json
X-Request-Id: 676426374680591614400

{"error":"not_found","request_id":"","routine":"MIOROUTE"}HTTP/1.1 404 Not Found
Connection: keep-alive
Content-Length: 58
Content-Type: application/json
X-Request-Id: 676426374680601414400

{"error":"not_found","request_id":"","routine":"MIOROUTE"}HTTP/1.1 404 Not Found
Connection: keep-alive
Content-Length: 58
Content-Type: application/json
X-Request-Id: 676426374680612114400

{"error":"not_found","request_id":"","routine":"MIOROUTE"}HTTP/1.1 404 Not Found
Connection: keep-alive
Content-Length: 58
Content-Type: application/json
X-Request-Id: 676426374680622714400

{"error":"not_found","request_id":"","routine":"MIOROUTE"}HTTP/1.1 404 Not Found
Connection: keep-alive
Content-Length: 58
Content-Type: application/json
X-Request-Id: 676426374680633214400

{"error":"not_found","request_id":"","routine":"MIOROUTE"}HTTP/1.1 404 Not Found
Connection: keep-alive
Content-Length: 58
Content-Type: application/json
X-Request-Id: 676426374680645014400

{"error":"not_found","request_id":"","routine":"MIOROUTE"}HTTP/1.1 404 Not Found
Connection: keep-alive
Content-Length: 58
Content-Type: application/json
X-Request-Id: 676426374680655714400

{"error":"not_found","request_id":"","routine":"MIOROUTE"}HTTP/1.1 404 Not Found
Connection: keep-alive
Content-Length: 58
Content-Type: application/json
X-Request-Id: 676426374680666314400

{"error":"not_found","request_id":"","routine":"MIOROUTE"}HTTP/1.1 404 Not Found
Connection: keep-alive
Content-Length: 58
Content-Type: application/json
X-Request-Id: 676426374680675914400

{"error":"not_found","request_id":"","routine":"MIOROUTE"}HTTP/1.1 404 Not Found
Connection: keep-alive
Content-Length: 58
Content-Type: application/json
X-Request-Id: 676426374680695214400

{"error":"not_found","request_id":"","routine":"MIOROUTE"}HTTP/1.1 404 Not Found
Connection: keep-alive
Content-Length: 58
Content-Type: application/json
X-Request-Id: 676426374680705314400

{"error":"not_found","request_id":"","routine":"MIOROUTE"}HTTP/1.1 404 Not Found
Connection: keep-alive
Content-Length: 58
Content-Type: application/json
X-Request-Id: 676426374680716114400

{"error":"not_found","request_id":"","routine":"MIOROUTE"}HTTP/1.1 404 Not Found
Connection: keep-alive
Content-Length: 58
Content-Type: application/json
X-Request-Id: 676426374680726814400

{"error":"not_found","request_id":"","routine":"MIOROUTE"}HTTP/1.1 404 Not Found
Connection: keep-alive
Content-Length: 58
Content-Type: application/json
X-Request-Id: 676426374680737814400

{"error":"not_found","request_id":"","routine":"MIOROUTE"}HTTP/1.1 404 Not Found
Connection: keep-alive
Content-Length: 58
Content-Type: application/json
X-Request-Id: 676426374680748514400

{"error":"not_found","request_id":"","routine":"MIOROUTE"}HTTP/1.1 404 Not Found
Connection: keep-alive
Content-Length: 58
Content-Type: application/json
X-Request-Id: 676426374680758514400

{"error":"not_found","request_id":"","routine":"MIOROUTE"}HTTP/1.1 404 Not Found
Connection: keep-alive
Content-Length: 58
Content-Type: application/json
X-Request-Id: 676426374680768914400

{"error":"not_found","request_id":"","routine":"MIOROUTE"}HTTP/1.1 404 Not Found
Connection: keep-alive
Content-Length: 58
Content-Type: application/json
X-Request-Id: 676426374680779714400

{"error":"not_found","request_id":"","routine":"MIOROUTE"}HTTP/1.1 404 Not Found
Connection: keep-alive
Content-Length: 58
Content-Type: application/json
X-Request-Id: 676426374680790814400

{"error":"not_found","request_id":"","routine":"MIOROUTE"}HTTP/1.1 404 Not Found
Connection: keep-alive
Content-Length: 58
Content-Type: application/json
X-Request-Id: 676426374680802014400

{"error":"not_found","request_id":"","routine":"MIOROUTE"}HTTP/1.1 404 Not Found
Connection: keep-alive
Content-Length: 58
Content-Type: application/json
X-Request-Id: 676426374680814814400

{"error":"not_found","request_id":"","routine":"MIOROUTE"}HTTP/1.1 404 Not Found
Connection: keep-alive
Content-Length: 58
Content-Type: application/json
X-Request-Id: 676426374680828714400

{"error":"not_found","request_id":"","routine":"MIOROUTE"}HTTP/1.1 404 Not Found
Connection: keep-alive
Content-Length: 58
Content-Type: application/json
X-Request-Id: 676426374680840714400

{"error":"not_found","request_id":"","routine":"MIOROUTE"}HTTP/1.1 404 Not Found
Connection: keep-alive
Content-Length: 58
Content-Type: application/json
X-Request-Id: 676426374680851314400

{"error":"not_found","request_id":"","routine":"MIOROUTE"}HTTP/1.1 404 Not Found
Connection: keep-alive
Content-Length: 58
Content-Type: application/json
X-Request-Id: 676426374680862714400

{"error":"not_found","request_id":"","routine":"MIOROUTE"}HTTP/1.1 404 Not Found
Connection: keep-alive
Content-Length: 58
Content-Type: application/json
X-Request-Id: 676426374680874114400

{"error":"not_found","request_id":"","routine":"MIOROUTE"}HTTP/1.1 404 Not Found
Connection: keep-alive
Content-Length: 58
Content-Type: application/json
X-Request-Id: 676426374680884814400

{"error":"not_found","request_id":"","routine":"MIOROUTE"}HTTP/1.1 404 Not Found
Connection: keep-alive
Content-Length: 58
Content-Type: application/json
X-Request-Id: 676426374680894414400

{"error":"not_found","request_id":"","routine":"MIOROUTE"}HTTP/1.1 404 Not Found
Connection: keep-alive
Content-Length: 58
Content-Type: application/json
X-Request-Id: 676426374680905214400

{"error":"not_found","request_id":"","routine":"MIOROUTE"}HTTP/1.1 404 Not Found
Connection: keep-alive
Content-Length: 58
Content-Type: application/json
X-Request-Id: 676426374680918914400

{"error":"not_found","request_id":"","routine":"MIOROUTE"}HTTP/1.1 404 Not Found
Connection: keep-alive
Content-Length: 58
Content-Type: application/json
X-Request-Id: 676426374680928514400

{"error":"not_found","request_id":"","routine":"MIOROUTE"}HTTP/1.1 404 Not Found
Connection: keep-alive
Content-Length: 58
Content-Type: application/json
X-Request-Id: 676426374680939114400

{"error":"not_found","request_id":"","routine":"MIOROUTE"}HTTP/1.1 404 Not Found
Connection: keep-alive
Content-Length: 58
Content-Type: application/json
X-Request-Id: 676426374680949514400

{"error":"not_found","request_id":"","routine":"MIOROUTE"}HTTP/1.1 404 Not Found
Connection: keep-alive
Content-Length: 58
Content-Type: application/json
X-Request-Id: 676426374680959214400

{"error":"not_found","request_id":"","routine":"MIOROUTE"}HTTP/1.1 404 Not Found
Connection: keep-alive
Content-Length: 58
Content-Type: application/json
X-Request-Id: 676426374680969714400

{"error":"not_found","request_id":"","routine":"MIOROUTE"}HTTP/1.1 404 Not Found
Connection: keep-alive
Content-Length: 58
Content-Type: application/json
X-Request-Id: 676426374680980114400

{"error":"not_found","request_id":"","routine":"MIOROUTE"}HTTP/1.1 404 Not Found
Connection: keep-alive
Content-Length: 58
Content-Type: application/json
X-Request-Id: 676426374680989714400

{"error":"not_found","request_id":"","routine":"MIOROUTE"}HTTP/1.1 404 Not Found
Connection: keep-alive
Content-Length: 58
Content-Type: application/json
X-Request-Id: 676426374681001614400

{"error":"not_found","request_id":"","routine":"MIOROUTE"}HTTP/1.1 404 Not Found
Connection: keep-alive
Content-Length: 58
Content-Type: application/json
X-Request-Id: 676426374681010814400

{"error":"not_found","request_id":"","routine":"MIOROUTE"}HTTP/1.1 404 Not Found
Connection: keep-alive
Content-Length: 58
Content-Type: application/json
X-Request-Id: 676426374681022514400

{"error":"not_found","request_id":"","routine":"MIOROUTE"}HTTP/1.1 404 Not Found
Connection: keep-alive
Content-Length: 58
Content-Type: application/json
X-Request-Id: 676426374681033514400

{"error":"not_found","request_id":"","routine":"MIOROUTE"}HTTP/1.1 404 Not Found
Connection: keep-alive
Content-Length: 58
Content-Type: application/json
X-Request-Id: 676426374681053114400

{"error":"not_found","request_id":"","routine":"MIOROUTE"}HTTP/1.1 404 Not Found
Connection: keep-alive
Content-Length: 58
Content-Type: application/json
X-Request-Id: 676426374681063614400

{"error":"not_found","request_id":"","routine":"MIOROUTE"}HTTP/1.1 404 Not Found
Connection: keep-alive
Content-Length: 58
Content-Type: application/json
X-Request-Id: 676426374681074414400

{"error":"not_found","request_id":"","routine":"MIOROUTE"}HTTP/1.1 404 Not Found
Connection: keep-alive
Content-Length: 58
Content-Type: application/json
X-Request-Id: 676426374681085114400

{"error":"not_found","request_id":"","routine":"MIOROUTE"}HTTP/1.1 404 Not Found
Connection: keep-alive
Content-Length: 58
Content-Type: application/json
X-Request-Id: 676426374681097314400

{"error":"not_found","request_id":"","routine":"MIOROUTE"}HTTP/1.1 404 Not Found
Connection: keep-alive
Content-Length: 58
Content-Type: application/json
X-Request-Id: 676426374681107214400

{"error":"not_found","request_id":"","routine":"MIOROUTE"}HTTP/1.1 404 Not Found
Connection: keep-alive
Content-Length: 58
Content-Type: application/json
X-Request-Id: 676426374681117914400

{"error":"not_found","request_id":"","routine":"MIOROUTE"}HTTP/1.1 404 Not Found
Connection: keep-alive
Content-Length: 58
Content-Type: application/json
X-Request-Id: 676426374681128614400

{"error":"not_found","request_id":"","routine":"MIOROUTE"}HTTP/1.1 404 Not Found
Connection: keep-alive
Content-Length: 58
Content-Type: application/json
X-Request-Id: 676426374681139114400

{"error":"not_found","request_id":"","routine":"MIOROUTE"}HTTP/1.1 404 Not Found
Connection: keep-alive
Content-Length: 58
Content-Type: application/json
X-Request-Id: 676426374681148814400

{"error":"not_found","request_id":"","routine":"MIOROUTE"}HTTP/1.1 404 Not Found
Connection: keep-alive
Content-Length: 58
Content-Type: application/json
X-Request-Id: 676426374681159814400

{"error":"not_found","request_id":"","routine":"MIOROUTE"}HTTP/1.1 404 Not Found
Connection: keep-alive
Content-Length: 58
Content-Type: application/json
X-Request-Id: 676426374681169514400

{"error":"not_found","request_id":"","routine":"MIOROUTE"}HTTP/1.1 404 Not Found
Connection: keep-alive
Content-Length: 58
Content-Type: application/json
X-Request-Id: 676426374681181314400

{"error":"not_found","request_id":"","routine":"MIOROUTE"}HTTP/1.1 404 Not Found
Connection: keep-alive
Content-Length: 58
Content-Type: application/json
X-Request-Id: 676426374681193814400

{"error":"not_found","request_id":"","routine":"MIOROUTE"}HTTP/1.1 404 Not Found
Connection: keep-alive
Content-Length: 58
Content-Type: application/json
X-Request-Id: 676426374681204014400

{"error":"not_found","request_id":"","routine":"MIOROUTE"}HTTP/1.1 404 Not Found
Connection: keep-alive
Content-Length: 58
Content-Type: application/json
X-Request-Id: 676426374681214614400

{"error":"not_found","request_id":"","routine":"MIOROUTE"}HTTP/1.1 404 Not Found
Connection: keep-alive
Content-Length: 58
Content-Type: application/json
X-Request-Id: 676426374681225014400

{"error":"not_found","request_id":"","routine":"MIOROUTE"}HTTP/1.1 404 Not Found
Connection: keep-alive
Content-Length: 58
Content-Type: application/json
X-Request-Id: 676426374681234614400

{"error":"not_found","request_id":"","routine":"MIOROUTE"}HTTP/1.1 404 Not Found
Connection: keep-alive
Content-Length: 58
Content-Type: application/json
X-Request-Id: 676426374681245214400

{"error":"not_found","request_id":"","routine":"MIOROUTE"}HTTP/1.1 404 Not Found
Connection: keep-alive
Content-Length: 58
Content-Type: application/json
X-Request-Id: 676426374681254114400

{"error":"not_found","request_id":"","routine":"MIOROUTE"}HTTP/1.1 404 Not Found
Connection: keep-alive
Content-Length: 58
Content-Type: application/json
X-Request-Id: 676426374681264714400

{"error":"not_found","request_id":"","routine":"MIOROUTE"}HTTP/1.1 404 Not Found
Connection: keep-alive
Content-Length: 58
Content-Type: application/json
X-Request-Id: 676426374681275414400

{"error":"not_found","request_id":"","routine":"MIOROUTE"}HTTP/1.1 404 Not Found
Connection: keep-alive
Content-Length: 58
Content-Type: application/json
X-Request-Id: 676426374681285714400

{"error":"not_found","request_id":"","routine":"MIOROUTE"}HTTP/1.1 404 Not Found
Connection: keep-alive
Content-Length: 58
Content-Type: application/json
X-Request-Id: 676426374681296414400

{"error":"not_found","request_id":"","routine":"MIOROUTE"}HTTP/1.1 404 Not Found
Connection: keep-alive
Content-Length: 58
Content-Type: application/json
X-Request-Id: 676426374681305314400

{"error":"not_found","request_id":"","routine":"MIOROUTE"}HTTP/1.1 404 Not Found
Connection: keep-alive
Content-Length: 58
Content-Type: application/json
X-Request-Id: 676426374681316814400

{"error":"not_found","request_id":"","routine":"MIOROUTE"}HTTP/1.1 404 Not Found
Connection: keep-alive
Content-Length: 58
Content-Type: application/json
X-Request-Id: 676426374681327214400

{"error":"not_found","request_id":"","routine":"MIOROUTE"}HTTP/1.1 404 Not Found
Connection: keep-alive
Content-Length: 58
Content-Type: application/json
X-Request-Id: 676426374681337914400

{"error":"not_found","request_id":"","routine":"MIOROUTE"}HTTP/1.1 404 Not Found
Connection: keep-alive
Content-Length: 58
Content-Type: application/json
X-Request-Id: 676426374681348514400

{"error":"not_found","request_id":"","routine":"MIOROUTE"}HTTP/1.1 404 Not Found
Connection: keep-alive
Content-Length: 58
Content-Type: application/json
X-Request-Id: 676426374681359214400

{"error":"not_found","request_id":"","routine":"MIOROUTE"}HTTP/1.1 404 Not Found
Connection: keep-alive
Content-Length: 58
Content-Type: application/json
X-Request-Id: 676426374681371414400

{"error":"not_found","request_id":"","routine":"MIOROUTE"}HTTP/1.1 404 Not Found
Connection: keep-alive
Content-Length: 58
Content-Type: application/json
X-Request-Id: 676426374681380314400

{"error":"not_found","request_id":"","routine":"MIOROUTE"}HTTP/1.1 404 Not Found
Connection: keep-alive
Content-Length: 58
Content-Type: application/json
X-Request-Id: 676426374681398814400

{"error":"not_found","request_id":"","routine":"MIOROUTE"}HTTP/1.1 404 Not Found
Connection: keep-alive
Content-Length: 58
Content-Type: application/json
X-Request-Id: 676426374681409114400

{"error":"not_found","request_id":"","routine":"MIOROUTE"}HTTP/1.1 404 Not Found
Connection: keep-alive
Content-Length: 58
Content-Type: application/json
X-Request-Id: 676426374681421414400

{"error":"not_found","request_id":"","routine":"MIOROUTE"}HTTP/1.1 404 Not Found
Connection: keep-alive
Content-Length: 58
Content-Type: application/json
X-Request-Id: 676426374681432614400

{"error":"not_found","request_id":"","routine":"MIOROUTE"}HTTP/1.1 404 Not Found
Connection: keep-alive
Content-Length: 58
Content-Type: application/json
X-Request-Id: 676426374681447314400

{"error":"not_found","request_id":"","routine":"MIOROUTE"}HTTP/1.1 404 Not Found
Connection: keep-alive
Content-Length: 58
Content-Type: application/json
X-Request-Id: 676426374681463214400

{"error":"not_found","request_id":"","routine":"MIOROUTE"}HTTP/1.1 404 Not Found
Connection: keep-alive
Content-Length: 58
Content-Type: application/json
X-Request-Id: 676426374681476114400

{"error":"not_found","request_id":"","routine":"MIOROUTE"}HTTP/1.1 404 Not Found
Connection: keep-alive
Content-Length: 58
Content-Type: application/json
X-Request-Id: 676426374681486514400

{"error":"not_found","request_id":"","routine":"MIOROUTE"}HTTP/1.1 404 Not Found
Connection: keep-alive
Content-Length: 58
Content-Type: application/json
X-Request-Id: 676426374681497314400

{"error":"not_found","request_id":"","routine":"MIOROUTE"}HTTP/1.1 404 Not Found
Connection: keep-alive
Content-Length: 58
Content-Type: application/json
X-Request-Id: 676426374681510014400

{"error":"not_found","request_id":"","routine":"MIOROUTE"}HTTP/1.1 404 Not Found
Connection: keep-alive
Content-Length: 58
Content-Type: application/json
X-Request-Id: 676426374681519714400

{"error":"not_found","request_id":"","routine":"MIOROUTE"}HTTP/1.1 404 Not Found
Connection: keep-alive
Content-Length: 58
Content-Type: application/json
X-Request-Id: 676426374681530514400

{"error":"not_found","request_id":"","routine":"MIOROUTE"}HTTP/1.1 404 Not Found
Connection: keep-alive
Content-Length: 58
Content-Type: application/json
X-Request-Id: 676426374681542614400

{"error":"not_found","request_id":"","routine":"MIOROUTE"}HTTP/1.1 404 Not Found
Connection: keep-alive
Content-Length: 58
Content-Type: application/json
X-Request-Id: 676426374681554114400

{"error":"not_found","request_id":"","routine":"MIOROUTE"}HTTP/1.1 404 Not Found
Connection: keep-alive
Content-Length: 58
Content-Type: application/json
X-Request-Id: 676426374681565514400

{"error":"not_found","request_id":"","routine":"MIOROUTE"}HTTP/1.1 404 Not Found
Connection: keep-alive
Content-Length: 58
Content-Type: application/json
X-Request-Id: 676426374681575914400

{"error":"not_found","request_id":"","routine":"MIOROUTE"}HTTP/1.1 404 Not Found
Connection: keep-alive
Content-Length: 58
Content-Type: application/json
X-Request-Id: 676426374681586714400

{"error":"not_found","request_id":"","routine":"MIOROUTE"}HTTP/1.1 404 Not Found
Connection: keep-alive
Content-Length: 58
Content-Type: application/json
X-Request-Id: 676426374681600914400

{"error":"not_found","request_id":"","routine":"MIOROUTE"}HTTP/1.1 404 Not Found
Connection: keep-alive
Content-Length: 58
Content-Type: application/json
X-Request-Id: 676426374681611214400

{"error":"not_found","request_id":"","routine":"MIOROUTE"}HTTP/1.1 404 Not Found
Connection: keep-alive
Content-Length: 58
Content-Type: application/json
X-Request-Id: 676426374681620014400

{"error":"not_found","request_id":"","routine":"MIOROUTE"}HTTP/1.1 404 Not Found
Connection: keep-alive
Content-Length: 58
Content-Type: application/json
X-Request-Id: 676426374681632314400

{"error":"not_found","request_id":"","routine":"MIOROUTE"}HTTP/1.1 404 Not Found
Connection: keep-alive
Content-Length: 58
Content-Type: application/json
X-Request-Id: 676426374681642814400

{"error":"not_found","request_id":"","routine":"MIOROUTE"}HTTP/1.1 404 Not Found
Connection: keep-alive
Content-Length: 58
Content-Type: application/json
X-Request-Id: 676426374681652514400

{"error":"not_found","request_id":"","routine":"MIOROUTE"}HTTP/1.1 404 Not Found
Connection: keep-alive
Content-Length: 58
Content-Type: application/json
X-Request-Id: 676426374681663314400

{"error":"not_found","request_id":"","routine":"MIOROUTE"}HTTP/1.1 404 Not Found
Connection: keep-alive
Content-Length: 58
Content-Type: application/json
X-Request-Id: 676426374681673914400

{"error":"not_found","request_id":"","routine":"MIOROUTE"}HTTP/1.1 404 Not Found
Connection: keep-alive
Content-Length: 58
Content-Type: application/json
X-Request-Id: 676426374681684514400

{"error":"not_found","request_id":"","routine":"MIOROUTE"}HTTP/1.1 404 Not Found
Connection: keep-alive
Content-Length: 58
Content-Type: application/json
X-Request-Id: 676426374681694814400

{"error":"not_found","request_id":"","routine":"MIOROUTE"}HTTP/1.1 404 Not Found
Connection: keep-alive
Content-Length: 58
Content-Type: application/json
X-Request-Id: 676426374681704514400

{"error":"not_found","request_id":"","routine":"MIOROUTE"}HTTP/1.1 404 Not Found
Connection: keep-alive
Content-Length: 58
Content-Type: application/json
X-Request-Id: 676426374681715114400

{"error":"not_found","request_id":"","routine":"MIOROUTE"}HTTP/1.1 404 Not Found
Connection: keep-alive
Content-Length: 58
Content-Type: application/json
X-Request-Id: 676426374681725914400

{"error":"not_found","request_id":"","routine":"MIOROUTE"}HTTP/1.1 404 Not Found
Connection: keep-alive
Content-Length: 58
Content-Type: application/json
X-Request-Id: 676426374681736214400

{"error":"not_found","request_id":"","routine":"MIOROUTE"}HTTP/1.1 404 Not Found
Connection: keep-alive
Content-Length: 58
Content-Type: application/json
X-Request-Id: 676426374681746914400

{"error":"not_found","request_id":"","routine":"MIOROUTE"}HTTP/1.1 404 Not Found
Connection: keep-alive
Content-Length: 58
Content-Type: application/json
X-Request-Id: 676426374681757414400

{"error":"not_found","request_id":"","routine":"MIOROUTE"}HTTP/1.1 404 Not Found
Connection: keep-alive
Content-Length: 58
Content-Type: application/json
X-Request-Id: 676426374681776414400

{"error":"not_found","request_id":"","routine":"MIOROUTE"}HTTP/1.1 404 Not Found
Connection: keep-alive
Content-Length: 58
Content-Type: application/json
X-Request-Id: 676426374681786614400

{"error":"not_found","request_id":"","routine":"MIOROUTE"}HTTP/1.1 404 Not Found
Connection: keep-alive
Content-Length: 58
Content-Type: application/json
X-Request-Id: 676426374681798614400

{"error":"not_found","request_id":"","routine":"MIOROUTE"}HTTP/1.1 404 Not Found
Connection: keep-alive
Content-Length: 58
Content-Type: application/json
X-Request-Id: 676426374681809114400

{"error":"not_found","request_id":"","routine":"MIOROUTE"}HTTP/1.1 404 Not Found
Connection: keep-alive
Content-Length: 58
Content-Type: application/json
X-Request-Id: 676426374681821214400

{"error":"not_found","request_id":"","routine":"MIOROUTE"}HTTP/1.1 404 Not Found
Connection: keep-alive
Content-Length: 58
Content-Type: application/json
X-Request-Id: 676426374681831814400

{"error":"not_found","request_id":"","routine":"MIOROUTE"}HTTP/1.1 404 Not Found
Connection: keep-alive
Content-Length: 58
Content-Type: application/json
X-Request-Id: 676426374681842014400

{"error":"not_found","request_id":"","routine":"MIOROUTE"}HTTP/1.1 404 Not Found
Connection: keep-alive
Content-Length: 58
Content-Type: application/json
X-Request-Id: 676426374681851914400

{"error":"not_found","request_id":"","routine":"MIOROUTE"}HTTP/1.1 404 Not Found
Connection: keep-alive
Content-Length: 58
Content-Type: application/json
X-Request-Id: 676426374681862514400

{"error":"not_found","request_id":"","routine":"MIOROUTE"}HTTP/1.1 404 Not Found
Connection: keep-alive
Content-Length: 58
Content-Type: application/json
X-Request-Id: 676426374681873014400

{"error":"not_found","request_id":"","routine":"MIOROUTE"}HTTP/1.1 404 Not Found
Connection: keep-alive
Content-Length: 58
Content-Type: application/json
X-Request-Id: 676426374681882614400

{"error":"not_found","request_id":"","routine":"MIOROUTE"}HTTP/1.1 404 Not Found
Connection: keep-alive
Content-Length: 58
Content-Type: application/json
X-Request-Id: 676426374681893314400

{"error":"not_found","request_id":"","routine":"MIOROUTE"}HTTP/1.1 404 Not Found
Connection: keep-alive
Content-Length: 58
Content-Type: application/json
X-Request-Id: 676426374681905114400

{"error":"not_found","request_id":"","routine":"MIOROUTE"}HTTP/1.1 404 Not Found
Connection: keep-alive
Content-Length: 58
Content-Type: application/json
X-Request-Id: 676426374681914614400

{"error":"not_found","request_id":"","routine":"MIOROUTE"}HTTP/1.1 404 Not Found
Connection: keep-alive
Content-Length: 58
Content-Type: application/json
X-Request-Id: 676426374681925214400

{"error":"not_found","request_id":"","routine":"MIOROUTE"}HTTP/1.1 404 Not Found
Connection: keep-alive
Content-Length: 58
Content-Type: application/json
X-Request-Id: 676426374681935814400

{"error":"not_found","request_id":"","routine":"MIOROUTE"}HTTP/1.1 404 Not Found
Connection: keep-alive
Content-Length: 58
Content-Type: application/json
X-Request-Id: 676426374681945414400

{"error":"not_found","request_id":"","routine":"MIOROUTE"}HTTP/1.1 404 Not Found
Connection: keep-alive
Content-Length: 58
Content-Type: application/json
X-Request-Id: 676426374681956514400

{"error":"not_found","request_id":"","routine":"MIOROUTE"}HTTP/1.1 404 Not Found
Connection: keep-alive
Content-Length: 58
Content-Type: application/json
X-Request-Id: 676426374681966114400

{"error":"not_found","request_id":"","routine":"MIOROUTE"}HTTP/1.1 404 Not Found
Connection: keep-alive
Content-Length: 58
Content-Type: application/json
X-Request-Id: 676426374681976814400

{"error":"not_found","request_id":"","routine":"MIOROUTE"}HTTP/1.1 404 Not Found
Connection: keep-alive
Content-Length: 58
Content-Type: application/json
X-Request-Id: 676426374681987914400

{"error":"not_found","request_id":"","routine":"MIOROUTE"}HTTP/1.1 404 Not Found
Connection: keep-alive
Content-Length: 58
Content-Type: application/json
X-Request-Id: 676426374681999714400

{"error":"not_found","request_id":"","routine":"MIOROUTE"}HTTP/1.1 404 Not Found
Connection: keep-alive
Content-Length: 58
Content-Type: application/json
X-Request-Id: 676426374682009614400

{"error":"not_found","request_id":"","routine":"MIOROUTE"}HTTP/1.1 404 Not Found
Connection: keep-alive
Content-Length: 58
Content-Type: application/json
X-Request-Id: 676426374682020314400

{"error":"not_found","request_id":"","routine":"MIOROUTE"}HTTP/1.1 404 Not Found
Connection: keep-alive
Content-Length: 58
Content-Type: application/json
X-Request-Id: 676426374682030914400

{"error":"not_found","request_id":"","routine":"MIOROUTE"}HTTP/1.1 404 Not Found
Connection: keep-alive
Content-Length: 58
Content-Type: application/json
X-Request-Id: 676426374682039814400

{"error":"not_found","request_id":"","routine":"MIOROUTE"}HTTP/1.1 404 Not Found
Connection: keep-alive
Content-Length: 58
Content-Type: application/json
X-Request-Id: 676426374682050414400

{"error":"not_found","request_id":"","routine":"MIOROUTE"}HTTP/1.1 404 Not Found
Connection: keep-alive
Content-Length: 58
Content-Type: application/json
X-Request-Id: 676426374682060314400

{"error":"not_found","request_id":"","routine":"MIOROUTE"}HTTP/1.1 404 Not Found
Connection: keep-alive
Content-Length: 58
Content-Type: application/json
X-Request-Id: 676426374682070314400

{"error":"not_found","request_id":"","routine":"MIOROUTE"}HTTP/1.1 404 Not Found
Connection: keep-alive
Content-Length: 58
Content-Type: application/json
X-Request-Id: 676426374682082414400

{"error":"not_found","request_id":"","routine":"MIOROUTE"}HTTP/1.1 404 Not Found
Connection: keep-alive
Content-Length: 58
Content-Type: application/json
X-Request-Id: 676426374682093114400

{"error":"not_found","request_id":"","routine":"MIOROUTE"}HTTP/1.1 404 Not Found
Connection: keep-alive
Content-Length: 58
Content-Type: application/json
X-Request-Id: 676426374682102714400

{"error":"not_found","request_id":"","routine":"MIOROUTE"}HTTP/1.1 404 Not Found
Connection: keep-alive
Content-Length: 58
Content-Type: application/json
X-Request-Id: 676426374682121514400

{"error":"not_found","request_id":"","routine":"MIOROUTE"}HTTP/1.1 404 Not Found
Connection: keep-alive
Content-Length: 58
Content-Type: application/json
X-Request-Id: 676426374682131614400

{"error":"not_found","request_id":"","routine":"MIOROUTE"}HTTP/1.1 404 Not Found
Connection: keep-alive
Content-Length: 58
Content-Type: application/json
X-Request-Id: 676426374682142214400

{"error":"not_found","request_id":"","routine":"MIOROUTE"}HTTP/1.1 404 Not Found
Connection: keep-alive
Content-Length: 58
Content-Type: application/json
X-Request-Id: 676426374682152014400

{"error":"not_found","request_id":"","routine":"MIOROUTE"}HTTP/1.1 404 Not Found
Connection: keep-alive
Content-Length: 58
Content-Type: application/json
X-Request-Id: 676426374682160814400

{"error":"not_found","request_id":"","routine":"MIOROUTE"}HTTP/1.1 404 Not Found
Connection: keep-alive
Content-Length: 58
Content-Type: application/json
X-Request-Id: 676426374682173114400

{"error":"not_found","request_id":"","routine":"MIOROUTE"}HTTP/1.1 404 Not Found
Connection: keep-alive
Content-Length: 58
Content-Type: application/json
X-Request-Id: 676426374682184014400

{"error":"not_found","request_id":"","routine":"MIOROUTE"}HTTP/1.1 404 Not Found
Connection: keep-alive
Content-Length: 58
Content-Type: application/json
X-Request-Id: 676426374682194614400

{"error":"not_found","request_id":"","routine":"MIOROUTE"}HTTP/1.1 404 Not Found
Connection: keep-alive
Content-Length: 58
Content-Type: application/json
X-Request-Id: 676426374682204414400

{"error":"not_found","request_id":"","routine":"MIOROUTE"}HTTP/1.1 404 Not Found
Connection: keep-alive
Content-Length: 58
Content-Type: application/json
X-Request-Id: 676426374682215414400

{"error":"not_found","request_id":"","routine":"MIOROUTE"}HTTP/1.1 404 Not Found
Connection: keep-alive
Content-Length: 58
Content-Type: application/json
X-Request-Id: 676426374682225914400

{"error":"not_found","request_id":"","routine":"MIOROUTE"}HTTP/1.1 404 Not Found
Connection: keep-alive
Content-Length: 58
Content-Type: application/json
X-Request-Id: 676426374682238014400

{"error":"not_found","request_id":"","routine":"MIOROUTE"}HTTP/1.1 404 Not Found
Connection: keep-alive
Content-Length: 58
Content-Type: application/json
X-Request-Id: 676426374682248514400

{"error":"not_found","request_id":"","routine":"MIOROUTE"}HTTP/1.1 404 Not Found
Connection: keep-alive
Content-Length: 58
Content-Type: application/json
X-Request-Id: 676426374682258614400

{"error":"not_found","request_id":"","routine":"MIOROUTE"}HTTP/1.1 404 Not Found
Connection: keep-alive
Content-Length: 58
Content-Type: application/json
X-Request-Id: 676426374682271614400

{"error":"not_found","request_id":"","routine":"MIOROUTE"}HTTP/1.1 404 Not Found
Connection: keep-alive
Content-Length: 58
Content-Type: application/json
X-Request-Id: 676426374682282614400

{"error":"not_found","request_id":"","routine":"MIOROUTE"}HTTP/1.1 404 Not Found
Connection: keep-alive
Content-Length: 58
Content-Type: application/json
X-Request-Id: 676426374682293114400

{"error":"not_found","request_id":"","routine":"MIOROUTE"}HTTP/1.1 404 Not Found
Connection: keep-alive
Content-Length: 58
Content-Type: application/json
X-Request-Id: 676426374682303314400

{"error":"not_found","request_id":"","routine":"MIOROUTE"}HTTP/1.1 404 Not Found
Connection: keep-alive
Content-Length: 58
Content-Type: application/json
X-Request-Id: 676426374682313414400

{"error":"not_found","request_id":"","routine":"MIOROUTE"}HTTP/1.1 404 Not Found
Connection: keep-alive
Content-Length: 58
Content-Type: application/json
X-Request-Id: 676426374682324414400

{"error":"not_found","request_id":"","routine":"MIOROUTE"}HTTP/1.1 404 Not Found
Connection: keep-alive
Content-Length: 58
Content-Type: application/json
X-Request-Id: 676426374682335014400

{"error":"not_found","request_id":"","routine":"MIOROUTE"}HTTP/1.1 404 Not Found
Connection: keep-alive
Content-Length: 58
Content-Type: application/json
X-Request-Id: 676426374682344114400

{"error":"not_found","request_id":"","routine":"MIOROUTE"}HTTP/1.1 404 Not Found
Connection: keep-alive
Content-Length: 58
Content-Type: application/json
X-Request-Id: 676426374682357014400

{"error":"not_found","request_id":"","routine":"MIOROUTE"}HTTP/1.1 404 Not Found
Connection: keep-alive
Content-Length: 58
Content-Type: application/json
X-Request-Id: 676426374682367514400

{"error":"not_found","request_id":"","routine":"MIOROUTE"}HTTP/1.1 404 Not Found
Connection: keep-alive
Content-Length: 58
Content-Type: application/json
X-Request-Id: 676426374682378514400

{"error":"not_found","request_id":"","routine":"MIOROUTE"}HTTP/1.1 404 Not Found
Connection: keep-alive
Content-Length: 58
Content-Type: application/json
X-Request-Id: 676426374682389614400

{"error":"not_found","request_id":"","routine":"MIOROUTE"}HTTP/1.1 404 Not Found
Connection: keep-alive
Content-Length: 58
Content-Type: application/json
X-Request-Id: 676426374682403214400

{"error":"not_found","request_id":"","routine":"MIOROUTE"}HTTP/1.1 404 Not Found
Connection: keep-alive
Content-Length: 58
Content-Type: application/json
X-Request-Id: 676426374682414114400

{"error":"not_found","request_id":"","routine":"MIOROUTE"}HTTP/1.1 404 Not Found
Connection: keep-alive
Content-Length: 58
Content-Type: application/json
X-Request-Id: 676426374682424714400

{"error":"not_found","request_id":"","routine":"MIOROUTE"}HTTP/1.1 404 Not Found
Connection: keep-alive
Content-Length: 58
Content-Type: application/json
X-Request-Id: 676426374682435014400

{"error":"not_found","request_id":"","routine":"MIOROUTE"}HTTP/1.1 404 Not Found
Connection: keep-alive
Content-Length: 58
Content-Type: application/json
X-Request-Id: 676426374682446714400

{"error":"not_found","request_id":"","routine":"MIOROUTE"}HTTP/1.1 404 Not Found
Connection: keep-alive
Content-Length: 58
Content-Type: application/json
X-Request-Id: 676426374682458214400

{"error":"not_found","request_id":"","routine":"MIOROUTE"}HTTP/1.1 404 Not Found
Connection: keep-alive
Content-Length: 58
Content-Type: application/json
X-Request-Id: 676426374682469514400

{"error":"not_found","request_id":"","routine":"MIOROUTE"}HTTP/1.1 404 Not Found
Connection: keep-alive
Content-Length: 58
Content-Type: application/json
X-Request-Id: 676426374682487414400

{"error":"not_found","request_id":"","routine":"MIOROUTE"}HTTP/1.1 404 Not Found
Connection: keep-alive
Content-Length: 58
Content-Type: application/json
X-Request-Id: 676426374682497214400

{"error":"not_found","request_id":"","routine":"MIOROUTE"}HTTP/1.1 404 Not Found
Connection: keep-alive
Content-Length: 58
Content-Type: application/json
X-Request-Id: 676426374682508414400

{"error":"not_found","request_id":"","routine":"MIOROUTE"}HTTP/1.1 404 Not Found
Connection: keep-alive
Content-Length: 58
Content-Type: application/json
X-Request-Id: 676426374682519014400

{"error":"not_found","request_id":"","routine":"MIOROUTE"}HTTP/1.1 404 Not Found
Connection: keep-alive
Content-Length: 58
Content-Type: application/json
X-Request-Id: 676426374682529314400

{"error":"not_found","request_id":"","routine":"MIOROUTE"}HTTP/1.1 404 Not Found
Connection: keep-alive
Content-Length: 58
Content-Type: application/json
X-Request-Id: 676426374682540614400

{"error":"not_found","request_id":"","routine":"MIOROUTE"}HTTP/1.1 404 Not Found
Connection: keep-alive
Content-Length: 58
Content-Type: application/json
X-Request-Id: 676426374682549414400

{"error":"not_found","request_id":"","routine":"MIOROUTE"}HTTP/1.1 404 Not Found
Connection: keep-alive
Content-Length: 58
Content-Type: application/json
X-Request-Id: 676426374682560414400

{"error":"not_found","request_id":"","routine":"MIOROUTE"}HTTP/1.1 404 Not Found
Connection: keep-alive
Content-Length: 58
Content-Type: application/json
X-Request-Id: 676426374682571114400

{"error":"not_found","request_id":"","routine":"MIOROUTE"}HTTP/1.1 404 Not Found
Connection: keep-alive
Content-Length: 58
Content-Type: application/json
X-Request-Id: 676426374682581814400

{"error":"not_found","request_id":"","routine":"MIOROUTE"}HTTP/1.1 404 Not Found
Connection: keep-alive
Content-Length: 58
Content-Type: application/json
X-Request-Id: 676426374682591614400

{"error":"not_found","request_id":"","routine":"MIOROUTE"}HTTP/1.1 404 Not Found
Connection: keep-alive
Content-Length: 58
Content-Type: application/json
X-Request-Id: 676426374682602614400

{"error":"not_found","request_id":"","routine":"MIOROUTE"}HTTP/1.1 404 Not Found
Connection: keep-alive
Content-Length: 58
Content-Type: application/json
X-Request-Id: 676426374682613214400

{"error":"not_found","request_id":"","routine":"MIOROUTE"}HTTP/1.1 404 Not Found
Connection: keep-alive
Content-Length: 58
Content-Type: application/json
X-Request-Id: 676426374682625014400

{"error":"not_found","request_id":"","routine":"MIOROUTE"}HTTP/1.1 404 Not Found
Connection: keep-alive
Content-Length: 58
Content-Type: application/json
X-Request-Id: 676426374682635214400

{"error":"not_found","request_id":"","routine":"MIOROUTE"}HTTP/1.1 404 Not Found
Connection: keep-alive
Content-Length: 58
Content-Type: application/json
X-Request-Id: 676426374682645614400

{"error":"not_found","request_id":"","routine":"MIOROUTE"}HTTP/1.1 404 Not Found
Connection: keep-alive
Content-Length: 58
Content-Type: application/json
X-Request-Id: 676426374682655314400

{"error":"not_found","request_id":"","routine":"MIOROUTE"}HTTP/1.1 404 Not Found
Connection: keep-alive
Content-Length: 58
Content-Type: application/json
X-Request-Id: 676426374682665714400

{"error":"not_found","request_id":"","routine":"MIOROUTE"}HTTP/1.1 404 Not Found
Connection: keep-alive
Content-Length: 58
Content-Type: application/json
X-Request-Id: 676426374682676414400

{"error":"not_found","request_id":"","routine":"MIOROUTE"}HTTP/1.1 404 Not Found
Connection: keep-alive
Content-Length: 58
Content-Type: application/json
X-Request-Id: 676426374682687114400

{"error":"not_found","request_id":"","routine":"MIOROUTE"}HTTP/1.1 404 Not Found
Connection: keep-alive
Content-Length: 58
Content-Type: application/json
X-Request-Id: 676426374682698314400

{"error":"not_found","request_id":"","routine":"MIOROUTE"}HTTP/1.1 404 Not Found
Connection: keep-alive
Content-Length: 58
Content-Type: application/json
X-Request-Id: 676426374682708714400

{"error":"not_found","request_id":"","routine":"MIOROUTE"}HTTP/1.1 404 Not Found
Connection: keep-alive
Content-Length: 58
Content-Type: application/json
X-Request-Id: 676426374682720914400

{"error":"not_found","request_id":"","routine":"MIOROUTE"}HTTP/1.1 404 Not Found
Connection: keep-alive
Content-Length: 58
Content-Type: application/json
X-Request-Id: 676426374682731414400

{"error":"not_found","request_id":"","routine":"MIOROUTE"}HTTP/1.1 404 Not Found
Connection: keep-alive
Content-Length: 58
Content-Type: application/json
X-Request-Id: 676426374682741114400

{"error":"not_found","request_id":"","routine":"MIOROUTE"}HTTP/1.1 404 Not Found
Connection: keep-alive
Content-Length: 58
Content-Type: application/json
X-Request-Id: 676426374682749914400

{"error":"not_found","request_id":"","routine":"MIOROUTE"}HTTP/1.1 404 Not Found
Connection: keep-alive
Content-Length: 58
Content-Type: application/json
X-Request-Id: 676426374682761314400

{"error":"not_found","request_id":"","routine":"MIOROUTE"}HTTP/1.1 404 Not Found
Connection: keep-alive
Content-Length: 58
Content-Type: application/json
X-Request-Id: 676426374682771814400

{"error":"not_found","request_id":"","routine":"MIOROUTE"}HTTP/1.1 404 Not Found
Connection: keep-alive
Content-Length: 58
Content-Type: application/json
X-Request-Id: 676426374682781714400

{"error":"not_found","request_id":"","routine":"MIOROUTE"}HTTP/1.1 404 Not Found
Connection: keep-alive
Content-Length: 58
Content-Type: application/json
X-Request-Id: 676426374682795414400

{"error":"not_found","request_id":"","routine":"MIOROUTE"}HTTP/1.1 404 Not Found
Connection: keep-alive
Content-Length: 58
Content-Type: application/json
X-Request-Id: 676426374682806914400

{"error":"not_found","request_id":"","routine":"MIOROUTE"}HTTP/1.1 404 Not Found
Connection: keep-alive
Content-Length: 58
Content-Type: application/json
X-Request-Id: 676426374682815814400

{"error":"not_found","request_id":"","routine":"MIOROUTE"}HTTP/1.1 404 Not Found
Connection: keep-alive
Content-Length: 58
Content-Type: application/json
X-Request-Id: 676426374682834914400

{"error":"not_found","request_id":"","routine":"MIOROUTE"}HTTP/1.1 404 Not Found
Connection: keep-alive
Content-Length: 58
Content-Type: application/json
X-Request-Id: 676426374682844914400

{"error":"not_found","request_id":"","routine":"MIOROUTE"}HTTP/1.1 404 Not Found
Connection: keep-alive
Content-Length: 58
Content-Type: application/json
X-Request-Id: 676426374682855714400

{"error":"not_found","request_id":"","routine":"MIOROUTE"}HTTP/1.1 404 Not Found
Connection: keep-alive
Content-Length: 58
Content-Type: application/json
X-Request-Id: 676426374682865414400

{"error":"not_found","request_id":"","routine":"MIOROUTE"}HTTP/1.1 404 Not Found
Connection: keep-alive
Content-Length: 58
Content-Type: application/json
X-Request-Id: 676426374682876114400

{"error":"not_found","request_id":"","routine":"MIOROUTE"}HTTP/1.1 404 Not Found
Connection: keep-alive
Content-Length: 58
Content-Type: application/json
X-Request-Id: 676426374682885714400

{"error":"not_found","request_id":"","routine":"MIOROUTE"}HTTP/1.1 404 Not Found
Connection: keep-alive
Content-Length: 58
Content-Type: application/json
X-Request-Id: 676426374682897714400

{"error":"not_found","request_id":"","routine":"MIOROUTE"}HTTP/1.1 404 Not Found
Connection: keep-alive
Content-Length: 58
Content-Type: application/json
X-Request-Id: 676426374682912014400

{"error":"not_found","request_id":"","routine":"MIOROUTE"}HTTP/1.1 404 Not Found
Connection: keep-alive
Content-Length: 58
Content-Type: application/json
X-Request-Id: 676426374682924214400

{"error":"not_found","request_id":"","routine":"MIOROUTE"}HTTP/1.1 404 Not Found
Connection: keep-alive
Content-Length: 58
Content-Type: application/json
X-Request-Id: 676426374682953214400

{"error":"not_found","request_id":"","routine":"MIOROUTE"}HTTP/1.1 404 Not Found
Connection: keep-alive
Content-Length: 58
Content-Type: application/json
X-Request-Id: 676426374682966214400

{"error":"not_found","request_id":"","routine":"MIOROUTE"}HTTP/1.1 404 Not Found
Connection: keep-alive
Content-Length: 58
Content-Type: application/json
X-Request-Id: 676426374682977514400

{"error":"not_found","request_id":"","routine":"MIOROUTE"}HTTP/1.1 404 Not Found
Connection: keep-alive
Content-Length: 58
Content-Type: application/json
X-Request-Id: 676426374682990014400

{"error":"not_found","request_id":"","routine":"MIOROUTE"}HTTP/1.1 404 Not Found
Connection: keep-alive
Content-Length: 58
Content-Type: application/json
X-Request-Id: 676426374683000814400

{"error":"not_found","request_id":"","routine":"MIOROUTE"}HTTP/1.1 404 Not Found
Connection: keep-alive
Content-Length: 58
Content-Type: application/json
X-Request-Id: 676426374683013114400

{"error":"not_found","request_id":"","routine":"MIOROUTE"}HTTP/1.1 404 Not Found
Connection: keep-alive
Content-Length: 58
Content-Type: application/json
X-Request-Id: 676426374683023814400

{"error":"not_found","request_id":"","routine":"MIOROUTE"}HTTP/1.1 404 Not Found
Connection: keep-alive
Content-Length: 58
Content-Type: application/json
X-Request-Id: 676426374683036114400

{"error":"not_found","request_id":"","routine":"MIOROUTE"}HTTP/1.1 404 Not Found
Connection: keep-alive
Content-Length: 58
Content-Type: application/json
X-Request-Id: 676426374683046714400

{"error":"not_found","request_id":"","routine":"MIOROUTE"}HTTP/1.1 404 Not Found
Connection: keep-alive
Content-Length: 58
Content-Type: application/json
X-Request-Id: 676426374683059114400

{"error":"not_found","request_id":"","routine":"MIOROUTE"}HTTP/1.1 404 Not Found
Connection: keep-alive
Content-Length: 58
Content-Type: application/json
X-Request-Id: 676426374683069514400

{"error":"not_found","request_id":"","routine":"MIOROUTE"}HTTP/1.1 404 Not Found
Connection: keep-alive
Content-Length: 58
Content-Type: application/json
X-Request-Id: 676426374683079114400

{"error":"not_found","request_id":"","routine":"MIOROUTE"}HTTP/1.1 404 Not Found
Connection: keep-alive
Content-Length: 58
Content-Type: application/json
X-Request-Id: 676426374683090514400

{"error":"not_found","request_id":"","routine":"MIOROUTE"}HTTP/1.1 404 Not Found
Connection: keep-alive
Content-Length: 58
Content-Type: application/json
X-Request-Id: 676426374683101214400

{"error":"not_found","request_id":"","routine":"MIOROUTE"}HTTP/1.1 404 Not Found
Connection: keep-alive
Content-Length: 58
Content-Type: application/json
X-Request-Id: 676426374683110514400

{"error":"not_found","request_id":"","routine":"MIOROUTE"}HTTP/1.1 404 Not Found
Connection: keep-alive
Content-Length: 58
Content-Type: application/json
X-Request-Id: 676426374683121914400

{"error":"not_found","request_id":"","routine":"MIOROUTE"}HTTP/1.1 404 Not Found
Connection: keep-alive
Content-Length: 58
Content-Type: application/json
X-Request-Id: 676426374683132614400

{"error":"not_found","request_id":"","routine":"MIOROUTE"}HTTP/1.1 404 Not Found
Connection: keep-alive
Content-Length: 58
Content-Type: application/json
X-Request-Id: 676426374683141914400

{"error":"not_found","request_id":"","routine":"MIOROUTE"}HTTP/1.1 404 Not Found
Connection: keep-alive
Content-Length: 58
Content-Type: application/json
X-Request-Id: 676426374683154014400

{"error":"not_found","request_id":"","routine":"MIOROUTE"}HTTP/1.1 404 Not Found
Connection: keep-alive
Content-Length: 58
Content-Type: application/json
X-Request-Id: 676426374683164514400

{"error":"not_found","request_id":"","routine":"MIOROUTE"}HTTP/1.1 404 Not Found
Connection: keep-alive
Content-Length: 58
Content-Type: application/json
X-Request-Id: 676426374683175014400

{"error":"not_found","request_id":"","routine":"MIOROUTE"}HTTP/1.1 404 Not Found
Connection: keep-alive
Content-Length: 58
Content-Type: application/json
X-Request-Id: 676426374683186014400

{"error":"not_found","request_id":"","routine":"MIOROUTE"}HTTP/1.1 404 Not Found
Connection: keep-alive
Content-Length: 58
Content-Type: application/json
X-Request-Id: 676426374683201614400

{"error":"not_found","request_id":"","routine":"MIOROUTE"}HTTP/1.1 404 Not Found
Connection: keep-alive
Content-Length: 58
Content-Type: application/json
X-Request-Id: 676426374683221014400

{"error":"not_found","request_id":"","routine":"MIOROUTE"}HTTP/1.1 404 Not Found
Connection: keep-alive
Content-Length: 58
Content-Type: application/json
X-Request-Id: 676426374683231414400

{"error":"not_found","request_id":"","routine":"MIOROUTE"}HTTP/1.1 404 Not Found
Connection: keep-alive
Content-Length: 58
Content-Type: application/json
X-Request-Id: 676426374683243514400

{"error":"not_found","request_id":"","routine":"MIOROUTE"}HTTP/1.1 404 Not Found
Connection: keep-alive
Content-Length: 58
Content-Type: application/json
X-Request-Id: 676426374683253914400

{"error":"not_found","request_id":"","routine":"MIOROUTE"}HTTP/1.1 404 Not Found
Connection: keep-alive
Content-Length: 58
Content-Type: application/json
X-Request-Id: 676426374683264614400

{"error":"not_found","request_id":"","routine":"MIOROUTE"}HTTP/1.1 404 Not Found
Connection: keep-alive
Content-Length: 58
Content-Type: application/json
X-Request-Id: 676426374683274414400

{"error":"not_found","request_id":"","routine":"MIOROUTE"}HTTP/1.1 404 Not Found
Connection: keep-alive
Content-Length: 58
Content-Type: application/json
X-Request-Id: 676426374683284914400

{"error":"not_found","request_id":"","routine":"MIOROUTE"}HTTP/1.1 404 Not Found
Connection: keep-alive
Content-Length: 58
Content-Type: application/json
X-Request-Id: 676426374683294614400

{"error":"not_found","request_id":"","routine":"MIOROUTE"}HTTP/1.1 404 Not Found
Connection: keep-alive
Content-Length: 58
Content-Type: application/json
X-Request-Id: 676426374683305314400

{"error":"not_found","request_id":"","routine":"MIOROUTE"}HTTP/1.1 404 Not Found
Connection: keep-alive
Content-Length: 58
Content-Type: application/json
X-Request-Id: 676426374683315014400

{"error":"not_found","request_id":"","routine":"MIOROUTE"}HTTP/1.1 404 Not Found
Connection: keep-alive
Content-Length: 58
Content-Type: application/json
X-Request-Id: 676426374683325614400

{"error":"not_found","request_id":"","routine":"MIOROUTE"}HTTP/1.1 404 Not Found
Connection: keep-alive
Content-Length: 58
Content-Type: application/json
X-Request-Id: 676426374683335314400

{"error":"not_found","request_id":"","routine":"MIOROUTE"}HTTP/1.1 404 Not Found
Connection: keep-alive
Content-Length: 58
Content-Type: application/json
X-Request-Id: 676426374683345914400

{"error":"not_found","request_id":"","routine":"MIOROUTE"}HTTP/1.1 404 Not Found
Connection: keep-alive
Content-Length: 58
Content-Type: application/json
X-Request-Id: 676426374683356014400

{"error":"not_found","request_id":"","routine":"MIOROUTE"}HTTP/1.1 404 Not Found
Connection: keep-alive
Content-Length: 58
Content-Type: application/json
X-Request-Id: 676426374683367014400

{"error":"not_found","request_id":"","routine":"MIOROUTE"}HTTP/1.1 404 Not Found
Connection: keep-alive
Content-Length: 58
Content-Type: application/json
X-Request-Id: 676426374683377414400

{"error":"not_found","request_id":"","routine":"MIOROUTE"}HTTP/1.1 404 Not Found
Connection: keep-alive
Content-Length: 58
Content-Type: application/json
X-Request-Id: 676426374683388014400

{"error":"not_found","request_id":"","routine":"MIOROUTE"}HTTP/1.1 404 Not Found
Connection: keep-alive
Content-Length: 58
Content-Type: application/json
X-Request-Id: 676426374683397614400

{"error":"not_found","request_id":"","routine":"MIOROUTE"}HTTP/1.1 404 Not Found
Connection: keep-alive
Content-Length: 58
Content-Type: application/json
X-Request-Id: 676426374683407714400

{"error":"not_found","request_id":"","routine":"MIOROUTE"}HTTP/1.1 404 Not Found
Connection: keep-alive
Content-Length: 58
Content-Type: application/json
X-Request-Id: 676426374683418414400

{"error":"not_found","request_id":"","routine":"MIOROUTE"}HTTP/1.1 404 Not Found
Connection: keep-alive
Content-Length: 58
Content-Type: application/json
X-Request-Id: 676426374683428814400

{"error":"not_found","request_id":"","routine":"MIOROUTE"}HTTP/1.1 404 Not Found
Connection: keep-alive
Content-Length: 58
Content-Type: application/json
X-Request-Id: 676426374683439614400

{"error":"not_found","request_id":"","routine":"MIOROUTE"}HTTP/1.1 404 Not Found
Connection: keep-alive
Content-Length: 58
Content-Type: application/json
X-Request-Id: 676426374683449214400

{"error":"not_found","request_id":"","routine":"MIOROUTE"}HTTP/1.1 404 Not Found
Connection: keep-alive
Content-Length: 58
Content-Type: application/json
X-Request-Id: 676426374683458214400

{"error":"not_found","request_id":"","routine":"MIOROUTE"}HTTP/1.1 404 Not Found
Connection: keep-alive
Content-Length: 58
Content-Type: application/json
X-Request-Id: 676426374683468714400

{"error":"not_found","request_id":"","routine":"MIOROUTE"}HTTP/1.1 404 Not Found
Connection: keep-alive
Content-Length: 58
Content-Type: application/json
X-Request-Id: 676426374683479214400

{"error":"not_found","request_id":"","routine":"MIOROUTE"}HTTP/1.1 404 Not Found
Connection: keep-alive
Content-Length: 58
Content-Type: application/json
X-Request-Id: 676426374683488814400

{"error":"not_found","request_id":"","routine":"MIOROUTE"}HTTP/1.1 404 Not Found
Connection: keep-alive
Content-Length: 58
Content-Type: application/json
X-Request-Id: 676426374683499314400

{"error":"not_found","request_id":"","routine":"MIOROUTE"}HTTP/1.1 404 Not Found
Connection: keep-alive
Content-Length: 58
Content-Type: application/json
X-Request-Id: 676426374683509114400

{"error":"not_found","request_id":"","routine":"MIOROUTE"}HTTP/1.1 404 Not Found
Connection: keep-alive
Content-Length: 58
Content-Type: application/json
X-Request-Id: 676426374683520014400

{"error":"not_found","request_id":"","routine":"MIOROUTE"}HTTP/1.1 404 Not Found
Connection: keep-alive
Content-Length: 58
Content-Type: application/json
X-Request-Id: 676426374683530414400

{"error":"not_found","request_id":"","routine":"MIOROUTE"}HTTP/1.1 404 Not Found
Connection: keep-alive
Content-Length: 58
Content-Type: application/json
X-Request-Id: 676426374683541014400

{"error":"not_found","request_id":"","routine":"MIOROUTE"}HTTP/1.1 404 Not Found
Connection: keep-alive
Content-Length: 58
Content-Type: application/json
X-Request-Id: 676426374683550814400

{"error":"not_found","request_id":"","routine":"MIOROUTE"}HTTP/1.1 404 Not Found
Connection: keep-alive
Content-Length: 58
Content-Type: application/json
X-Request-Id: 676426374683570014400

{"error":"not_found","request_id":"","routine":"MIOROUTE"}HTTP/1.1 404 Not Found
Connection: keep-alive
Content-Length: 58
Content-Type: application/json
X-Request-Id: 676426374683580014400

{"error":"not_found","request_id":"","routine":"MIOROUTE"}HTTP/1.1 404 Not Found
Connection: keep-alive
Content-Length: 58
Content-Type: application/json
X-Request-Id: 676426374683590314400

{"error":"not_found","request_id":"","routine":"MIOROUTE"}HTTP/1.1 404 Not Found
Connection: keep-alive
Content-Length: 58
Content-Type: application/json
X-Request-Id: 676426374683603414400

{"error":"not_found","request_id":"","routine":"MIOROUTE"}HTTP/1.1 404 Not Found
Connection: keep-alive
Content-Length: 58
Content-Type: application/json
X-Request-Id: 676426374683612614400

{"error":"not_found","request_id":"","routine":"MIOROUTE"}HTTP/1.1 404 Not Found
Connection: keep-alive
Content-Length: 58
Content-Type: application/json
X-Request-Id: 676426374683623814400

{"error":"not_found","request_id":"","routine":"MIOROUTE"}HTTP/1.1 404 Not Found
Connection: keep-alive
Content-Length: 58
Content-Type: application/json
X-Request-Id: 676426374683634714400

{"error":"not_found","request_id":"","routine":"MIOROUTE"}HTTP/1.1 404 Not Found
Connection: keep-alive
Content-Length: 58
Content-Type: application/json
X-Request-Id: 676426374683646314400

{"error":"not_found","request_id":"","routine":"MIOROUTE"}HTTP/1.1 404 Not Found
Connection: keep-alive
Content-Length: 58
Content-Type: application/json
X-Request-Id: 676426374683656614400

{"error":"not_found","request_id":"","routine":"MIOROUTE"}HTTP/1.1 404 Not Found
Connection: keep-alive
Content-Length: 58
Content-Type: application/json
X-Request-Id: 676426374683667114400

{"error":"not_found","request_id":"","routine":"MIOROUTE"}HTTP/1.1 404 Not Found
Connection: keep-alive
Content-Length: 58
Content-Type: application/json
X-Request-Id: 676426374683677114400

{"error":"not_found","request_id":"","routine":"MIOROUTE"}HTTP/1.1 404 Not Found
Connection: keep-alive
Content-Length: 58
Content-Type: application/json
X-Request-Id: 676426374683688014400

{"error":"not_found","request_id":"","routine":"MIOROUTE"}HTTP/1.1 404 Not Found
Connection: keep-alive
Content-Length: 58
Content-Type: application/json
X-Request-Id: 676426374683698414400

{"error":"not_found","request_id":"","routine":"MIOROUTE"}HTTP/1.1 404 Not Found
Connection: keep-alive
Content-Length: 58
Content-Type: application/json
X-Request-Id: 676426374683708914400

{"error":"not_found","request_id":"","routine":"MIOROUTE"}HTTP/1.1 404 Not Found
Connection: keep-alive
Content-Length: 58
Content-Type: application/json
X-Request-Id: 676426374683718614400

{"error":"not_found","request_id":"","routine":"MIOROUTE"}HTTP/1.1 404 Not Found
Connection: keep-alive
Content-Length: 58
Content-Type: application/json
X-Request-Id: 676426374683729114400

{"error":"not_found","request_id":"","routine":"MIOROUTE"}HTTP/1.1 404 Not Found
Connection: keep-alive
Content-Length: 58
Content-Type: application/json
X-Request-Id: 676426374683738614400

{"error":"not_found","request_id":"","routine":"MIOROUTE"}HTTP/1.1 404 Not Found
Connection: keep-alive
Content-Length: 58
Content-Type: application/json
X-Request-Id: 676426374683749014400

{"error":"not_found","request_id":"","routine":"MIOROUTE"}HTTP/1.1 404 Not Found
Connection: keep-alive
Content-Length: 58
Content-Type: application/json
X-Request-Id: 676426374683758514400

{"error":"not_found","request_id":"","routine":"MIOROUTE"}HTTP/1.1 404 Not Found
Connection: keep-alive
Content-Length: 58
Content-Type: application/json
X-Request-Id: 676426374683768914400

{"error":"not_found","request_id":"","routine":"MIOROUTE"}HTTP/1.1 404 Not Found
Connection: keep-alive
Content-Length: 58
Content-Type: application/json
X-Request-Id: 676426374683778614400

{"error":"not_found","request_id":"","routine":"MIOROUTE"}HTTP/1.1 404 Not Found
Connection: keep-alive
Content-Length: 58
Content-Type: application/json
X-Request-Id: 676426374683789114400

{"error":"not_found","request_id":"","routine":"MIOROUTE"}HTTP/1.1 404 Not Found
Connection: keep-alive
Content-Length: 58
Content-Type: application/json
X-Request-Id: 676426374683811514400

{"error":"not_found","request_id":"","routine":"MIOROUTE"}HTTP/1.1 404 Not Found
Connection: keep-alive
Content-Length: 58
Content-Type: application/json
X-Request-Id: 676426374683822614400

{"error":"not_found","request_id":"","routine":"MIOROUTE"}HTTP/1.1 404 Not Found
Connection: keep-alive
Content-Length: 58
Content-Type: application/json
X-Request-Id: 676426374683833014400

{"error":"not_found","request_id":"","routine":"MIOROUTE"}HTTP/1.1 404 Not Found
Connection: keep-alive
Content-Length: 58
Content-Type: application/json
X-Request-Id: 676426374683843614400

{"error":"not_found","request_id":"","routine":"MIOROUTE"}HTTP/1.1 404 Not Found
Connection: keep-alive
Content-Length: 58
Content-Type: application/json
X-Request-Id: 676426374683853214400

{"error":"not_found","request_id":"","routine":"MIOROUTE"}HTTP/1.1 404 Not Found
Connection: keep-alive
Content-Length: 58
Content-Type: application/json
X-Request-Id: 676426374683863614400

{"error":"not_found","request_id":"","routine":"MIOROUTE"}HTTP/1.1 404 Not Found
Connection: keep-alive
Content-Length: 58
Content-Type: application/json
X-Request-Id: 676426374683874714400

{"error":"not_found","request_id":"","routine":"MIOROUTE"}HTTP/1.1 404 Not Found
Connection: keep-alive
Content-Length: 58
Content-Type: application/json
X-Request-Id: 676426374683886914400

{"error":"not_found","request_id":"","routine":"MIOROUTE"}HTTP/1.1 404 Not Found
Connection: keep-alive
Content-Length: 58
Content-Type: application/json
X-Request-Id: 676426374683897514400

{"error":"not_found","request_id":"","routine":"MIOROUTE"}HTTP/1.1 404 Not Found
Connection: keep-alive
Content-Length: 58
Content-Type: application/json
X-Request-Id: 676426374683908214400

{"error":"not_found","request_id":"","routine":"MIOROUTE"}HTTP/1.1 404 Not Found
Connection: keep-alive
Content-Length: 58
Content-Type: application/json
X-Request-Id: 676426374683926714400

{"error":"not_found","request_id":"","routine":"MIOROUTE"}HTTP/1.1 404 Not Found
Connection: keep-alive
Content-Length: 58
Content-Type: application/json
X-Request-Id: 676426374683936914400

{"error":"not_found","request_id":"","routine":"MIOROUTE"}HTTP/1.1 404 Not Found
Connection: keep-alive
Content-Length: 58
Content-Type: application/json
X-Request-Id: 676426374683948714400

{"error":"not_found","request_id":"","routine":"MIOROUTE"}HTTP/1.1 404 Not Found
Connection: keep-alive
Content-Length: 58
Content-Type: application/json
X-Request-Id: 676426374683960614400

{"error":"not_found","request_id":"","routine":"MIOROUTE"}HTTP/1.1 404 Not Found
Connection: keep-alive
Content-Length: 58
Content-Type: application/json
X-Request-Id: 676426374683971014400

{"error":"not_found","request_id":"","routine":"MIOROUTE"}HTTP/1.1 404 Not Found
Connection: keep-alive
Content-Length: 58
Content-Type: application/json
X-Request-Id: 676426374683981614400

{"error":"not_found","request_id":"","routine":"MIOROUTE"}HTTP/1.1 404 Not Found
Connection: keep-alive
Content-Length: 58
Content-Type: application/json
X-Request-Id: 676426374683993614400

{"error":"not_found","request_id":"","routine":"MIOROUTE"}HTTP/1.1 404 Not Found
Connection: keep-alive
Content-Length: 58
Content-Type: application/json
X-Request-Id: 676426374684006614400

{"error":"not_found","request_id":"","routine":"MIOROUTE"}HTTP/1.1 404 Not Found
Connection: keep-alive
Content-Length: 58
Content-Type: application/json
X-Request-Id: 676426374684016914400

{"error":"not_found","request_id":"","routine":"MIOROUTE"}HTTP/1.1 404 Not Found
Connection: keep-alive
Content-Length: 58
Content-Type: application/json
X-Request-Id: 676426374684027614400

{"error":"not_found","request_id":"","routine":"MIOROUTE"}HTTP/1.1 404 Not Found
Connection: keep-alive
Content-Length: 58
Content-Type: application/json
X-Request-Id: 676426374684037714400

{"error":"not_found","request_id":"","routine":"MIOROUTE"}HTTP/1.1 404 Not Found
Connection: keep-alive
Content-Length: 58
Content-Type: application/json
X-Request-Id: 676426374684048114400

{"error":"not_found","request_id":"","routine":"MIOROUTE"}HTTP/1.1 404 Not Found
Connection: keep-alive
Content-Length: 58
Content-Type: application/json
X-Request-Id: 676426374684058814400

{"error":"not_found","request_id":"","routine":"MIOROUTE"}HTTP/1.1 404 Not Found
Connection: keep-alive
Content-Length: 58
Content-Type: application/json
X-Request-Id: 676426374684068414400

{"error":"not_found","request_id":"","routine":"MIOROUTE"}HTTP/1.1 404 Not Found
Connection: keep-alive
Content-Length: 58
Content-Type: application/json
X-Request-Id: 676426374684077414400

{"error":"not_found","request_id":"","routine":"MIOROUTE"}HTTP/1.1 404 Not Found
Connection: keep-alive
Content-Length: 58
Content-Type: application/json
X-Request-Id: 676426374684087914400

{"error":"not_found","request_id":"","routine":"MIOROUTE"}HTTP/1.1 404 Not Found
Connection: keep-alive
Content-Length: 58
Content-Type: application/json
X-Request-Id: 676426374684098414400

{"error":"not_found","request_id":"","routine":"MIOROUTE"}HTTP/1.1 404 Not Found
Connection: keep-alive
Content-Length: 58
Content-Type: application/json
X-Request-Id: 676426374684108714400

{"error":"not_found","request_id":"","routine":"MIOROUTE"}HTTP/1.1 404 Not Found
Connection: keep-alive
Content-Length: 58
Content-Type: application/json
X-Request-Id: 676426374684119214400

{"error":"not_found","request_id":"","routine":"MIOROUTE"}HTTP/1.1 404 Not Found
Connection: keep-alive
Content-Length: 58
Content-Type: application/json
X-Request-Id: 676426374684128814400

{"error":"not_found","request_id":"","routine":"MIOROUTE"}HTTP/1.1 404 Not Found
Connection: keep-alive
Content-Length: 58
Content-Type: application/json
X-Request-Id: 676426374684139214400

{"error":"not_found","request_id":"","routine":"MIOROUTE"}HTTP/1.1 404 Not Found
Connection: keep-alive
Content-Length: 58
Content-Type: application/json
X-Request-Id: 676426374684148814400

{"error":"not_found","request_id":"","routine":"MIOROUTE"}HTTP/1.1 404 Not Found
Connection: keep-alive
Content-Length: 58
Content-Type: application/json
X-Request-Id: 676426374684159314400

{"error":"not_found","request_id":"","routine":"MIOROUTE"}HTTP/1.1 404 Not Found
Connection: keep-alive
Content-Length: 58
Content-Type: application/json
X-Request-Id: 676426374684169014400

{"error":"not_found","request_id":"","routine":"MIOROUTE"}HTTP/1.1 404 Not Found
Connection: keep-alive
Content-Length: 58
Content-Type: application/json
X-Request-Id: 676426374684179414400

{"error":"not_found","request_id":"","routine":"MIOROUTE"}HTTP/1.1 404 Not Found
Connection: keep-alive
Content-Length: 58
Content-Type: application/json
X-Request-Id: 676426374684189914400

{"error":"not_found","request_id":"","routine":"MIOROUTE"}HTTP/1.1 404 Not Found
Connection: keep-alive
Content-Length: 58
Content-Type: application/json
X-Request-Id: 676426374684199514400

{"error":"not_found","request_id":"","routine":"MIOROUTE"}HTTP/1.1 404 Not Found
Connection: keep-alive
Content-Length: 58
Content-Type: application/json
X-Request-Id: 676426374684209814400

{"error":"not_found","request_id":"","routine":"MIOROUTE"}HTTP/1.1 404 Not Found
Connection: keep-alive
Content-Length: 58
Content-Type: application/json
X-Request-Id: 676426374684219314400

{"error":"not_found","request_id":"","routine":"MIOROUTE"}HTTP/1.1 404 Not Found
Connection: keep-alive
Content-Length: 58
Content-Type: application/json
X-Request-Id: 676426374684229714400

{"error":"not_found","request_id":"","routine":"MIOROUTE"}HTTP/1.1 404 Not Found
Connection: keep-alive
Content-Length: 58
Content-Type: application/json
X-Request-Id: 676426374684239614400

{"error":"not_found","request_id":"","routine":"MIOROUTE"}HTTP/1.1 404 Not Found
Connection: keep-alive
Content-Length: 58
Content-Type: application/json
X-Request-Id: 676426374684249914400

{"error":"not_found","request_id":"","routine":"MIOROUTE"}HTTP/1.1 404 Not Found
Connection: keep-alive
Content-Length: 58
Content-Type: application/json
X-Request-Id: 676426374684266914400

{"error":"not_found","request_id":"","routine":"MIOROUTE"}HTTP/1.1 404 Not Found
Connection: keep-alive
Content-Length: 58
Content-Type: application/json
X-Request-Id: 676426374684277214400

{"error":"not_found","request_id":"","routine":"MIOROUTE"}HTTP/1.1 404 Not Found
Connection: keep-alive
Content-Length: 58
Content-Type: application/json
X-Request-Id: 676426374684286314400

{"error":"not_found","request_id":"","routine":"MIOROUTE"}HTTP/1.1 404 Not Found
Connection: keep-alive
Content-Length: 58
Content-Type: application/json
X-Request-Id: 676426374684297614400

{"error":"not_found","request_id":"","routine":"MIOROUTE"}HTTP/1.1 404 Not Found
Connection: keep-alive
Content-Length: 58
Content-Type: application/json
X-Request-Id: 676426374684308514400

{"error":"not_found","request_id":"","routine":"MIOROUTE"}HTTP/1.1 404 Not Found
Connection: keep-alive
Content-Length: 58
Content-Type: application/json
X-Request-Id: 676426374684320014400

{"error":"not_found","request_id":"","routine":"MIOROUTE"}HTTP/1.1 404 Not Found
Connection: keep-alive
Content-Length: 58
Content-Type: application/json
X-Request-Id: 676426374684330314400

{"error":"not_found","request_id":"","routine":"MIOROUTE"}HTTP/1.1 404 Not Found
Connection: keep-alive
Content-Length: 58
Content-Type: application/json
X-Request-Id: 676426374684340814400

{"error":"not_found","request_id":"","routine":"MIOROUTE"}HTTP/1.1 404 Not Found
Connection: keep-alive
Content-Length: 58
Content-Type: application/json
X-Request-Id: 676426374684350414400

{"error":"not_found","request_id":"","routine":"MIOROUTE"}HTTP/1.1 404 Not Found
Connection: keep-alive
Content-Length: 58
Content-Type: application/json
X-Request-Id: 676426374684364214400

{"error":"not_found","request_id":"","routine":"MIOROUTE"}HTTP/1.1 404 Not Found
Connection: keep-alive
Content-Length: 58
Content-Type: application/json
X-Request-Id: 676426374684374114400

{"error":"not_found","request_id":"","routine":"MIOROUTE"}HTTP/1.1 404 Not Found
Connection: keep-alive
Content-Length: 58
Content-Type: application/json
X-Request-Id: 676426374684384614400

{"error":"not_found","request_id":"","routine":"MIOROUTE"}HTTP/1.1 404 Not Found
Connection: keep-alive
Content-Length: 58
Content-Type: application/json
X-Request-Id: 676426374684397214400

{"error":"not_found","request_id":"","routine":"MIOROUTE"}HTTP/1.1 404 Not Found
Connection: keep-alive
Content-Length: 58
Content-Type: application/json
X-Request-Id: 676426374684408214400

{"error":"not_found","request_id":"","routine":"MIOROUTE"}HTTP/1.1 404 Not Found
Connection: keep-alive
Content-Length: 58
Content-Type: application/json
X-Request-Id: 676426374684422014400

{"error":"not_found","request_id":"","routine":"MIOROUTE"}HTTP/1.1 404 Not Found
Connection: keep-alive
Content-Length: 58
Content-Type: application/json
X-Request-Id: 676426374684431714400

{"error":"not_found","request_id":"","routine":"MIOROUTE"}HTTP/1.1 404 Not Found
Connection: keep-alive
Content-Length: 58
Content-Type: application/json
X-Request-Id: 676426374684442214400

{"error":"not_found","request_id":"","routine":"MIOROUTE"}HTTP/1.1 404 Not Found
Connection: keep-alive
Content-Length: 58
Content-Type: application/json
X-Request-Id: 676426374684451814400

{"error":"not_found","request_id":"","routine":"MIOROUTE"}HTTP/1.1 404 Not Found
Connection: keep-alive
Content-Length: 58
Content-Type: application/json
X-Request-Id: 676426374684462014400

{"error":"not_found","request_id":"","routine":"MIOROUTE"}HTTP/1.1 404 Not Found
Connection: keep-alive
Content-Length: 58
Content-Type: application/json
X-Request-Id: 676426374684471914400

{"error":"not_found","request_id":"","routine":"MIOROUTE"}HTTP/1.1 404 Not Found
Connection: keep-alive
Content-Length: 58
Content-Type: application/json
X-Request-Id: 676426374684482414400

{"error":"not_found","request_id":"","routine":"MIOROUTE"}HTTP/1.1 404 Not Found
Connection: keep-alive
Content-Length: 58
Content-Type: application/json
X-Request-Id: 676426374684493114400

{"error":"not_found","request_id":"","routine":"MIOROUTE"}HTTP/1.1 404 Not Found
Connection: keep-alive
Content-Length: 58
Content-Type: application/json
X-Request-Id: 676426374684502914400

{"error":"not_found","request_id":"","routine":"MIOROUTE"}HTTP/1.1 404 Not Found
Connection: keep-alive
Content-Length: 58
Content-Type: application/json
X-Request-Id: 676426374684513714400

{"error":"not_found","request_id":"","routine":"MIOROUTE"}HTTP/1.1 404 Not Found
Connection: keep-alive
Content-Length: 58
Content-Type: application/json
X-Request-Id: 676426374684524214400

{"error":"not_found","request_id":"","routine":"MIOROUTE"}HTTP/1.1 404 Not Found
Connection: keep-alive
Content-Length: 58
Content-Type: application/json
X-Request-Id: 676426374684534514400

{"error":"not_found","request_id":"","routine":"MIOROUTE"}HTTP/1.1 404 Not Found
Connection: keep-alive
Content-Length: 58
Content-Type: application/json
X-Request-Id: 676426374684545014400

{"error":"not_found","request_id":"","routine":"MIOROUTE"}HTTP/1.1 404 Not Found
Connection: keep-alive
Content-Length: 58
Content-Type: application/json
X-Request-Id: 676426374684555914400

{"error":"not_found","request_id":"","routine":"MIOROUTE"}HTTP/1.1 404 Not Found
Connection: keep-alive
Content-Length: 58
Content-Type: application/json
X-Request-Id: 676426374684566414400

{"error":"not_found","request_id":"","routine":"MIOROUTE"}HTTP/1.1 404 Not Found
Connection: keep-alive
Content-Length: 58
Content-Type: application/json
X-Request-Id: 676426374684575714400

{"error":"not_found","request_id":"","routine":"MIOROUTE"}HTTP/1.1 404 Not Found
Connection: keep-alive
Content-Length: 58
Content-Type: application/json
X-Request-Id: 676426374684586214400

{"error":"not_found","request_id":"","routine":"MIOROUTE"}HTTP/1.1 404 Not Found
Connection: keep-alive
Content-Length: 58
Content-Type: application/json
X-Request-Id: 676426374684597014400

{"error":"not_found","request_id":"","routine":"MIOROUTE"}HTTP/1.1 404 Not Found
Connection: keep-alive
Content-Length: 58
Content-Type: application/json
X-Request-Id: 676426374684606814400

{"error":"not_found","request_id":"","routine":"MIOROUTE"}HTTP/1.1 404 Not Found
Connection: keep-alive
Content-Length: 58
Content-Type: application/json
X-Request-Id: 676426374684625414400

{"error":"not_found","request_id":"","routine":"MIOROUTE"}HTTP/1.1 404 Not Found
Connection: keep-alive
Content-Length: 58
Content-Type: application/json
X-Request-Id: 676426374684635514400

{"error":"not_found","request_id":"","routine":"MIOROUTE"}HTTP/1.1 404 Not Found
Connection: keep-alive
Content-Length: 58
Content-Type: application/json
X-Request-Id: 676426374684646314400

{"error":"not_found","request_id":"","routine":"MIOROUTE"}HTTP/1.1 404 Not Found
Connection: keep-alive
Content-Length: 58
Content-Type: application/json
X-Request-Id: 676426374684656314400

{"error":"not_found","request_id":"","routine":"MIOROUTE"}HTTP/1.1 404 Not Found
Connection: keep-alive
Content-Length: 58
Content-Type: application/json
X-Request-Id: 676426374684667114400

{"error":"not_found","request_id":"","routine":"MIOROUTE"}HTTP/1.1 404 Not Found
Connection: keep-alive
Content-Length: 58
Content-Type: application/json
X-Request-Id: 676426374684677614400

{"error":"not_found","request_id":"","routine":"MIOROUTE"}HTTP/1.1 404 Not Found
Connection: keep-alive
Content-Length: 58
Content-Type: application/json
X-Request-Id: 676426374684688214400

{"error":"not_found","request_id":"","routine":"MIOROUTE"}HTTP/1.1 404 Not Found
Connection: keep-alive
Content-Length: 58
Content-Type: application/json
X-Request-Id: 676426374684716914400

{"error":"not_found","request_id":"","routine":"MIOROUTE"}HTTP/1.1 404 Not Found
Connection: keep-alive
Content-Length: 58
Content-Type: application/json
X-Request-Id: 676426374684732114400

{"error":"not_found","request_id":"","routine":"MIOROUTE"}HTTP/1.1 404 Not Found
Connection: keep-alive
Content-Length: 58
Content-Type: application/json
X-Request-Id: 676426374684746314400

{"error":"not_found","request_id":"","routine":"MIOROUTE"}HTTP/1.1 404 Not Found
Connection: keep-alive
Content-Length: 58
Content-Type: application/json
X-Request-Id: 676426374684757914400

{"error":"not_found","request_id":"","routine":"MIOROUTE"}HTTP/1.1 404 Not Found
Connection: keep-alive
Content-Length: 58
Content-Type: application/json
X-Request-Id: 676426374684770314400

{"error":"not_found","request_id":"","routine":"MIOROUTE"}HTTP/1.1 404 Not Found
Connection: keep-alive
Content-Length: 58
Content-Type: application/json
X-Request-Id: 676426374684784714400

{"error":"not_found","request_id":"","routine":"MIOROUTE"}HTTP/1.1 404 Not Found
Connection: keep-alive
Content-Length: 58
Content-Type: application/json
X-Request-Id: 676426374684804914400

{"error":"not_found","request_id":"","routine":"MIOROUTE"}HTTP/1.1 404 Not Found
Connection: keep-alive
Content-Length: 58
Content-Type: application/json
X-Request-Id: 676426374684815814400

{"error":"not_found","request_id":"","routine":"MIOROUTE"}HTTP/1.1 404 Not Found
Connection: keep-alive
Content-Length: 58
Content-Type: application/json
X-Request-Id: 676426374684824914400

{"error":"not_found","request_id":"","routine":"MIOROUTE"}HTTP/1.1 404 Not Found
Connection: keep-alive
Content-Length: 58
Content-Type: application/json
X-Request-Id: 676426374684832014400

{"error":"not_found","request_id":"","routine":"MIOROUTE"}HTTP/1.1 404 Not Found
Connection: keep-alive
Content-Length: 58
Content-Type: application/json
X-Request-Id: 676426374684838714400

{"error":"not_found","request_id":"","routine":"MIOROUTE"}HTTP/1.1 404 Not Found
Connection: keep-alive
Content-Length: 58
Content-Type: application/json
X-Request-Id: 676426374684845314400

{"error":"not_found","request_id":"","routine":"MIOROUTE"}HTTP/1.1 404 Not Found
Connection: keep-alive
Content-Length: 58
Content-Type: application/json
X-Request-Id: 676426374684856714400

{"error":"not_found","request_id":"","routine":"MIOROUTE"}HTTP/1.1 404 Not Found
Connection: keep-alive
Content-Length: 58
Content-Type: application/json
X-Request-Id: 676426374684875014400

{"error":"not_found","request_id":"","routine":"MIOROUTE"}HTTP/1.1 404 Not Found
Connection: keep-alive
Content-Length: 58
Content-Type: application/json
X-Request-Id: 676426374684891114400

{"error":"not_found","request_id":"","routine":"MIOROUTE"}HTTP/1.1 404 Not Found
Connection: keep-alive
Content-Length: 58
Content-Type: application/json
X-Request-Id: 676426374684907214400

{"error":"not_found","request_id":"","routine":"MIOROUTE"}HTTP/1.1 404 Not Found
Connection: keep-alive
Content-Length: 58
Content-Type: application/json
X-Request-Id: 676426374684923014400

{"error":"not_found","request_id":"","routine":"MIOROUTE"}HTTP/1.1 404 Not Found
Connection: keep-alive
Content-Length: 58
Content-Type: application/json
X-Request-Id: 676426374684939314400

{"error":"not_found","request_id":"","routine":"MIOROUTE"}HTTP/1.1 404 Not Found
Connection: keep-alive
Content-Length: 58
Content-Type: application/json
X-Request-Id: 676426374684955514400

{"error":"not_found","request_id":"","routine":"MIOROUTE"}HTTP/1.1 404 Not Found
Connection: keep-alive
Content-Length: 58
Content-Type: application/json
X-Request-Id: 676426374684971214400

{"error":"not_found","request_id":"","routine":"MIOROUTE"}HTTP/1.1 404 Not Found
Connection: keep-alive
Content-Length: 58
Content-Type: application/json
X-Request-Id: 676426374684987014400

{"error":"not_found","request_id":"","routine":"MIOROUTE"}HTTP/1.1 404 Not Found
Connection: keep-alive
Content-Length: 58
Content-Type: application/json
X-Request-Id: 676426374685001614400

{"error":"not_found","request_id":"","routine":"MIOROUTE"}HTTP/1.1 404 Not Found
Connection: keep-alive
Content-Length: 58
Content-Type: application/json
X-Request-Id: 676426374685016214400

{"error":"not_found","request_id":"","routine":"MIOROUTE"}HTTP/1.1 404 Not Found
Connection: keep-alive
Content-Length: 58
Content-Type: application/json
X-Request-Id: 676426374685030514400

{"error":"not_found","request_id":"","routine":"MIOROUTE"}HTTP/1.1 404 Not Found
Connection: keep-alive
Content-Length: 58
Content-Type: application/json
X-Request-Id: 676426374685043014400

{"error":"not_found","request_id":"","routine":"MIOROUTE"}HTTP/1.1 404 Not Found
Connection: keep-alive
Content-Length: 58
Content-Type: application/json
X-Request-Id: 676426374685066114400

{"error":"not_found","request_id":"","routine":"MIOROUTE"}HTTP/1.1 404 Not Found
Connection: keep-alive
Content-Length: 58
Content-Type: application/json
X-Request-Id: 676426374685077514400

{"error":"not_found","request_id":"","routine":"MIOROUTE"}HTTP/1.1 404 Not Found
Connection: keep-alive
Content-Length: 58
Content-Type: application/json
X-Request-Id: 676426374685087814400

{"error":"not_found","request_id":"","routine":"MIOROUTE"}HTTP/1.1 404 Not Found
Connection: keep-alive
Content-Length: 58
Content-Type: application/json
X-Request-Id: 676426374685095114400

{"error":"not_found","request_id":"","routine":"MIOROUTE"}HTTP/1.1 404 Not Found
Connection: keep-alive
Content-Length: 58
Content-Type: application/json
X-Request-Id: 676426374685101814400

{"error":"not_found","request_id":"","routine":"MIOROUTE"}HTTP/1.1 404 Not Found
Connection: keep-alive
Content-Length: 58
Content-Type: application/json
X-Request-Id: 676426374685110214400

{"error":"not_found","request_id":"","routine":"MIOROUTE"}HTTP/1.1 404 Not Found
Connection: keep-alive
Content-Length: 58
Content-Type: application/json
X-Request-Id: 676426374685119914400

{"error":"not_found","request_id":"","routine":"MIOROUTE"}HTTP/1.1 404 Not Found
Connection: keep-alive
Content-Length: 58
Content-Type: application/json
X-Request-Id: 676426374685129114400

{"error":"not_found","request_id":"","routine":"MIOROUTE"}HTTP/1.1 404 Not Found
Connection: keep-alive
Content-Length: 58
Content-Type: application/json
X-Request-Id: 676426374685139914400

{"error":"not_found","request_id":"","routine":"MIOROUTE"}HTTP/1.1 404 Not Found
Connection: keep-alive
Content-Length: 58
Content-Type: application/json
X-Request-Id: 676426374685158114400

{"error":"not_found","request_id":"","routine":"MIOROUTE"}HTTP/1.1 404 Not Found
Connection: keep-alive
Content-Length: 58
Content-Type: application/json
X-Request-Id: 676426374685174614400

{"error":"not_found","request_id":"","routine":"MIOROUTE"}HTTP/1.1 404 Not Found
Connection: keep-alive
Content-Length: 58
Content-Type: application/json
X-Request-Id: 676426374685192414400

{"error":"not_found","request_id":"","routine":"MIOROUTE"}HTTP/1.1 404 Not Found
Connection: keep-alive
Content-Length: 58
Content-Type: application/json
X-Request-Id: 676426374685207514400

{"error":"not_found","request_id":"","routine":"MIOROUTE"}HTTP/1.1 404 Not Found
Connection: keep-alive
Content-Length: 58
Content-Type: application/json
X-Request-Id: 676426374685220614400

{"error":"not_found","request_id":"","routine":"MIOROUTE"}HTTP/1.1 404 Not Found
Connection: keep-alive
Content-Length: 58
Content-Type: application/json
X-Request-Id: 676426374685233914400

{"error":"not_found","request_id":"","routine":"MIOROUTE"}HTTP/1.1 404 Not Found
Connection: keep-alive
Content-Length: 58
Content-Type: application/json
X-Request-Id: 676426374685249314400

{"error":"not_found","request_id":"","routine":"MIOROUTE"}HTTP/1.1 404 Not Found
Connection: keep-alive
Content-Length: 58
Content-Type: application/json
X-Request-Id: 676426374685262314400

{"error":"not_found","request_id":"","routine":"MIOROUTE"}HTTP/1.1 404 Not Found
Connection: keep-alive
Content-Length: 58
Content-Type: application/json
X-Request-Id: 676426374685278314400

{"error":"not_found","request_id":"","routine":"MIOROUTE"}HTTP/1.1 404 Not Found
Connection: keep-alive
Content-Length: 58
Content-Type: application/json
X-Request-Id: 676426374685293714400

{"error":"not_found","request_id":"","routine":"MIOROUTE"}HTTP/1.1 404 Not Found
Connection: keep-alive
Content-Length: 58
Content-Type: application/json
X-Request-Id: 676426374685309214400

{"error":"not_found","request_id":"","routine":"MIOROUTE"}HTTP/1.1 404 Not Found
Connection: keep-alive
Content-Length: 58
Content-Type: application/json
X-Request-Id: 676426374685324214400

{"error":"not_found","request_id":"","routine":"MIOROUTE"}HTTP/1.1 404 Not Found
Connection: keep-alive
Content-Length: 58
Content-Type: application/json
X-Request-Id: 676426374685337014400

{"error":"not_found","request_id":"","routine":"MIOROUTE"}HTTP/1.1 404 Not Found
Connection: keep-alive
Content-Length: 58
Content-Type: application/json
X-Request-Id: 676426374685352714400

{"error":"not_found","request_id":"","routine":"MIOROUTE"}HTTP/1.1 404 Not Found
Connection: keep-alive
Content-Length: 58
Content-Type: application/json
X-Request-Id: 676426374685369114400

{"error":"not_found","request_id":"","routine":"MIOROUTE"}HTTP/1.1 404 Not Found
Connection: keep-alive
Content-Length: 58
Content-Type: application/json
X-Request-Id: 676426374685381814400

{"error":"not_found","request_id":"","routine":"MIOROUTE"}HTTP/1.1 404 Not Found
Connection: keep-alive
Content-Length: 58
Content-Type: application/json
X-Request-Id: 676426374685394314400

{"error":"not_found","request_id":"","routine":"MIOROUTE"}HTTP/1.1 404 Not Found
Connection: keep-alive
Content-Length: 58
Content-Type: application/json
X-Request-Id: 676426374685409514400

{"error":"not_found","request_id":"","routine":"MIOROUTE"}HTTP/1.1 404 Not Found
Connection: keep-alive
Content-Length: 58
Content-Type: application/json
X-Request-Id: 676426374685422014400

{"error":"not_found","request_id":"","routine":"MIOROUTE"}HTTP/1.1 404 Not Found
Connection: keep-alive
Content-Length: 58
Content-Type: application/json
X-Request-Id: 676426374685437614400

{"error":"not_found","request_id":"","routine":"MIOROUTE"}HTTP/1.1 404 Not Found
Connection: keep-alive
Content-Length: 58
Content-Type: application/json
X-Request-Id: 676426374685453814400

{"error":"not_found","request_id":"","routine":"MIOROUTE"}HTTP/1.1 404 Not Found
Connection: keep-alive
Content-Length: 58
Content-Type: application/json
X-Request-Id: 676426374685473014400

{"error":"not_found","request_id":"","routine":"MIOROUTE"}HTTP/1.1 404 Not Found
Connection: keep-alive
Content-Length: 58
Content-Type: application/json
X-Request-Id: 676426374685494214400

{"error":"not_found","request_id":"","routine":"MIOROUTE"}HTTP/1.1 404 Not Found
Connection: keep-alive
Content-Length: 58
Content-Type: application/json
X-Request-Id: 676426374685513514400

{"error":"not_found","request_id":"","routine":"MIOROUTE"}HTTP/1.1 404 Not Found
Connection: keep-alive
Content-Length: 58
Content-Type: application/json
X-Request-Id: 676426374685535914400

{"error":"not_found","request_id":"","routine":"MIOROUTE"}HTTP/1.1 404 Not Found
Connection: keep-alive
Content-Length: 58
Content-Type: application/json
X-Request-Id: 676426374685546414400

{"error":"not_found","request_id":"","routine":"MIOROUTE"}HTTP/1.1 404 Not Found
Connection: keep-alive
Content-Length: 58
Content-Type: application/json
X-Request-Id: 676426374685560114400

{"error":"not_found","request_id":"","routine":"MIOROUTE"}HTTP/1.1 404 Not Found
Connection: keep-alive
Content-Length: 58
Content-Type: application/json
X-Request-Id: 676426374685570714400

{"error":"not_found","request_id":"","routine":"MIOROUTE"}HTTP/1.1 404 Not Found
Connection: keep-alive
Content-Length: 58
Content-Type: application/json
X-Request-Id: 676426374685581414400

{"error":"not_found","request_id":"","routine":"MIOROUTE"}HTTP/1.1 404 Not Found
Connection: keep-alive
Content-Length: 58
Content-Type: application/json
X-Request-Id: 676426374685596014400

{"error":"not_found","request_id":"","routine":"MIOROUTE"}HTTP/1.1 404 Not Found
Connection: keep-alive
Content-Length: 58
Content-Type: application/json
X-Request-Id: 676426374685607314400

{"error":"not_found","request_id":"","routine":"MIOROUTE"}HTTP/1.1 404 Not Found
Connection: keep-alive
Content-Length: 58
Content-Type: application/json
X-Request-Id: 676426374685617914400

{"error":"not_found","request_id":"","routine":"MIOROUTE"}HTTP/1.1 404 Not Found
Connection: keep-alive
Content-Length: 58
Content-Type: application/json
X-Request-Id: 676426374685626914400

{"error":"not_found","request_id":"","routine":"MIOROUTE"}HTTP/1.1 404 Not Found
Connection: keep-alive
Content-Length: 58
Content-Type: application/json
X-Request-Id: 676426374685634814400

{"error":"not_found","request_id":"","routine":"MIOROUTE"}HTTP/1.1 404 Not Found
Connection: keep-alive
Content-Length: 58
Content-Type: application/json
X-Request-Id: 676426374685646514400

{"error":"not_found","request_id":"","routine":"MIOROUTE"}HTTP/1.1 404 Not Found
Connection: keep-alive
Content-Length: 58
Content-Type: application/json
X-Request-Id: 676426374685658114400

{"error":"not_found","request_id":"","routine":"MIOROUTE"}HTTP/1.1 404 Not Found
Connection: keep-alive
Content-Length: 58
Content-Type: application/json
X-Request-Id: 676426374685668614400

{"error":"not_found","request_id":"","routine":"MIOROUTE"}HTTP/1.1 404 Not Found
Connection: keep-alive
Content-Length: 58
Content-Type: application/json
X-Request-Id: 676426374685679414400

{"error":"not_found","request_id":"","routine":"MIOROUTE"}HTTP/1.1 404 Not Found
Connection: keep-alive
Content-Length: 58
Content-Type: application/json
X-Request-Id: 676426374685689214400

{"error":"not_found","request_id":"","routine":"MIOROUTE"}HTTP/1.1 404 Not Found
Connection: keep-alive
Content-Length: 58
Content-Type: application/json
X-Request-Id: 676426374685699914400

{"error":"not_found","request_id":"","routine":"MIOROUTE"}HTTP/1.1 404 Not Found
Connection: keep-alive
Content-Length: 58
Content-Type: application/json
X-Request-Id: 676426374685709514400

{"error":"not_found","request_id":"","routine":"MIOROUTE"}HTTP/1.1 404 Not Found
Connection: keep-alive
Content-Length: 58
Content-Type: application/json
X-Request-Id: 676426374685718914400

{"error":"not_found","request_id":"","routine":"MIOROUTE"}HTTP/1.1 404 Not Found
Connection: keep-alive
Content-Length: 58
Content-Type: application/json
X-Request-Id: 676426374685729414400

{"error":"not_found","request_id":"","routine":"MIOROUTE"}HTTP/1.1 404 Not Found
Connection: keep-alive
Content-Length: 58
Content-Type: application/json
X-Request-Id: 676426374685740114400

{"error":"not_found","request_id":"","routine":"MIOROUTE"}HTTP/1.1 404 Not Found
Connection: keep-alive
Content-Length: 58
Content-Type: application/json
X-Request-Id: 676426374685749814400

{"error":"not_found","request_id":"","routine":"MIOROUTE"}HTTP/1.1 404 Not Found
Connection: keep-alive
Content-Length: 58
Content-Type: application/json
X-Request-Id: 676426374685760514400

{"error":"not_found","request_id":"","routine":"MIOROUTE"}HTTP/1.1 404 Not Found
Connection: keep-alive
Content-Length: 58
Content-Type: application/json
X-Request-Id: 676426374685770114400

{"error":"not_found","request_id":"","routine":"MIOROUTE"}HTTP/1.1 404 Not Found
Connection: keep-alive
Content-Length: 58
Content-Type: application/json
X-Request-Id: 676426374685780814400

{"error":"not_found","request_id":"","routine":"MIOROUTE"}HTTP/1.1 404 Not Found
Connection: keep-alive
Content-Length: 58
Content-Type: application/json
X-Request-Id: 676426374685790414400

{"error":"not_found","request_id":"","routine":"MIOROUTE"}HTTP/1.1 404 Not Found
Connection: keep-alive
Content-Length: 58
Content-Type: application/json
X-Request-Id: 676426374685801114400

{"error":"not_found","request_id":"","routine":"MIOROUTE"}HTTP/1.1 404 Not Found
Connection: keep-alive
Content-Length: 58
Content-Type: application/json
X-Request-Id: 676426374685814614400

{"error":"not_found","request_id":"","routine":"MIOROUTE"}HTTP/1.1 404 Not Found
Connection: keep-alive
Content-Length: 58
Content-Type: application/json
X-Request-Id: 676426374685826214400

{"error":"not_found","request_id":"","routine":"MIOROUTE"}HTTP/1.1 404 Not Found
Connection: keep-alive
Content-Length: 58
Content-Type: application/json
X-Request-Id: 676426374685836614400

{"error":"not_found","request_id":"","routine":"MIOROUTE"}HTTP/1.1 404 Not Found
Connection: keep-alive
Content-Length: 58
Content-Type: application/json
X-Request-Id: 676426374685847214400

{"error":"not_found","request_id":"","routine":"MIOROUTE"}HTTP/1.1 404 Not Found
Connection: keep-alive
Content-Length: 58
Content-Type: application/json
X-Request-Id: 676426374685856814400

{"error":"not_found","request_id":"","routine":"MIOROUTE"}HTTP/1.1 404 Not Found
Connection: keep-alive
Content-Length: 58
Content-Type: application/json
X-Request-Id: 676426374685867514400

{"error":"not_found","request_id":"","routine":"MIOROUTE"}HTTP/1.1 404 Not Found
Connection: keep-alive
Content-Length: 58
Content-Type: application/json
X-Request-Id: 676426374685887614400

{"error":"not_found","request_id":"","routine":"MIOROUTE"}HTTP/1.1 404 Not Found
Connection: keep-alive
Content-Length: 58
Content-Type: application/json
X-Request-Id: 676426374685898414400

{"error":"not_found","request_id":"","routine":"MIOROUTE"}HTTP/1.1 404 Not Found
Connection: keep-alive
Content-Length: 58
Content-Type: application/json
X-Request-Id: 676426374685909514400

{"error":"not_found","request_id":"","routine":"MIOROUTE"}HTTP/1.1 404 Not Found
Connection: keep-alive
Content-Length: 58
Content-Type: application/json
X-Request-Id: 676426374685922814400

{"error":"not_found","request_id":"","routine":"MIOROUTE"}HTTP/1.1 404 Not Found
Connection: keep-alive
Content-Length: 58
Content-Type: application/json
X-Request-Id: 676426374685934914400

{"error":"not_found","request_id":"","routine":"MIOROUTE"}HTTP/1.1 404 Not Found
Connection: keep-alive
Content-Length: 58
Content-Type: application/json
X-Request-Id: 676426374685946514400

{"error":"not_found","request_id":"","routine":"MIOROUTE"}HTTP/1.1 404 Not Found
Connection: keep-alive
Content-Length: 58
Content-Type: application/json
X-Request-Id: 676426374685958014400

{"error":"not_found","request_id":"","routine":"MIOROUTE"}HTTP/1.1 404 Not Found
Connection: keep-alive
Content-Length: 58
Content-Type: application/json
X-Request-Id: 676426374685968114400

{"error":"not_found","request_id":"","routine":"MIOROUTE"}HTTP/1.1 404 Not Found
Connection: keep-alive
Content-Length: 58
Content-Type: application/json
X-Request-Id: 676426374685978614400

{"error":"not_found","request_id":"","routine":"MIOROUTE"}HTTP/1.1 404 Not Found
Connection: keep-alive
Content-Length: 58
Content-Type: application/json
X-Request-Id: 676426374685990114400

{"error":"not_found","request_id":"","routine":"MIOROUTE"}HTTP/1.1 404 Not Found
Connection: keep-alive
Content-Length: 58
Content-Type: application/json
X-Request-Id: 676426374686001814400

{"error":"not_found","request_id":"","routine":"MIOROUTE"}HTTP/1.1 404 Not Found
Connection: keep-alive
Content-Length: 58
Content-Type: application/json
X-Request-Id: 676426374686012514400

{"error":"not_found","request_id":"","routine":"MIOROUTE"}HTTP/1.1 404 Not Found
Connection: keep-alive
Content-Length: 58
Content-Type: application/json
X-Request-Id: 676426374686022714400

{"error":"not_found","request_id":"","routine":"MIOROUTE"}HTTP/1.1 404 Not Found
Connection: keep-alive
Content-Length: 58
Content-Type: application/json
X-Request-Id: 676426374686033114400

{"error":"not_found","request_id":"","routine":"MIOROUTE"}HTTP/1.1 404 Not Found
Connection: keep-alive
Content-Length: 58
Content-Type: application/json
X-Request-Id: 676426374686044814400

{"error":"not_found","request_id":"","routine":"MIOROUTE"}HTTP/1.1 404 Not Found
Connection: keep-alive
Content-Length: 58
Content-Type: application/json
X-Request-Id: 676426374686055214400

{"error":"not_found","request_id":"","routine":"MIOROUTE"}HTTP/1.1 404 Not Found
Connection: keep-alive
Content-Length: 58
Content-Type: application/json
X-Request-Id: 676426374686065914400

{"error":"not_found","request_id":"","routine":"MIOROUTE"}HTTP/1.1 404 Not Found
Connection: keep-alive
Content-Length: 58
Content-Type: application/json
X-Request-Id: 676426374686076314400

{"error":"not_found","request_id":"","routine":"MIOROUTE"}HTTP/1.1 404 Not Found
Connection: keep-alive
Content-Length: 58
Content-Type: application/json
X-Request-Id: 676426374686086714400

{"error":"not_found","request_id":"","routine":"MIOROUTE"}HTTP/1.1 404 Not Found
Connection: keep-alive
Content-Length: 58
Content-Type: application/json
X-Request-Id: 676426374686098414400

{"error":"not_found","request_id":"","routine":"MIOROUTE"}HTTP/1.1 404 Not Found
Connection: keep-alive
Content-Length: 58
Content-Type: application/json
X-Request-Id: 676426374686109314400

{"error":"not_found","request_id":"","routine":"MIOROUTE"}HTTP/1.1 404 Not Found
Connection: keep-alive
Content-Length: 58
Content-Type: application/json
X-Request-Id: 676426374686121014400

{"error":"not_found","request_id":"","routine":"MIOROUTE"}HTTP/1.1 404 Not Found
Connection: keep-alive
Content-Length: 58
Content-Type: application/json
X-Request-Id: 676426374686131314400

{"error":"not_found","request_id":"","routine":"MIOROUTE"}HTTP/1.1 404 Not Found
Connection: keep-alive
Content-Length: 58
Content-Type: application/json
X-Request-Id: 676426374686143214400

{"error":"not_found","request_id":"","routine":"MIOROUTE"}HTTP/1.1 404 Not Found
Connection: keep-alive
Content-Length: 58
Content-Type: application/json
X-Request-Id: 676426374686153414400

{"error":"not_found","request_id":"","routine":"MIOROUTE"}HTTP/1.1 404 Not Found
Connection: keep-alive
Content-Length: 58
Content-Type: application/json
X-Request-Id: 676426374686165314400

{"error":"not_found","request_id":"","routine":"MIOROUTE"}HTTP/1.1 404 Not Found
Connection: keep-alive
Content-Length: 58
Content-Type: application/json
X-Request-Id: 676426374686175414400

{"error":"not_found","request_id":"","routine":"MIOROUTE"}HTTP/1.1 404 Not Found
Connection: keep-alive
Content-Length: 58
Content-Type: application/json
X-Request-Id: 676426374686186014400

{"error":"not_found","request_id":"","routine":"MIOROUTE"}HTTP/1.1 404 Not Found
Connection: keep-alive
Content-Length: 58
Content-Type: application/json
X-Request-Id: 676426374686195614400

{"error":"not_found","request_id":"","routine":"MIOROUTE"}HTTP/1.1 404 Not Found
Connection: keep-alive
Content-Length: 58
Content-Type: application/json
X-Request-Id: 676426374686206114400

{"error":"not_found","request_id":"","routine":"MIOROUTE"}HTTP/1.1 404 Not Found
Connection: keep-alive
Content-Length: 58
Content-Type: application/json
X-Request-Id: 676426374686215714400

{"error":"not_found","request_id":"","routine":"MIOROUTE"}HTTP/1.1 404 Not Found
Connection: keep-alive
Content-Length: 58
Content-Type: application/json
X-Request-Id: 676426374686227614400

{"error":"not_found","request_id":"","routine":"MIOROUTE"}HTTP/1.1 404 Not Found
Connection: keep-alive
Content-Length: 58
Content-Type: application/json
X-Request-Id: 676426374686246814400

{"error":"not_found","request_id":"","routine":"MIOROUTE"}HTTP/1.1 404 Not Found
Connection: keep-alive
Content-Length: 58
Content-Type: application/json
X-Request-Id: 676426374686257014400

{"error":"not_found","request_id":"","routine":"MIOROUTE"}HTTP/1.1 404 Not Found
Connection: keep-alive
Content-Length: 58
Content-Type: application/json
X-Request-Id: 676426374686268814400

{"error":"not_found","request_id":"","routine":"MIOROUTE"}HTTP/1.1 404 Not Found
Connection: keep-alive
Content-Length: 58
Content-Type: application/json
X-Request-Id: 676426374686279114400

{"error":"not_found","request_id":"","routine":"MIOROUTE"}HTTP/1.1 404 Not Found
Connection: keep-alive
Content-Length: 58
Content-Type: application/json
X-Request-Id: 676426374686291014400

{"error":"not_found","request_id":"","routine":"MIOROUTE"}HTTP/1.1 404 Not Found
Connection: keep-alive
Content-Length: 58
Content-Type: application/json
X-Request-Id: 676426374686301114400

{"error":"not_found","request_id":"","routine":"MIOROUTE"}HTTP/1.1 404 Not Found
Connection: keep-alive
Content-Length: 58
Content-Type: application/json
X-Request-Id: 676426374686311714400

{"error":"not_found","request_id":"","routine":"MIOROUTE"}HTTP/1.1 404 Not Found
Connection: keep-alive
Content-Length: 58
Content-Type: application/json
X-Request-Id: 676426374686321214400

{"error":"not_found","request_id":"","routine":"MIOROUTE"}HTTP/1.1 404 Not Found
Connection: keep-alive
Content-Length: 58
Content-Type: application/json
X-Request-Id: 676426374686331814400

{"error":"not_found","request_id":"","routine":"MIOROUTE"}HTTP/1.1 404 Not Found
Connection: keep-alive
Content-Length: 58
Content-Type: application/json
X-Request-Id: 676426374686343514400

{"error":"not_found","request_id":"","routine":"MIOROUTE"}HTTP/1.1 404 Not Found
Connection: keep-alive
Content-Length: 58
Content-Type: application/json
X-Request-Id: 676426374686354314400

{"error":"not_found","request_id":"","routine":"MIOROUTE"}HTTP/1.1 404 Not Found
Connection: keep-alive
Content-Length: 58
Content-Type: application/json
X-Request-Id: 676426374686363414400

{"error":"not_found","request_id":"","routine":"MIOROUTE"}HTTP/1.1 404 Not Found
Connection: keep-alive
Content-Length: 58
Content-Type: application/json
X-Request-Id: 676426374686375114400

{"error":"not_found","request_id":"","routine":"MIOROUTE"}HTTP/1.1 404 Not Found
Connection: keep-alive
Content-Length: 58
Content-Type: application/json
X-Request-Id: 676426374686385414400

{"error":"not_found","request_id":"","routine":"MIOROUTE"}HTTP/1.1 404 Not Found
Connection: keep-alive
Content-Length: 58
Content-Type: application/json
X-Request-Id: 676426374686397814400

{"error":"not_found","request_id":"","routine":"MIOROUTE"}HTTP/1.1 404 Not Found
Connection: keep-alive
Content-Length: 58
Content-Type: application/json
X-Request-Id: 676426374686410614400

{"error":"not_found","request_id":"","routine":"MIOROUTE"}HTTP/1.1 404 Not Found
Connection: keep-alive
Content-Length: 58
Content-Type: application/json
X-Request-Id: 676426374686420714400

{"error":"not_found","request_id":"","routine":"MIOROUTE"}HTTP/1.1 404 Not Found
Connection: keep-alive
Content-Length: 58
Content-Type: application/json
X-Request-Id: 676426374686431314400

{"error":"not_found","request_id":"","routine":"MIOROUTE"}HTTP/1.1 404 Not Found
Connection: keep-alive
Content-Length: 58
Content-Type: application/json
X-Request-Id: 676426374686440914400

{"error":"not_found","request_id":"","routine":"MIOROUTE"}HTTP/1.1 404 Not Found
Connection: keep-alive
Content-Length: 58
Content-Type: application/json
X-Request-Id: 676426374686452814400

{"error":"not_found","request_id":"","routine":"MIOROUTE"}HTTP/1.1 404 Not Found
Connection: keep-alive
Content-Length: 58
Content-Type: application/json
X-Request-Id: 676426374686462814400

{"error":"not_found","request_id":"","routine":"MIOROUTE"}HTTP/1.1 404 Not Found
Connection: keep-alive
Content-Length: 58
Content-Type: application/json
X-Request-Id: 676426374686474614400

{"error":"not_found","request_id":"","routine":"MIOROUTE"}HTTP/1.1 404 Not Found
Connection: keep-alive
Content-Length: 58
Content-Type: application/json
X-Request-Id: 676426374686507314400

{"error":"not_found","request_id":"","routine":"MIOROUTE"}HTTP/1.1 404 Not Found
Connection: keep-alive
Content-Length: 58
Content-Type: application/json
X-Request-Id: 676426374686525414400

{"error":"not_found","request_id":"","routine":"MIOROUTE"}HTTP/1.1 404 Not Found
Connection: keep-alive
Content-Length: 58
Content-Type: application/json
X-Request-Id: 676426374686541314400

{"error":"not_found","request_id":"","routine":"MIOROUTE"}HTTP/1.1 404 Not Found
Connection: keep-alive
Content-Length: 58
Content-Type: application/json
X-Request-Id: 676426374686552714400

{"error":"not_found","request_id":"","routine":"MIOROUTE"}HTTP/1.1 404 Not Found
Connection: keep-alive
Content-Length: 58
Content-Type: application/json
X-Request-Id: 676426374686559914400

{"error":"not_found","request_id":"","routine":"MIOROUTE"}HTTP/1.1 404 Not Found
Connection: keep-alive
Content-Length: 58
Content-Type: application/json
X-Request-Id: 676426374686566714400

{"error":"not_found","request_id":"","routine":"MIOROUTE"}HTTP/1.1 404 Not Found
Connection: keep-alive
Content-Length: 58
Content-Type: application/json
X-Request-Id: 676426374686573514400

{"error":"not_found","request_id":"","routine":"MIOROUTE"}HTTP/1.1 404 Not Found
Connection: keep-alive
Content-Length: 58
Content-Type: application/json
X-Request-Id: 676426374686582514400

{"error":"not_found","request_id":"","routine":"MIOROUTE"}HTTP/1.1 404 Not Found
Connection: keep-alive
Content-Length: 58
Content-Type: application/json
X-Request-Id: 676426374686595314400

{"error":"not_found","request_id":"","routine":"MIOROUTE"}HTTP/1.1 404 Not Found
Connection: keep-alive
Content-Length: 58
Content-Type: application/json
X-Request-Id: 676426374686602214400

{"error":"not_found","request_id":"","routine":"MIOROUTE"}HTTP/1.1 404 Not Found
Connection: keep-alive
Content-Length: 58
Content-Type: application/json
X-Request-Id: 676426374686608914400

{"error":"not_found","request_id":"","routine":"MIOROUTE"}HTTP/1.1 404 Not Found
Connection: keep-alive
Content-Length: 58
Content-Type: application/json
X-Request-Id: 676426374686626214400

{"error":"not_found","request_id":"","routine":"MIOROUTE"}HTTP/1.1 404 Not Found
Connection: keep-alive
Content-Length: 58
Content-Type: application/json
X-Request-Id: 676426374686637414400

{"error":"not_found","request_id":"","routine":"MIOROUTE"}HTTP/1.1 404 Not Found
Connection: keep-alive
Content-Length: 58
Content-Type: application/json
X-Request-Id: 676426374686649114400

{"error":"not_found","request_id":"","routine":"MIOROUTE"}HTTP/1.1 404 Not Found
Connection: keep-alive
Content-Length: 58
Content-Type: application/json
X-Request-Id: 676426374686659014400

{"error":"not_found","request_id":"","routine":"MIOROUTE"}HTTP/1.1 404 Not Found
Connection: keep-alive
Content-Length: 58
Content-Type: application/json
X-Request-Id: 676426374686670014400

{"error":"not_found","request_id":"","routine":"MIOROUTE"}HTTP/1.1 404 Not Found
Connection: keep-alive
Content-Length: 58
Content-Type: application/json
X-Request-Id: 676426374686679214400

{"error":"not_found","request_id":"","routine":"MIOROUTE"}HTTP/1.1 404 Not Found
Connection: keep-alive
Content-Length: 58
Content-Type: application/json
X-Request-Id: 676426374686686414400

{"error":"not_found","request_id":"","routine":"MIOROUTE"}HTTP/1.1 404 Not Found
Connection: keep-alive
Content-Length: 58
Content-Type: application/json
X-Request-Id: 676426374686695114400

{"error":"not_found","request_id":"","routine":"MIOROUTE"}HTTP/1.1 404 Not Found
Connection: keep-alive
Content-Length: 58
Content-Type: application/json
X-Request-Id: 676426374686706414400

{"error":"not_found","request_id":"","routine":"MIOROUTE"}HTTP/1.1 404 Not Found
Connection: keep-alive
Content-Length: 58
Content-Type: application/json
X-Request-Id: 676426374686713514400

{"error":"not_found","request_id":"","routine":"MIOROUTE"}HTTP/1.1 404 Not Found
Connection: keep-alive
Content-Length: 58
Content-Type: application/json
X-Request-Id: 676426374686722214400

{"error":"not_found","request_id":"","routine":"MIOROUTE"}HTTP/1.1 404 Not Found
Connection: keep-alive
Content-Length: 58
Content-Type: application/json
X-Request-Id: 676426374686733314400

{"error":"not_found","request_id":"","routine":"MIOROUTE"}HTTP/1.1 404 Not Found
Connection: keep-alive
Content-Length: 58
Content-Type: application/json
X-Request-Id: 676426374686740114400

{"error":"not_found","request_id":"","routine":"MIOROUTE"}HTTP/1.1 404 Not Found
Connection: keep-alive
Content-Length: 58
Content-Type: application/json
X-Request-Id: 676426374686748614400

{"error":"not_found","request_id":"","routine":"MIOROUTE"}HTTP/1.1 404 Not Found
Connection: keep-alive
Content-Length: 58
Content-Type: application/json
X-Request-Id: 676426374686761014400

{"error":"not_found","request_id":"","routine":"MIOROUTE"}HTTP/1.1 404 Not Found
Connection: keep-alive
Content-Length: 58
Content-Type: application/json
X-Request-Id: 676426374686767814400

{"error":"not_found","request_id":"","routine":"MIOROUTE"}HTTP/1.1 404 Not Found
Connection: keep-alive
Content-Length: 58
Content-Type: application/json
X-Request-Id: 676426374686774214400

{"error":"not_found","request_id":"","routine":"MIOROUTE"}HTTP/1.1 404 Not Found
Connection: keep-alive
Content-Length: 58
Content-Type: application/json
X-Request-Id: 676426374686784614400

{"error":"not_found","request_id":"","routine":"MIOROUTE"}HTTP/1.1 404 Not Found
Connection: keep-alive
Content-Length: 58
Content-Type: application/json
X-Request-Id: 676426374686800014400

{"error":"not_found","request_id":"","routine":"MIOROUTE"}HTTP/1.1 404 Not Found
Connection: keep-alive
Content-Length: 58
Content-Type: application/json
X-Request-Id: 676426374686811414400

{"error":"not_found","request_id":"","routine":"MIOROUTE"}HTTP/1.1 404 Not Found
Connection: keep-alive
Content-Length: 58
Content-Type: application/json
X-Request-Id: 676426374686820514400

{"error":"not_found","request_id":"","routine":"MIOROUTE"}HTTP/1.1 404 Not Found
Connection: keep-alive
Content-Length: 58
Content-Type: application/json
X-Request-Id: 676426374686827514400

{"error":"not_found","request_id":"","routine":"MIOROUTE"}HTTP/1.1 404 Not Found
Connection: keep-alive
Content-Length: 58
Content-Type: application/json
X-Request-Id: 676426374686836314400

{"error":"not_found","request_id":"","routine":"MIOROUTE"}HTTP/1.1 404 Not Found
Connection: keep-alive
Content-Length: 58
Content-Type: application/json
X-Request-Id: 676426374686843314400

{"error":"not_found","request_id":"","routine":"MIOROUTE"}HTTP/1.1 404 Not Found
Connection: keep-alive
Content-Length: 58
Content-Type: application/json
X-Request-Id: 676426374686851814400

{"error":"not_found","request_id":"","routine":"MIOROUTE"}HTTP/1.1 404 Not Found
Connection: keep-alive
Content-Length: 58
Content-Type: application/json
X-Request-Id: 676426374686861014400

{"error":"not_found","request_id":"","routine":"MIOROUTE"}HTTP/1.1 404 Not Found
Connection: keep-alive
Content-Length: 58
Content-Type: application/json
X-Request-Id: 676426374686870314400

{"error":"not_found","request_id":"","routine":"MIOROUTE"}HTTP/1.1 404 Not Found
Connection: keep-alive
Content-Length: 58
Content-Type: application/json
X-Request-Id: 676426374686879414400

{"error":"not_found","request_id":"","routine":"MIOROUTE"}HTTP/1.1 404 Not Found
Connection: keep-alive
Content-Length: 58
Content-Type: application/json
X-Request-Id: 676426374686888914400

{"error":"not_found","request_id":"","routine":"MIOROUTE"}HTTP/1.1 404 Not Found
Connection: keep-alive
Content-Length: 58
Content-Type: application/json
X-Request-Id: 676426374686895614400

{"error":"not_found","request_id":"","routine":"MIOROUTE"}HTTP/1.1 404 Not Found
Connection: keep-alive
Content-Length: 58
Content-Type: application/json
X-Request-Id: 676426374686904314400

{"error":"not_found","request_id":"","routine":"MIOROUTE"}HTTP/1.1 404 Not Found
Connection: keep-alive
Content-Length: 58
Content-Type: application/json
X-Request-Id: 676426374686911314400

{"error":"not_found","request_id":"","routine":"MIOROUTE"}HTTP/1.1 404 Not Found
Connection: keep-alive
Content-Length: 58
Content-Type: application/json
X-Request-Id: 676426374686928114400

{"error":"not_found","request_id":"","routine":"MIOROUTE"}HTTP/1.1 404 Not Found
Connection: keep-alive
Content-Length: 58
Content-Type: application/json
X-Request-Id: 676426374686939314400

{"error":"not_found","request_id":"","routine":"MIOROUTE"}HTTP/1.1 404 Not Found
Connection: keep-alive
Content-Length: 58
Content-Type: application/json
X-Request-Id: 676426374686948614400

{"error":"not_found","request_id":"","routine":"MIOROUTE"}HTTP/1.1 404 Not Found
Connection: keep-alive
Content-Length: 58
Content-Type: application/json
X-Request-Id: 676426374686957914400

{"error":"not_found","request_id":"","routine":"MIOROUTE"}HTTP/1.1 404 Not Found
Connection: keep-alive
Content-Length: 58
Content-Type: application/json
X-Request-Id: 676426374686967214400

{"error":"not_found","request_id":"","routine":"MIOROUTE"}HTTP/1.1 404 Not Found
Connection: keep-alive
Content-Length: 58
Content-Type: application/json
X-Request-Id: 676426374686978714400

{"error":"not_found","request_id":"","routine":"MIOROUTE"}HTTP/1.1 404 Not Found
Connection: keep-alive
Content-Length: 58
Content-Type: application/json
X-Request-Id: 676426374686990914400

{"error":"not_found","request_id":"","routine":"MIOROUTE"}HTTP/1.1 404 Not Found
Connection: keep-alive
Content-Length: 58
Content-Type: application/json
X-Request-Id: 676426374686997914400

{"error":"not_found","request_id":"","routine":"MIOROUTE"}HTTP/1.1 404 Not Found
Connection: keep-alive
Content-Length: 58
Content-Type: application/json
X-Request-Id: 676426374687007114400

{"error":"not_found","request_id":"","routine":"MIOROUTE"}HTTP/1.1 404 Not Found
Connection: keep-alive
Content-Length: 58
Content-Type: application/json
X-Request-Id: 676426374687014114400

{"error":"not_found","request_id":"","routine":"MIOROUTE"}HTTP/1.1 404 Not Found
Connection: keep-alive
Content-Length: 58
Content-Type: application/json
X-Request-Id: 676426374687020614400

{"error":"not_found","request_id":"","routine":"MIOROUTE"}HTTP/1.1 404 Not Found
Connection: keep-alive
Content-Length: 58
Content-Type: application/json
X-Request-Id: 676426374687029414400

{"error":"not_found","request_id":"","routine":"MIOROUTE"}HTTP/1.1 404 Not Found
Connection: keep-alive
Content-Length: 58
Content-Type: application/json
X-Request-Id: 676426374687038714400

{"error":"not_found","request_id":"","routine":"MIOROUTE"}HTTP/1.1 404 Not Found
Connection: keep-alive
Content-Length: 58
Content-Type: application/json
X-Request-Id: 676426374687049914400

{"error":"not_found","request_id":"","routine":"MIOROUTE"}HTTP/1.1 404 Not Found
Connection: keep-alive
Content-Length: 58
Content-Type: application/json
X-Request-Id: 676426374687060814400

{"error":"not_found","request_id":"","routine":"MIOROUTE"}HTTP/1.1 404 Not Found
Connection: keep-alive
Content-Length: 58
Content-Type: application/json
X-Request-Id: 676426374687069714400

{"error":"not_found","request_id":"","routine":"MIOROUTE"}HTTP/1.1 404 Not Found
Connection: keep-alive
Content-Length: 58
Content-Type: application/json
X-Request-Id: 676426374687078814400

{"error":"not_found","request_id":"","routine":"MIOROUTE"}HTTP/1.1 404 Not Found
Connection: keep-alive
Content-Length: 58
Content-Type: application/json
X-Request-Id: 676426374687087914400

{"error":"not_found","request_id":"","routine":"MIOROUTE"}HTTP/1.1 404 Not Found
Connection: keep-alive
Content-Length: 58
Content-Type: application/json
X-Request-Id: 676426374687097114400

{"error":"not_found","request_id":"","routine":"MIOROUTE"}HTTP/1.1 404 Not Found
Connection: keep-alive
Content-Length: 58
Content-Type: application/json
X-Request-Id: 676426374687106314400

{"error":"not_found","request_id":"","routine":"MIOROUTE"}HTTP/1.1 404 Not Found
Connection: keep-alive
Content-Length: 58
Content-Type: application/json
X-Request-Id: 676426374687113314400

{"error":"not_found","request_id":"","routine":"MIOROUTE"}HTTP/1.1 404 Not Found
Connection: keep-alive
Content-Length: 58
Content-Type: application/json
X-Request-Id: 676426374687122014400

{"error":"not_found","request_id":"","routine":"MIOROUTE"}HTTP/1.1 404 Not Found
Connection: keep-alive
Content-Length: 58
Content-Type: application/json
X-Request-Id: 676426374687128914400

{"error":"not_found","request_id":"","routine":"MIOROUTE"}HTTP/1.1 404 Not Found
Connection: keep-alive
Content-Length: 58
Content-Type: application/json
X-Request-Id: 676426374687137714400

{"error":"not_found","request_id":"","routine":"MIOROUTE"}HTTP/1.1 404 Not Found
Connection: keep-alive
Content-Length: 58
Content-Type: application/json
X-Request-Id: 676426374687146714400

{"error":"not_found","request_id":"","routine":"MIOROUTE"}HTTP/1.1 404 Not Found
Connection: keep-alive
Content-Length: 58
Content-Type: application/json
X-Request-Id: 676426374687156514400

{"error":"not_found","request_id":"","routine":"MIOROUTE"}HTTP/1.1 404 Not Found
Connection: keep-alive
Content-Length: 58
Content-Type: application/json
X-Request-Id: 676426374687166014400

{"error":"not_found","request_id":"","routine":"MIOROUTE"}HTTP/1.1 404 Not Found
Connection: keep-alive
Content-Length: 58
Content-Type: application/json
X-Request-Id: 676426374687175914400

{"error":"not_found","request_id":"","routine":"MIOROUTE"}HTTP/1.1 404 Not Found
Connection: keep-alive
Content-Length: 58
Content-Type: application/json
X-Request-Id: 676426374687185014400

{"error":"not_found","request_id":"","routine":"MIOROUTE"}HTTP/1.1 404 Not Found
Connection: keep-alive
Content-Length: 58
Content-Type: application/json
X-Request-Id: 676426374687197814400

{"error":"not_found","request_id":"","routine":"MIOROUTE"}HTTP/1.1 404 Not Found
Connection: keep-alive
Content-Length: 58
Content-Type: application/json
X-Request-Id: 676426374687208414400

{"error":"not_found","request_id":"","routine":"MIOROUTE"}HTTP/1.1 404 Not Found
Connection: keep-alive
Content-Length: 58
Content-Type: application/json
X-Request-Id: 676426374687217514400

{"error":"not_found","request_id":"","routine":"MIOROUTE"}HTTP/1.1 404 Not Found
Connection: keep-alive
Content-Length: 58
Content-Type: application/json
X-Request-Id: 676426374687234414400

{"error":"not_found","request_id":"","routine":"MIOROUTE"}HTTP/1.1 404 Not Found
Connection: keep-alive
Content-Length: 58
Content-Type: application/json
X-Request-Id: 676426374687245614400

{"error":"not_found","request_id":"","routine":"MIOROUTE"}HTTP/1.1 404 Not Found
Connection: keep-alive
Content-Length: 58
Content-Type: application/json
X-Request-Id: 676426374687252414400

{"error":"not_found","request_id":"","routine":"MIOROUTE"}HTTP/1.1 404 Not Found
Connection: keep-alive
Content-Length: 58
Content-Type: application/json
X-Request-Id: 676426374687259014400

{"error":"not_found","request_id":"","routine":"MIOROUTE"}HTTP/1.1 404 Not Found
Connection: keep-alive
Content-Length: 58
Content-Type: application/json
X-Request-Id: 676426374687265514400

{"error":"not_found","request_id":"","routine":"MIOROUTE"}HTTP/1.1 404 Not Found
Connection: keep-alive
Content-Length: 58
Content-Type: application/json
X-Request-Id: 676426374687274014400

{"error":"not_found","request_id":"","routine":"MIOROUTE"}HTTP/1.1 404 Not Found
Connection: keep-alive
Content-Length: 58
Content-Type: application/json
X-Request-Id: 676426374687285714400

{"error":"not_found","request_id":"","routine":"MIOROUTE"}HTTP/1.1 404 Not Found
Connection: keep-alive
Content-Length: 58
Content-Type: application/json
X-Request-Id: 676426374687295014400

{"error":"not_found","request_id":"","routine":"MIOROUTE"}HTTP/1.1 404 Not Found
Connection: keep-alive
Content-Length: 58
Content-Type: application/json
X-Request-Id: 676426374687304414400

{"error":"not_found","request_id":"","routine":"MIOROUTE"}HTTP/1.1 404 Not Found
Connection: keep-alive
Content-Length: 58
Content-Type: application/json
X-Request-Id: 676426374687313514400

{"error":"not_found","request_id":"","routine":"MIOROUTE"}HTTP/1.1 404 Not Found
Connection: keep-alive
Content-Length: 58
Content-Type: application/json
X-Request-Id: 676426374687322614400

{"error":"not_found","request_id":"","routine":"MIOROUTE"}HTTP/1.1 404 Not Found
Connection: keep-alive
Content-Length: 58
Content-Type: application/json
X-Request-Id: 676426374687331714400

{"error":"not_found","request_id":"","routine":"MIOROUTE"}HTTP/1.1 404 Not Found
Connection: keep-alive
Content-Length: 58
Content-Type: application/json
X-Request-Id: 676426374687340714400

{"error":"not_found","request_id":"","routine":"MIOROUTE"}HTTP/1.1 404 Not Found
Connection: keep-alive
Content-Length: 58
Content-Type: application/json
X-Request-Id: 676426374687354314400

{"error":"not_found","request_id":"","routine":"MIOROUTE"}HTTP/1.1 404 Not Found
Connection: keep-alive
Content-Length: 58
Content-Type: application/json
X-Request-Id: 676426374687360914400

{"error":"not_found","request_id":"","routine":"MIOROUTE"}HTTP/1.1 404 Not Found
Connection: keep-alive
Content-Length: 58
Content-Type: application/json
X-Request-Id: 676426374687367314400

{"error":"not_found","request_id":"","routine":"MIOROUTE"}HTTP/1.1 404 Not Found
Connection: keep-alive
Content-Length: 58
Content-Type: application/json
X-Request-Id: 676426374687377614400

{"error":"not_found","request_id":"","routine":"MIOROUTE"}HTTP/1.1 404 Not Found
Connection: keep-alive
Content-Length: 58
Content-Type: application/json
X-Request-Id: 676426374687394714400

{"error":"not_found","request_id":"","routine":"MIOROUTE"}HTTP/1.1 404 Not Found
Connection: keep-alive
Content-Length: 58
Content-Type: application/json
X-Request-Id: 676426374687405314400

{"error":"not_found","request_id":"","routine":"MIOROUTE"}HTTP/1.1 404 Not Found
Connection: keep-alive
Content-Length: 58
Content-Type: application/json
X-Request-Id: 676426374687416514400

{"error":"not_found","request_id":"","routine":"MIOROUTE"}HTTP/1.1 404 Not Found
Connection: keep-alive
Content-Length: 58
Content-Type: application/json
X-Request-Id: 676426374687434814400

{"error":"not_found","request_id":"","routine":"MIOROUTE"}HTTP/1.1 404 Not Found
Connection: keep-alive
Content-Length: 58
Content-Type: application/json
X-Request-Id: 676426374687444114400

{"error":"not_found","request_id":"","routine":"MIOROUTE"}HTTP/1.1 404 Not Found
Connection: keep-alive
Content-Length: 58
Content-Type: application/json
X-Request-Id: 676426374687453114400

{"error":"not_found","request_id":"","routine":"MIOROUTE"}HTTP/1.1 404 Not Found
Connection: keep-alive
Content-Length: 58
Content-Type: application/json
X-Request-Id: 676426374687464314400

{"error":"not_found","request_id":"","routine":"MIOROUTE"}HTTP/1.1 404 Not Found
Connection: keep-alive
Content-Length: 58
Content-Type: application/json
X-Request-Id: 676426374687474714400

{"error":"not_found","request_id":"","routine":"MIOROUTE"}HTTP/1.1 404 Not Found
Connection: keep-alive
Content-Length: 58
Content-Type: application/json
X-Request-Id: 676426374687484114400

{"error":"not_found","request_id":"","routine":"MIOROUTE"}HTTP/1.1 404 Not Found
Connection: keep-alive
Content-Length: 58
Content-Type: application/json
X-Request-Id: 676426374687493314400

{"error":"not_found","request_id":"","routine":"MIOROUTE"}HTTP/1.1 404 Not Found
Connection: keep-alive
Content-Length: 58
Content-Type: application/json
X-Request-Id: 676426374687504714400

{"error":"not_found","request_id":"","routine":"MIOROUTE"}HTTP/1.1 404 Not Found
Connection: keep-alive
Content-Length: 58
Content-Type: application/json
X-Request-Id: 676426374687521114400

{"error":"not_found","request_id":"","routine":"MIOROUTE"}HTTP/1.1 404 Not Found
Connection: keep-alive
Content-Length: 58
Content-Type: application/json
X-Request-Id: 676426374687530714400

{"error":"not_found","request_id":"","routine":"MIOROUTE"}HTTP/1.1 404 Not Found
Connection: keep-alive
Content-Length: 58
Content-Type: application/json
X-Request-Id: 676426374687541914400

{"error":"not_found","request_id":"","routine":"MIOROUTE"}HTTP/1.1 404 Not Found
Connection: keep-alive
Content-Length: 58
Content-Type: application/json
X-Request-Id: 676426374687554214400

{"error":"not_found","request_id":"","routine":"MIOROUTE"}HTTP/1.1 404 Not Found
Connection: keep-alive
Content-Length: 58
Content-Type: application/json
X-Request-Id: 676426374687565214400

{"error":"not_found","request_id":"","routine":"MIOROUTE"}HTTP/1.1 404 Not Found
Connection: keep-alive
Content-Length: 58
Content-Type: application/json
X-Request-Id: 676426374687585714400

{"error":"not_found","request_id":"","routine":"MIOROUTE"}HTTP/1.1 404 Not Found
Connection: keep-alive
Content-Length: 58
Content-Type: application/json
X-Request-Id: 676426374687600814400

{"error":"not_found","request_id":"","routine":"MIOROUTE"}HTTP/1.1 404 Not Found
Connection: keep-alive
Content-Length: 58
Content-Type: application/json
X-Request-Id: 676426374687611914400

{"error":"not_found","request_id":"","routine":"MIOROUTE"}HTTP/1.1 404 Not Found
Connection: keep-alive
Content-Length: 58
Content-Type: application/json
X-Request-Id: 676426374687622614400

{"error":"not_found","request_id":"","routine":"MIOROUTE"}HTTP/1.1 404 Not Found
Connection: keep-alive
Content-Length: 58
Content-Type: application/json
X-Request-Id: 676426374687635114400

{"error":"not_found","request_id":"","routine":"MIOROUTE"}HTTP/1.1 404 Not Found
Connection: keep-alive
Content-Length: 58
Content-Type: application/json
X-Request-Id: 676426374687652414400

{"error":"not_found","request_id":"","routine":"MIOROUTE"}HTTP/1.1 404 Not Found
Connection: keep-alive
Content-Length: 58
Content-Type: application/json
X-Request-Id: 676426374687666414400

{"error":"not_found","request_id":"","routine":"MIOROUTE"}HTTP/1.1 404 Not Found
Connection: keep-alive
Content-Length: 58
Content-Type: application/json
X-Request-Id: 676426374687677714400

{"error":"not_found","request_id":"","routine":"MIOROUTE"}HTTP/1.1 404 Not Found
Connection: keep-alive
Content-Length: 58
Content-Type: application/json
X-Request-Id: 676426374687689014400

{"error":"not_found","request_id":"","routine":"MIOROUTE"}HTTP/1.1 404 Not Found
Connection: keep-alive
Content-Length: 58
Content-Type: application/json
X-Request-Id: 676426374687700914400

{"error":"not_found","request_id":"","routine":"MIOROUTE"}HTTP/1.1 404 Not Found
Connection: keep-alive
Content-Length: 58
Content-Type: application/json
X-Request-Id: 676426374687711914400

{"error":"not_found","request_id":"","routine":"MIOROUTE"}HTTP/1.1 404 Not Found
Connection: keep-alive
Content-Length: 58
Content-Type: application/json
X-Request-Id: 676426374687722914400

{"error":"not_found","request_id":"","routine":"MIOROUTE"}HTTP/1.1 404 Not Found
Connection: keep-alive
Content-Length: 58
Content-Type: application/json
X-Request-Id: 676426374687734014400

{"error":"not_found","request_id":"","routine":"MIOROUTE"}HTTP/1.1 404 Not Found
Connection: keep-alive
Content-Length: 58
Content-Type: application/json
X-Request-Id: 676426374687745114400

{"error":"not_found","request_id":"","routine":"MIOROUTE"}HTTP/1.1 404 Not Found
Connection: keep-alive
Content-Length: 58
Content-Type: application/json
X-Request-Id: 676426374687756114400

{"error":"not_found","request_id":"","routine":"MIOROUTE"}HTTP/1.1 404 Not Found
Connection: keep-alive
Content-Length: 58
Content-Type: application/json
X-Request-Id: 676426374687767114400

{"error":"not_found","request_id":"","routine":"MIOROUTE"}HTTP/1.1 404 Not Found
Connection: keep-alive
Content-Length: 58
Content-Type: application/json
X-Request-Id: 676426374687778214400

{"error":"not_found","request_id":"","routine":"MIOROUTE"}HTTP/1.1 404 Not Found
Connection: keep-alive
Content-Length: 58
Content-Type: application/json
X-Request-Id: 676426374687789214400

{"error":"not_found","request_id":"","routine":"MIOROUTE"}HTTP/1.1 404 Not Found
Connection: keep-alive
Content-Length: 58
Content-Type: application/json
X-Request-Id: 676426374687800114400

{"error":"not_found","request_id":"","routine":"MIOROUTE"}HTTP/1.1 404 Not Found
Connection: keep-alive
Content-Length: 58
Content-Type: application/json
X-Request-Id: 676426374687811114400

{"error":"not_found","request_id":"","routine":"MIOROUTE"}HTTP/1.1 404 Not Found
Connection: keep-alive
Content-Length: 58
Content-Type: application/json
X-Request-Id: 676426374687821814400

{"error":"not_found","request_id":"","routine":"MIOROUTE"}HTTP/1.1 404 Not Found
Connection: keep-alive
Content-Length: 58
Content-Type: application/json
X-Request-Id: 676426374687838814400

{"error":"not_found","request_id":"","routine":"MIOROUTE"}HTTP/1.1 404 Not Found
Connection: keep-alive
Content-Length: 58
Content-Type: application/json
X-Request-Id: 676426374687849814400

{"error":"not_found","request_id":"","routine":"MIOROUTE"}HTTP/1.1 404 Not Found
Connection: keep-alive
Content-Length: 58
Content-Type: application/json
X-Request-Id: 676426374687860414400

{"error":"not_found","request_id":"","routine":"MIOROUTE"}HTTP/1.1 404 Not Found
Connection: keep-alive
Content-Length: 58
Content-Type: application/json
X-Request-Id: 676426374687872214400

{"error":"not_found","request_id":"","routine":"MIOROUTE"}HTTP/1.1 404 Not Found
Connection: keep-alive
Content-Length: 58
Content-Type: application/json
X-Request-Id: 676426374687883014400

{"error":"not_found","request_id":"","routine":"MIOROUTE"}HTTP/1.1 404 Not Found
Connection: keep-alive
Content-Length: 58
Content-Type: application/json
X-Request-Id: 676426374687894114400

{"error":"not_found","request_id":"","routine":"MIOROUTE"}HTTP/1.1 404 Not Found
Connection: keep-alive
Content-Length: 58
Content-Type: application/json
X-Request-Id: 676426374687905214400

{"error":"not_found","request_id":"","routine":"MIOROUTE"}HTTP/1.1 404 Not Found
Connection: keep-alive
Content-Length: 58
Content-Type: application/json
X-Request-Id: 676426374687916014400

{"error":"not_found","request_id":"","routine":"MIOROUTE"}HTTP/1.1 404 Not Found
Connection: keep-alive
Content-Length: 58
Content-Type: application/json
X-Request-Id: 676426374687927114400

{"error":"not_found","request_id":"","routine":"MIOROUTE"}HTTP/1.1 404 Not Found
Connection: keep-alive
Content-Length: 58
Content-Type: application/json
X-Request-Id: 676426374687938114400

{"error":"not_found","request_id":"","routine":"MIOROUTE"}HTTP/1.1 404 Not Found
Connection: keep-alive
Content-Length: 58
Content-Type: application/json
X-Request-Id: 676426374687949114400

{"error":"not_found","request_id":"","routine":"MIOROUTE"}HTTP/1.1 404 Not Found
Connection: keep-alive
Content-Length: 58
Content-Type: application/json
X-Request-Id: 676426374687969714400

{"error":"not_found","request_id":"","routine":"MIOROUTE"}HTTP/1.1 404 Not Found
Connection: keep-alive
Content-Length: 58
Content-Type: application/json
X-Request-Id: 676426374687980314400

{"error":"not_found","request_id":"","routine":"MIOROUTE"}HTTP/1.1 404 Not Found
Connection: keep-alive
Content-Length: 58
Content-Type: application/json
X-Request-Id: 676426374687994214400

{"error":"not_found","request_id":"","routine":"MIOROUTE"}HTTP/1.1 404 Not Found
Connection: keep-alive
Content-Length: 58
Content-Type: application/json
X-Request-Id: 676426374688006714400

{"error":"not_found","request_id":"","routine":"MIOROUTE"}HTTP/1.1 404 Not Found
Connection: keep-alive
Content-Length: 58
Content-Type: application/json
X-Request-Id: 676426374688017814400

{"error":"not_found","request_id":"","routine":"MIOROUTE"}HTTP/1.1 404 Not Found
Connection: keep-alive
Content-Length: 58
Content-Type: application/json
X-Request-Id: 676426374688028914400

{"error":"not_found","request_id":"","routine":"MIOROUTE"}HTTP/1.1 404 Not Found
Connection: keep-alive
Content-Length: 58
Content-Type: application/json
X-Request-Id: 676426374688039814400

{"error":"not_found","request_id":"","routine":"MIOROUTE"}HTTP/1.1 404 Not Found
Connection: keep-alive
Content-Length: 58
Content-Type: application/json
X-Request-Id: 676426374688050714400

{"error":"not_found","request_id":"","routine":"MIOROUTE"}HTTP/1.1 404 Not Found
Connection: keep-alive
Content-Length: 58
Content-Type: application/json
X-Request-Id: 676426374688063114400

{"error":"not_found","request_id":"","routine":"MIOROUTE"}HTTP/1.1 404 Not Found
Connection: keep-alive
Content-Length: 58
Content-Type: application/json
X-Request-Id: 676426374688073914400

{"error":"not_found","request_id":"","routine":"MIOROUTE"}HTTP/1.1 404 Not Found
Connection: keep-alive
Content-Length: 58
Content-Type: application/json
X-Request-Id: 676426374688084514400

{"error":"not_found","request_id":"","routine":"MIOROUTE"}HTTP/1.1 404 Not Found
Connection: keep-alive
Content-Length: 58
Content-Type: application/json
X-Request-Id: 676426374688095314400

{"error":"not_found","request_id":"","routine":"MIOROUTE"}HTTP/1.1 404 Not Found
Connection: keep-alive
Content-Length: 58
Content-Type: application/json
X-Request-Id: 676426374688105314400

{"error":"not_found","request_id":"","routine":"MIOROUTE"}HTTP/1.1 404 Not Found
Connection: keep-alive
Content-Length: 58
Content-Type: application/json
X-Request-Id: 676426374688117414400

{"error":"not_found","request_id":"","routine":"MIOROUTE"}HTTP/1.1 404 Not Found
Connection: keep-alive
Content-Length: 58
Content-Type: application/json
X-Request-Id: 676426374688128214400

{"error":"not_found","request_id":"","routine":"MIOROUTE"}HTTP/1.1 404 Not Found
Connection: keep-alive
Content-Length: 58
Content-Type: application/json
X-Request-Id: 676426374688138814400

{"error":"not_found","request_id":"","routine":"MIOROUTE"}HTTP/1.1 404 Not Found
Connection: keep-alive
Content-Length: 58
Content-Type: application/json
X-Request-Id: 676426374688148114400

{"error":"not_found","request_id":"","routine":"MIOROUTE"}HTTP/1.1 404 Not Found
Connection: keep-alive
Content-Length: 58
Content-Type: application/json
X-Request-Id: 676426374688159514400

{"error":"not_found","request_id":"","routine":"MIOROUTE"}HTTP/1.1 404 Not Found
Connection: keep-alive
Content-Length: 58
Content-Type: application/json
X-Request-Id: 676426374688170514400

{"error":"not_found","request_id":"","routine":"MIOROUTE"}HTTP/1.1 404 Not Found
Connection: keep-alive
Content-Length: 58
Content-Type: application/json
X-Request-Id: 676426374688181314400

{"error":"not_found","request_id":"","routine":"MIOROUTE"}HTTP/1.1 404 Not Found
Connection: keep-alive
Content-Length: 58
Content-Type: application/json
X-Request-Id: 676426374688192514400

{"error":"not_found","request_id":"","routine":"MIOROUTE"}HTTP/1.1 404 Not Found
Connection: keep-alive
Content-Length: 58
Content-Type: application/json
X-Request-Id: 676426374688203614400

{"error":"not_found","request_id":"","routine":"MIOROUTE"}HTTP/1.1 404 Not Found
Connection: keep-alive
Content-Length: 58
Content-Type: application/json
X-Request-Id: 676426374688214514400

{"error":"not_found","request_id":"","routine":"MIOROUTE"}HTTP/1.1 404 Not Found
Connection: keep-alive
Content-Length: 58
Content-Type: application/json
X-Request-Id: 676426374688225614400

{"error":"not_found","request_id":"","routine":"MIOROUTE"}HTTP/1.1 404 Not Found
Connection: keep-alive
Content-Length: 58
Content-Type: application/json
X-Request-Id: 676426374688236414400

{"error":"not_found","request_id":"","routine":"MIOROUTE"}HTTP/1.1 404 Not Found
Connection: keep-alive
Content-Length: 58
Content-Type: application/json
X-Request-Id: 676426374688247514400

{"error":"not_found","request_id":"","routine":"MIOROUTE"}HTTP/1.1 404 Not Found
Connection: keep-alive
Content-Length: 58
Content-Type: application/json
X-Request-Id: 676426374688258514400

{"error":"not_found","request_id":"","routine":"MIOROUTE"}HTTP/1.1 404 Not Found
Connection: keep-alive
Content-Length: 58
Content-Type: application/json
X-Request-Id: 676426374688269314400

{"error":"not_found","request_id":"","routine":"MIOROUTE"}HTTP/1.1 404 Not Found
Connection: keep-alive
Content-Length: 58
Content-Type: application/json
X-Request-Id: 676426374688280114400

{"error":"not_found","request_id":"","routine":"MIOROUTE"}HTTP/1.1 404 Not Found
Connection: keep-alive
Content-Length: 58
Content-Type: application/json
X-Request-Id: 676426374688291014400

{"error":"not_found","request_id":"","routine":"MIOROUTE"}HTTP/1.1 404 Not Found
Connection: keep-alive
Content-Length: 58
Content-Type: application/json
X-Request-Id: 676426374688302114400

{"error":"not_found","request_id":"","routine":"MIOROUTE"}HTTP/1.1 404 Not Found
Connection: keep-alive
Content-Length: 58
Content-Type: application/json
X-Request-Id: 676426374688313214400

{"error":"not_found","request_id":"","routine":"MIOROUTE"}HTTP/1.1 404 Not Found
Connection: keep-alive
Content-Length: 58
Content-Type: application/json
X-Request-Id: 676426374688324114400

{"error":"not_found","request_id":"","routine":"MIOROUTE"}HTTP/1.1 404 Not Found
Connection: keep-alive
Content-Length: 58
Content-Type: application/json
X-Request-Id: 676426374688361014400

{"error":"not_found","request_id":"","routine":"MIOROUTE"}HTTP/1.1 404 Not Found
Connection: keep-alive
Content-Length: 58
Content-Type: application/json
X-Request-Id: 676426374688376914400

{"error":"not_found","request_id":"","routine":"MIOROUTE"}HTTP/1.1 404 Not Found
Connection: keep-alive
Content-Length: 58
Content-Type: application/json
X-Request-Id: 676426374688406614400

{"error":"not_found","request_id":"","routine":"MIOROUTE"}HTTP/1.1 404 Not Found
Connection: keep-alive
Content-Length: 58
Content-Type: application/json
X-Request-Id: 676426374688415114400

{"error":"not_found","request_id":"","routine":"MIOROUTE"}HTTP/1.1 404 Not Found
Connection: keep-alive
Content-Length: 58
Content-Type: application/json
X-Request-Id: 676426374688424414400

{"error":"not_found","request_id":"","routine":"MIOROUTE"}HTTP/1.1 404 Not Found
Connection: keep-alive
Content-Length: 58
Content-Type: application/json
X-Request-Id: 676426374688436014400

{"error":"not_found","request_id":"","routine":"MIOROUTE"}HTTP/1.1 404 Not Found
Connection: keep-alive
Content-Length: 58
Content-Type: application/json
X-Request-Id: 676426374688445014400

{"error":"not_found","request_id":"","routine":"MIOROUTE"}HTTP/1.1 404 Not Found
Connection: keep-alive
Content-Length: 58
Content-Type: application/json
X-Request-Id: 676426374688456514400

{"error":"not_found","request_id":"","routine":"MIOROUTE"}HTTP/1.1 404 Not Found
Connection: keep-alive
Content-Length: 58
Content-Type: application/json
X-Request-Id: 676426374688467914400

{"error":"not_found","request_id":"","routine":"MIOROUTE"}HTTP/1.1 404 Not Found
Connection: keep-alive
Content-Length: 58
Content-Type: application/json
X-Request-Id: 676426374688478814400

{"error":"not_found","request_id":"","routine":"MIOROUTE"}HTTP/1.1 404 Not Found
Connection: keep-alive
Content-Length: 58
Content-Type: application/json
X-Request-Id: 676426374688489914400

{"error":"not_found","request_id":"","routine":"MIOROUTE"}HTTP/1.1 404 Not Found
Connection: keep-alive
Content-Length: 58
Content-Type: application/json
X-Request-Id: 676426374688500914400

{"error":"not_found","request_id":"","routine":"MIOROUTE"}HTTP/1.1 404 Not Found
Connection: keep-alive
Content-Length: 58
Content-Type: application/json
X-Request-Id: 676426374688511814400

{"error":"not_found","request_id":"","routine":"MIOROUTE"}HTTP/1.1 404 Not Found
Connection: keep-alive
Content-Length: 58
Content-Type: application/json
X-Request-Id: 676426374688522614400

{"error":"not_found","request_id":"","routine":"MIOROUTE"}HTTP/1.1 404 Not Found
Connection: keep-alive
Content-Length: 58
Content-Type: application/json
X-Request-Id: 676426374688533614400

{"error":"not_found","request_id":"","routine":"MIOROUTE"}HTTP/1.1 404 Not Found
Connection: keep-alive
Content-Length: 58
Content-Type: application/json
X-Request-Id: 676426374688544614400

{"error":"not_found","request_id":"","routine":"MIOROUTE"}HTTP/1.1 404 Not Found
Connection: keep-alive
Content-Length: 58
Content-Type: application/json
X-Request-Id: 676426374688555614400

{"error":"not_found","request_id":"","routine":"MIOROUTE"}HTTP/1.1 404 Not Found
Connection: keep-alive
Content-Length: 58
Content-Type: application/json
X-Request-Id: 676426374688566514400

{"error":"not_found","request_id":"","routine":"MIOROUTE"}HTTP/1.1 404 Not Found
Connection: keep-alive
Content-Length: 58
Content-Type: application/json
X-Request-Id: 676426374688577514400

{"error":"not_found","request_id":"","routine":"MIOROUTE"}HTTP/1.1 404 Not Found
Connection: keep-alive
Content-Length: 58
Content-Type: application/json
X-Request-Id: 676426374688588414400

{"error":"not_found","request_id":"","routine":"MIOROUTE"}HTTP/1.1 404 Not Found
Connection: keep-alive
Content-Length: 58
Content-Type: application/json
X-Request-Id: 676426374688599214400

{"error":"not_found","request_id":"","routine":"MIOROUTE"}HTTP/1.1 404 Not Found
Connection: keep-alive
Content-Length: 58
Content-Type: application/json
X-Request-Id: 676426374688611414400

{"error":"not_found","request_id":"","routine":"MIOROUTE"}HTTP/1.1 404 Not Found
Connection: keep-alive
Content-Length: 58
Content-Type: application/json
X-Request-Id: 676426374688623814400

{"error":"not_found","request_id":"","routine":"MIOROUTE"}HTTP/1.1 404 Not Found
Connection: keep-alive
Content-Length: 58
Content-Type: application/json
X-Request-Id: 676426374688634014400

{"error":"not_found","request_id":"","routine":"MIOROUTE"}HTTP/1.1 404 Not Found
Connection: keep-alive
Content-Length: 58
Content-Type: application/json
X-Request-Id: 676426374688644314400

{"error":"not_found","request_id":"","routine":"MIOROUTE"}HTTP/1.1 404 Not Found
Connection: keep-alive
Content-Length: 58
Content-Type: application/json
X-Request-Id: 676426374688654014400

{"error":"not_found","request_id":"","routine":"MIOROUTE"}HTTP/1.1 404 Not Found
Connection: keep-alive
Content-Length: 58
Content-Type: application/json
X-Request-Id: 676426374688670314400

{"error":"not_found","request_id":"","routine":"MIOROUTE"}HTTP/1.1 404 Not Found
Connection: keep-alive
Content-Length: 58
Content-Type: application/json
X-Request-Id: 676426374688680214400

{"error":"not_found","request_id":"","routine":"MIOROUTE"}HTTP/1.1 404 Not Found
Connection: keep-alive
Content-Length: 58
Content-Type: application/json
X-Request-Id: 676426374688691714400

{"error":"not_found","request_id":"","routine":"MIOROUTE"}HTTP/1.1 404 Not Found
Connection: keep-alive
Content-Length: 58
Content-Type: application/json
X-Request-Id: 676426374688702114400

{"error":"not_found","request_id":"","routine":"MIOROUTE"}HTTP/1.1 404 Not Found
Connection: keep-alive
Content-Length: 58
Content-Type: application/json
X-Request-Id: 676426374688712814400

{"error":"not_found","request_id":"","routine":"MIOROUTE"}HTTP/1.1 404 Not Found
Connection: keep-alive
Content-Length: 58
Content-Type: application/json
X-Request-Id: 676426374688722514400

{"error":"not_found","request_id":"","routine":"MIOROUTE"}HTTP/1.1 404 Not Found
Connection: keep-alive
Content-Length: 58
Content-Type: application/json
X-Request-Id: 676426374688741414400

{"error":"not_found","request_id":"","routine":"MIOROUTE"}HTTP/1.1 404 Not Found
Connection: keep-alive
Content-Length: 58
Content-Type: application/json
X-Request-Id: 676426374688751414400

{"error":"not_found","request_id":"","routine":"MIOROUTE"}HTTP/1.1 404 Not Found
Connection: keep-alive
Content-Length: 58
Content-Type: application/json
X-Request-Id: 676426374688763714400

{"error":"not_found","request_id":"","routine":"MIOROUTE"}HTTP/1.1 404 Not Found
Connection: keep-alive
Content-Length: 58
Content-Type: application/json
X-Request-Id: 676426374688774514400

{"error":"not_found","request_id":"","routine":"MIOROUTE"}HTTP/1.1 404 Not Found
Connection: keep-alive
Content-Length: 58
Content-Type: application/json
X-Request-Id: 676426374688785314400

{"error":"not_found","request_id":"","routine":"MIOROUTE"}HTTP/1.1 404 Not Found
Connection: keep-alive
Content-Length: 58
Content-Type: application/json
X-Request-Id: 676426374688800914400

{"error":"not_found","request_id":"","routine":"MIOROUTE"}HTTP/1.1 404 Not Found
Connection: keep-alive
Content-Length: 58
Content-Type: application/json
X-Request-Id: 676426374688811714400

{"error":"not_found","request_id":"","routine":"MIOROUTE"}HTTP/1.1 404 Not Found
Connection: keep-alive
Content-Length: 58
Content-Type: application/json
X-Request-Id: 676426374688822514400

{"error":"not_found","request_id":"","routine":"MIOROUTE"}HTTP/1.1 404 Not Found
Connection: keep-alive
Content-Length: 58
Content-Type: application/json
X-Request-Id: 676426374688833614400

{"error":"not_found","request_id":"","routine":"MIOROUTE"}HTTP/1.1 404 Not Found
Connection: keep-alive
Content-Length: 58
Content-Type: application/json
X-Request-Id: 676426374688844414400

{"error":"not_found","request_id":"","routine":"MIOROUTE"}HTTP/1.1 404 Not Found
Connection: keep-alive
Content-Length: 58
Content-Type: application/json
X-Request-Id: 676426374688856614400

{"error":"not_found","request_id":"","routine":"MIOROUTE"}HTTP/1.1 404 Not Found
Connection: keep-alive
Content-Length: 58
Content-Type: application/json
X-Request-Id: 676426374688866914400

{"error":"not_found","request_id":"","routine":"MIOROUTE"}HTTP/1.1 404 Not Found
Connection: keep-alive
Content-Length: 58
Content-Type: application/json
X-Request-Id: 676426374688877614400

{"error":"not_found","request_id":"","routine":"MIOROUTE"}HTTP/1.1 404 Not Found
Connection: keep-alive
Content-Length: 58
Content-Type: application/json
X-Request-Id: 676426374688887214400

{"error":"not_found","request_id":"","routine":"MIOROUTE"}HTTP/1.1 404 Not Found
Connection: keep-alive
Content-Length: 58
Content-Type: application/json
X-Request-Id: 676426374688897814400

{"error":"not_found","request_id":"","routine":"MIOROUTE"}HTTP/1.1 404 Not Found
Connection: keep-alive
Content-Length: 58
Content-Type: application/json
X-Request-Id: 676426374688907714400

{"error":"not_found","request_id":"","routine":"MIOROUTE"}HTTP/1.1 404 Not Found
Connection: keep-alive
Content-Length: 58
Content-Type: application/json
X-Request-Id: 676426374688918214400

{"error":"not_found","request_id":"","routine":"MIOROUTE"}HTTP/1.1 404 Not Found
Connection: keep-alive
Content-Length: 58
Content-Type: application/json
X-Request-Id: 676426374688935114400

{"error":"not_found","request_id":"","routine":"MIOROUTE"}HTTP/1.1 404 Not Found
Connection: keep-alive
Content-Length: 58
Content-Type: application/json
X-Request-Id: 676426374688945814400

{"error":"not_found","request_id":"","routine":"MIOROUTE"}HTTP/1.1 404 Not Found
Connection: keep-alive
Content-Length: 58
Content-Type: application/json
X-Request-Id: 676426374688954714400

{"error":"not_found","request_id":"","routine":"MIOROUTE"}HTTP/1.1 404 Not Found
Connection: keep-alive
Content-Length: 58
Content-Type: application/json
X-Request-Id: 676426374688962714400

{"error":"not_found","request_id":"","routine":"MIOROUTE"}HTTP/1.1 404 Not Found
Connection: keep-alive
Content-Length: 58
Content-Type: application/json
X-Request-Id: 676426374688973014400

{"error":"not_found","request_id":"","routine":"MIOROUTE"}HTTP/1.1 404 Not Found
Connection: keep-alive
Content-Length: 58
Content-Type: application/json
X-Request-Id: 676426374688983514400

{"error":"not_found","request_id":"","routine":"MIOROUTE"}HTTP/1.1 404 Not Found
Connection: keep-alive
Content-Length: 58
Content-Type: application/json
X-Request-Id: 676426374688993514400

{"error":"not_found","request_id":"","routine":"MIOROUTE"}HTTP/1.1 404 Not Found
Connection: keep-alive
Content-Length: 58
Content-Type: application/json
X-Request-Id: 676426374689004414400

{"error":"not_found","request_id":"","routine":"MIOROUTE"}HTTP/1.1 404 Not Found
Connection: keep-alive
Content-Length: 58
Content-Type: application/json
X-Request-Id: 676426374689015314400

{"error":"not_found","request_id":"","routine":"MIOROUTE"}HTTP/1.1 404 Not Found
Connection: keep-alive
Content-Length: 58
Content-Type: application/json
X-Request-Id: 676426374689026114400

{"error":"not_found","request_id":"","routine":"MIOROUTE"}HTTP/1.1 404 Not Found
Connection: keep-alive
Content-Length: 58
Content-Type: application/json
X-Request-Id: 676426374689036914400

{"error":"not_found","request_id":"","routine":"MIOROUTE"}HTTP/1.1 404 Not Found
Connection: keep-alive
Content-Length: 58
Content-Type: application/json
X-Request-Id: 676426374689047814400

{"error":"not_found","request_id":"","routine":"MIOROUTE"}HTTP/1.1 404 Not Found
Connection: keep-alive
Content-Length: 58
Content-Type: application/json
X-Request-Id: 676426374689058614400

{"error":"not_found","request_id":"","routine":"MIOROUTE"}HTTP/1.1 404 Not Found
Connection: keep-alive
Content-Length: 58
Content-Type: application/json
X-Request-Id: 676426374689069514400

{"error":"not_found","request_id":"","routine":"MIOROUTE"}HTTP/1.1 404 Not Found
Connection: keep-alive
Content-Length: 58
Content-Type: application/json
X-Request-Id: 676426374689081514400

{"error":"not_found","request_id":"","routine":"MIOROUTE"}HTTP/1.1 404 Not Found
Connection: keep-alive
Content-Length: 58
Content-Type: application/json
X-Request-Id: 676426374689100614400

{"error":"not_found","request_id":"","routine":"MIOROUTE"}HTTP/1.1 404 Not Found
Connection: keep-alive
Content-Length: 58
Content-Type: application/json
X-Request-Id: 676426374689110714400

{"error":"not_found","request_id":"","routine":"MIOROUTE"}HTTP/1.1 404 Not Found
Connection: keep-alive
Content-Length: 58
Content-Type: application/json
X-Request-Id: 676426374689121514400

{"error":"not_found","request_id":"","routine":"MIOROUTE"}HTTP/1.1 404 Not Found
Connection: keep-alive
Content-Length: 58
Content-Type: application/json
X-Request-Id: 676426374689131114400

{"error":"not_found","request_id":"","routine":"MIOROUTE"}HTTP/1.1 404 Not Found
Connection: keep-alive
Content-Length: 58
Content-Type: application/json
X-Request-Id: 676426374689141814400

{"error":"not_found","request_id":"","routine":"MIOROUTE"}HTTP/1.1 404 Not Found
Connection: keep-alive
Content-Length: 58
Content-Type: application/json
X-Request-Id: 676426374689151914400

{"error":"not_found","request_id":"","routine":"MIOROUTE"}HTTP/1.1 404 Not Found
Connection: keep-alive
Content-Length: 58
Content-Type: application/json
X-Request-Id: 676426374689167514400

{"error":"not_found","request_id":"","routine":"MIOROUTE"}HTTP/1.1 404 Not Found
Connection: keep-alive
Content-Length: 58
Content-Type: application/json
X-Request-Id: 676426374689177914400

{"error":"not_found","request_id":"","routine":"MIOROUTE"}HTTP/1.1 404 Not Found
Connection: keep-alive
Content-Length: 58
Content-Type: application/json
X-Request-Id: 676426374689190314400

{"error":"not_found","request_id":"","routine":"MIOROUTE"}HTTP/1.1 404 Not Found
Connection: keep-alive
Content-Length: 58
Content-Type: application/json
X-Request-Id: 676426374689203814400

{"error":"not_found","request_id":"","routine":"MIOROUTE"}HTTP/1.1 404 Not Found
Connection: keep-alive
Content-Length: 58
Content-Type: application/json
X-Request-Id: 676426374689214614400

{"error":"not_found","request_id":"","routine":"MIOROUTE"}HTTP/1.1 404 Not Found
Connection: keep-alive
Content-Length: 58
Content-Type: application/json
X-Request-Id: 676426374689225514400

{"error":"not_found","request_id":"","routine":"MIOROUTE"}HTTP/1.1 404 Not Found
Connection: keep-alive
Content-Length: 58
Content-Type: application/json
X-Request-Id: 676426374689236414400

{"error":"not_found","request_id":"","routine":"MIOROUTE"}HTTP/1.1 404 Not Found
Connection: keep-alive
Content-Length: 58
Content-Type: application/json
X-Request-Id: 676426374689247214400

{"error":"not_found","request_id":"","routine":"MIOROUTE"}HTTP/1.1 404 Not Found
Connection: keep-alive
Content-Length: 58
Content-Type: application/json
X-Request-Id: 676426374689258114400

{"error":"not_found","request_id":"","routine":"MIOROUTE"}HTTP/1.1 404 Not Found
Connection: keep-alive
Content-Length: 58
Content-Type: application/json
X-Request-Id: 676426374689268914400

{"error":"not_found","request_id":"","routine":"MIOROUTE"}HTTP/1.1 404 Not Found
Connection: keep-alive
Content-Length: 58
Content-Type: application/json
X-Request-Id: 676426374689279814400

{"error":"not_found","request_id":"","routine":"MIOROUTE"}HTTP/1.1 404 Not Found
Connection: keep-alive
Content-Length: 58
Content-Type: application/json
X-Request-Id: 676426374689290514400

{"error":"not_found","request_id":"","routine":"MIOROUTE"}HTTP/1.1 404 Not Found
Connection: keep-alive
Content-Length: 58
Content-Type: application/json
X-Request-Id: 676426374689300914400

{"error":"not_found","request_id":"","routine":"MIOROUTE"}HTTP/1.1 404 Not Found
Connection: keep-alive
Content-Length: 58
Content-Type: application/json
X-Request-Id: 676426374689311614400

{"error":"not_found","request_id":"","routine":"MIOROUTE"}HTTP/1.1 404 Not Found
Connection: keep-alive
Content-Length: 58
Content-Type: application/json
X-Request-Id: 676426374689321814400

{"error":"not_found","request_id":"","routine":"MIOROUTE"}HTTP/1.1 404 Not Found
Connection: keep-alive
Content-Length: 58
Content-Type: application/json
X-Request-Id: 676426374689333414400

{"error":"not_found","request_id":"","routine":"MIOROUTE"}HTTP/1.1 404 Not Found
Connection: keep-alive
Content-Length: 58
Content-Type: application/json
X-Request-Id: 676426374689343614400

{"error":"not_found","request_id":"","routine":"MIOROUTE"}HTTP/1.1 404 Not Found
Connection: keep-alive
Content-Length: 58
Content-Type: application/json
X-Request-Id: 676426374689353014400

{"error":"not_found","request_id":"","routine":"MIOROUTE"}HTTP/1.1 404 Not Found
Connection: keep-alive
Content-Length: 58
Content-Type: application/json
X-Request-Id: 676426374689363814400

{"error":"not_found","request_id":"","routine":"MIOROUTE"}HTTP/1.1 404 Not Found
Connection: keep-alive
Content-Length: 58
Content-Type: application/json
X-Request-Id: 676426374689374914400

{"error":"not_found","request_id":"","routine":"MIOROUTE"}HTTP/1.1 404 Not Found
Connection: keep-alive
Content-Length: 58
Content-Type: application/json
X-Request-Id: 676426374689385614400

{"error":"not_found","request_id":"","routine":"MIOROUTE"}HTTP/1.1 404 Not Found
Connection: keep-alive
Content-Length: 58
Content-Type: application/json
X-Request-Id: 676426374689396514400

{"error":"not_found","request_id":"","routine":"MIOROUTE"}HTTP/1.1 404 Not Found
Connection: keep-alive
Content-Length: 58
Content-Type: application/json
X-Request-Id: 676426374689407314400

{"error":"not_found","request_id":"","routine":"MIOROUTE"}HTTP/1.1 404 Not Found
Connection: keep-alive
Content-Length: 58
Content-Type: application/json
X-Request-Id: 676426374689417814400

{"error":"not_found","request_id":"","routine":"MIOROUTE"}HTTP/1.1 404 Not Found
Connection: keep-alive
Content-Length: 58
Content-Type: application/json
X-Request-Id: 676426374689428614400

{"error":"not_found","request_id":"","routine":"MIOROUTE"}HTTP/1.1 404 Not Found
Connection: keep-alive
Content-Length: 58
Content-Type: application/json
X-Request-Id: 676426374689438214400

{"error":"not_found","request_id":"","routine":"MIOROUTE"}HTTP/1.1 404 Not Found
Connection: keep-alive
Content-Length: 58
Content-Type: application/json
X-Request-Id: 676426374689448814400

{"error":"not_found","request_id":"","routine":"MIOROUTE"}HTTP/1.1 404 Not Found
Connection: keep-alive
Content-Length: 58
Content-Type: application/json
X-Request-Id: 676426374689466814400

{"error":"not_found","request_id":"","routine":"MIOROUTE"}HTTP/1.1 404 Not Found
Connection: keep-alive
Content-Length: 58
Content-Type: application/json
X-Request-Id: 676426374689476914400

{"error":"not_found","request_id":"","routine":"MIOROUTE"}HTTP/1.1 404 Not Found
Connection: keep-alive
Content-Length: 58
Content-Type: application/json
X-Request-Id: 676426374689487814400

{"error":"not_found","request_id":"","routine":"MIOROUTE"}HTTP/1.1 404 Not Found
Connection: keep-alive
Content-Length: 58
Content-Type: application/json
X-Request-Id: 676426374689498514400

{"error":"not_found","request_id":"","routine":"MIOROUTE"}HTTP/1.1 404 Not Found
Connection: keep-alive
Content-Length: 58
Content-Type: application/json
X-Request-Id: 676426374689509314400

{"error":"not_found","request_id":"","routine":"MIOROUTE"}HTTP/1.1 404 Not Found
Connection: keep-alive
Content-Length: 58
Content-Type: application/json
X-Request-Id: 676426374689520314400

{"error":"not_found","request_id":"","routine":"MIOROUTE"}HTTP/1.1 404 Not Found
Connection: keep-alive
Content-Length: 58
Content-Type: application/json
X-Request-Id: 676426374689531114400

{"error":"not_found","request_id":"","routine":"MIOROUTE"}HTTP/1.1 404 Not Found
Connection: keep-alive
Content-Length: 58
Content-Type: application/json
X-Request-Id: 676426374689541914400

{"error":"not_found","request_id":"","routine":"MIOROUTE"}HTTP/1.1 404 Not Found
Connection: keep-alive
Content-Length: 58
Content-Type: application/json
X-Request-Id: 676426374689554614400

{"error":"not_found","request_id":"","routine":"MIOROUTE"}HTTP/1.1 404 Not Found
Connection: keep-alive
Content-Length: 58
Content-Type: application/json
X-Request-Id: 676426374689565214400

{"error":"not_found","request_id":"","routine":"MIOROUTE"}HTTP/1.1 404 Not Found
Connection: keep-alive
Content-Length: 58
Content-Type: application/json
X-Request-Id: 676426374689576114400

{"error":"not_found","request_id":"","routine":"MIOROUTE"}HTTP/1.1 404 Not Found
Connection: keep-alive
Content-Length: 58
Content-Type: application/json
X-Request-Id: 676426374689586914400

{"error":"not_found","request_id":"","routine":"MIOROUTE"}HTTP/1.1 404 Not Found
Connection: keep-alive
Content-Length: 58
Content-Type: application/json
X-Request-Id: 676426374689600414400

{"error":"not_found","request_id":"","routine":"MIOROUTE"}HTTP/1.1 404 Not Found
Connection: keep-alive
Content-Length: 58
Content-Type: application/json
X-Request-Id: 676426374689611014400

{"error":"not_found","request_id":"","routine":"MIOROUTE"}HTTP/1.1 404 Not Found
Connection: keep-alive
Content-Length: 58
Content-Type: application/json
X-Request-Id: 676426374689621814400

{"error":"not_found","request_id":"","routine":"MIOROUTE"}HTTP/1.1 404 Not Found
Connection: keep-alive
Content-Length: 58
Content-Type: application/json
X-Request-Id: 676426374689632714400

{"error":"not_found","request_id":"","routine":"MIOROUTE"}HTTP/1.1 404 Not Found
Connection: keep-alive
Content-Length: 58
Content-Type: application/json
X-Request-Id: 676426374689643514400

{"error":"not_found","request_id":"","routine":"MIOROUTE"}HTTP/1.1 404 Not Found
Connection: keep-alive
Content-Length: 58
Content-Type: application/json
X-Request-Id: 676426374689654314400

{"error":"not_found","request_id":"","routine":"MIOROUTE"}HTTP/1.1 404 Not Found
Connection: keep-alive
Content-Length: 58
Content-Type: application/json
X-Request-Id: 676426374689666114400

{"error":"not_found","request_id":"","routine":"MIOROUTE"}HTTP/1.1 404 Not Found
Connection: keep-alive
Content-Length: 58
Content-Type: application/json
X-Request-Id: 676426374689676714400

{"error":"not_found","request_id":"","routine":"MIOROUTE"}HTTP/1.1 404 Not Found
Connection: keep-alive
Content-Length: 58
Content-Type: application/json
X-Request-Id: 676426374689687714400

{"error":"not_found","request_id":"","routine":"MIOROUTE"}HTTP/1.1 404 Not Found
Connection: keep-alive
Content-Length: 58
Content-Type: application/json
X-Request-Id: 676426374689698414400

{"error":"not_found","request_id":"","routine":"MIOROUTE"}HTTP/1.1 404 Not Found
Connection: keep-alive
Content-Length: 58
Content-Type: application/json
X-Request-Id: 676426374689709214400

{"error":"not_found","request_id":"","routine":"MIOROUTE"}HTTP/1.1 404 Not Found
Connection: keep-alive
Content-Length: 58
Content-Type: application/json
X-Request-Id: 676426374689725814400

{"error":"not_found","request_id":"","routine":"MIOROUTE"}HTTP/1.1 404 Not Found
Connection: keep-alive
Content-Length: 58
Content-Type: application/json
X-Request-Id: 676426374689736614400

{"error":"not_found","request_id":"","routine":"MIOROUTE"}HTTP/1.1 404 Not Found
Connection: keep-alive
Content-Length: 58
Content-Type: application/json
X-Request-Id: 676426374689757414400

{"error":"not_found","request_id":"","routine":"MIOROUTE"}HTTP/1.1 404 Not Found
Connection: keep-alive
Content-Length: 58
Content-Type: application/json
X-Request-Id: 676426374689768414400

{"error":"not_found","request_id":"","routine":"MIOROUTE"}HTTP/1.1 404 Not Found
Connection: keep-alive
Content-Length: 58
Content-Type: application/json
X-Request-Id: 676426374689779914400

{"error":"not_found","request_id":"","routine":"MIOROUTE"}HTTP/1.1 404 Not Found
Connection: keep-alive
Content-Length: 58
Content-Type: application/json
X-Request-Id: 676426374689790914400

{"error":"not_found","request_id":"","routine":"MIOROUTE"}HTTP/1.1 404 Not Found
Connection: keep-alive
Content-Length: 58
Content-Type: application/json
X-Request-Id: 676426374689804714400

{"error":"not_found","request_id":"","routine":"MIOROUTE"}HTTP/1.1 404 Not Found
Connection: keep-alive
Content-Length: 58
Content-Type: application/json
X-Request-Id: 676426374689815714400

{"error":"not_found","request_id":"","routine":"MIOROUTE"}HTTP/1.1 404 Not Found
Connection: keep-alive
Content-Length: 58
Content-Type: application/json
X-Request-Id: 676426374689827414400

{"error":"not_found","request_id":"","routine":"MIOROUTE"}HTTP/1.1 404 Not Found
Connection: keep-alive
Content-Length: 58
Content-Type: application/json
X-Request-Id: 676426374689847714400

{"error":"not_found","request_id":"","routine":"MIOROUTE"}HTTP/1.1 404 Not Found
Connection: keep-alive
Content-Length: 58
Content-Type: application/json
X-Request-Id: 676426374689858814400

{"error":"not_found","request_id":"","routine":"MIOROUTE"}HTTP/1.1 404 Not Found
Connection: keep-alive
Content-Length: 58
Content-Type: application/json
X-Request-Id: 676426374689870314400

{"error":"not_found","request_id":"","routine":"MIOROUTE"}HTTP/1.1 404 Not Found
Connection: keep-alive
Content-Length: 58
Content-Type: application/json
X-Request-Id: 676426374689881714400

{"error":"not_found","request_id":"","routine":"MIOROUTE"}HTTP/1.1 404 Not Found
Connection: keep-alive
Content-Length: 58
Content-Type: application/json
X-Request-Id: 676426374689893014400

{"error":"not_found","request_id":"","routine":"MIOROUTE"}HTTP/1.1 404 Not Found
Connection: keep-alive
Content-Length: 58
Content-Type: application/json
X-Request-Id: 676426374689906414400

{"error":"not_found","request_id":"","routine":"MIOROUTE"}HTTP/1.1 404 Not Found
Connection: keep-alive
Content-Length: 58
Content-Type: application/json
X-Request-Id: 676426374689917514400

{"error":"not_found","request_id":"","routine":"MIOROUTE"}HTTP/1.1 404 Not Found
Connection: keep-alive
Content-Length: 58
Content-Type: application/json
X-Request-Id: 676426374689929014400

{"error":"not_found","request_id":"","routine":"MIOROUTE"}HTTP/1.1 404 Not Found
Connection: keep-alive
Content-Length: 58
Content-Type: application/json
X-Request-Id: 676426374689940314400

{"error":"not_found","request_id":"","routine":"MIOROUTE"}HTTP/1.1 404 Not Found
Connection: keep-alive
Content-Length: 58
Content-Type: application/json
X-Request-Id: 676426374689952214400

{"error":"not_found","request_id":"","routine":"MIOROUTE"}HTTP/1.1 404 Not Found
Connection: keep-alive
Content-Length: 58
Content-Type: application/json
X-Request-Id: 676426374689963514400

{"error":"not_found","request_id":"","routine":"MIOROUTE"}HTTP/1.1 404 Not Found
Connection: keep-alive
Content-Length: 58
Content-Type: application/json
X-Request-Id: 676426374689974714400

{"error":"not_found","request_id":"","routine":"MIOROUTE"}HTTP/1.1 404 Not Found
Connection: keep-alive
Content-Length: 58
Content-Type: application/json
X-Request-Id: 676426374689985814400

{"error":"not_found","request_id":"","routine":"MIOROUTE"}HTTP/1.1 404 Not Found
Connection: keep-alive
Content-Length: 58
Content-Type: application/json
X-Request-Id: 676426374690002214400

{"error":"not_found","request_id":"","routine":"MIOROUTE"}HTTP/1.1 404 Not Found
Connection: keep-alive
Content-Length: 58
Content-Type: application/json
X-Request-Id: 676426374690013014400

{"error":"not_found","request_id":"","routine":"MIOROUTE"}HTTP/1.1 404 Not Found
Connection: keep-alive
Content-Length: 58
Content-Type: application/json
X-Request-Id: 676426374690041114400

{"error":"not_found","request_id":"","routine":"MIOROUTE"}HTTP/1.1 404 Not Found
Connection: keep-alive
Content-Length: 58
Content-Type: application/json
X-Request-Id: 676426374690057614400

{"error":"not_found","request_id":"","routine":"MIOROUTE"}HTTP/1.1 404 Not Found
Connection: keep-alive
Content-Length: 58
Content-Type: application/json
X-Request-Id: 676426374690069814400

{"error":"not_found","request_id":"","routine":"MIOROUTE"}HTTP/1.1 404 Not Found
Connection: keep-alive
Content-Length: 58
Content-Type: application/json
X-Request-Id: 676426374690082014400

{"error":"not_found","request_id":"","routine":"MIOROUTE"}HTTP/1.1 404 Not Found
Connection: keep-alive
Content-Length: 58
Content-Type: application/json
X-Request-Id: 676426374690093114400

{"error":"not_found","request_id":"","routine":"MIOROUTE"}HTTP/1.1 404 Not Found
Connection: keep-alive
Content-Length: 58
Content-Type: application/json
X-Request-Id: 676426374690104414400

{"error":"not_found","request_id":"","routine":"MIOROUTE"}HTTP/1.1 404 Not Found
Connection: keep-alive
Content-Length: 58
Content-Type: application/json
X-Request-Id: 676426374690115414400

{"error":"not_found","request_id":"","routine":"MIOROUTE"}HTTP/1.1 404 Not Found
Connection: keep-alive
Content-Length: 58
Content-Type: application/json
X-Request-Id: 676426374690126514400

{"error":"not_found","request_id":"","routine":"MIOROUTE"}HTTP/1.1 404 Not Found
Connection: keep-alive
Content-Length: 58
Content-Type: application/json
X-Request-Id: 676426374690137714400

{"error":"not_found","request_id":"","routine":"MIOROUTE"}HTTP/1.1 404 Not Found
Connection: keep-alive
Content-Length: 58
Content-Type: application/json
X-Request-Id: 676426374690148814400

{"error":"not_found","request_id":"","routine":"MIOROUTE"}HTTP/1.1 404 Not Found
Connection: keep-alive
Content-Length: 58
Content-Type: application/json
X-Request-Id: 676426374690159814400

{"error":"not_found","request_id":"","routine":"MIOROUTE"}HTTP/1.1 404 Not Found
Connection: keep-alive
Content-Length: 58
Content-Type: application/json
X-Request-Id: 676426374690170614400

{"error":"not_found","request_id":"","routine":"MIOROUTE"}HTTP/1.1 404 Not Found
Connection: keep-alive
Content-Length: 58
Content-Type: application/json
X-Request-Id: 676426374690181514400

{"error":"not_found","request_id":"","routine":"MIOROUTE"}HTTP/1.1 404 Not Found
Connection: keep-alive
Content-Length: 58
Content-Type: application/json
X-Request-Id: 676426374690192514400

{"error":"not_found","request_id":"","routine":"MIOROUTE"}HTTP/1.1 404 Not Found
Connection: keep-alive
Content-Length: 58
Content-Type: application/json
X-Request-Id: 676426374690203414400

{"error":"not_found","request_id":"","routine":"MIOROUTE"}HTTP/1.1 404 Not Found
Connection: keep-alive
Content-Length: 58
Content-Type: application/json
X-Request-Id: 676426374690214414400

{"error":"not_found","request_id":"","routine":"MIOROUTE"}HTTP/1.1 404 Not Found
Connection: keep-alive
Content-Length: 58
Content-Type: application/json
X-Request-Id: 676426374690225414400

{"error":"not_found","request_id":"","routine":"MIOROUTE"}HTTP/1.1 404 Not Found
Connection: keep-alive
Content-Length: 58
Content-Type: application/json
X-Request-Id: 676426374690245914400

{"error":"not_found","request_id":"","routine":"MIOROUTE"}HTTP/1.1 404 Not Found
Connection: keep-alive
Content-Length: 58
Content-Type: application/json
X-Request-Id: 676426374690256914400

{"error":"not_found","request_id":"","routine":"MIOROUTE"}HTTP/1.1 404 Not Found
Connection: keep-alive
Content-Length: 58
Content-Type: application/json
X-Request-Id: 676426374690268114400

{"error":"not_found","request_id":"","routine":"MIOROUTE"}HTTP/1.1 404 Not Found
Connection: keep-alive
Content-Length: 58
Content-Type: application/json
X-Request-Id: 676426374690279214400

{"error":"not_found","request_id":"","routine":"MIOROUTE"}HTTP/1.1 404 Not Found
Connection: keep-alive
Content-Length: 58
Content-Type: application/json
X-Request-Id: 676426374690290314400

{"error":"not_found","request_id":"","routine":"MIOROUTE"}HTTP/1.1 404 Not Found
Connection: keep-alive
Content-Length: 58
Content-Type: application/json
X-Request-Id: 676426374690301214400

{"error":"not_found","request_id":"","routine":"MIOROUTE"}HTTP/1.1 404 Not Found
Connection: keep-alive
Content-Length: 58
Content-Type: application/json
X-Request-Id: 676426374690313514400

{"error":"not_found","request_id":"","routine":"MIOROUTE"}HTTP/1.1 404 Not Found
Connection: keep-alive
Content-Length: 58
Content-Type: application/json
X-Request-Id: 676426374690324314400

{"error":"not_found","request_id":"","routine":"MIOROUTE"}HTTP/1.1 404 Not Found
Connection: keep-alive
Content-Length: 58
Content-Type: application/json
X-Request-Id: 676426374690335314400

{"error":"not_found","request_id":"","routine":"MIOROUTE"}HTTP/1.1 404 Not Found
Connection: keep-alive
Content-Length: 58
Content-Type: application/json
X-Request-Id: 676426374690346614400

{"error":"not_found","request_id":"","routine":"MIOROUTE"}HTTP/1.1 404 Not Found
Connection: keep-alive
Content-Length: 58
Content-Type: application/json
X-Request-Id: 676426374690358514400

{"error":"not_found","request_id":"","routine":"MIOROUTE"}HTTP/1.1 404 Not Found
Connection: keep-alive
Content-Length: 58
Content-Type: application/json
X-Request-Id: 676426374690369514400

{"error":"not_found","request_id":"","routine":"MIOROUTE"}HTTP/1.1 404 Not Found
Connection: keep-alive
Content-Length: 58
Content-Type: application/json
X-Request-Id: 676426374690380414400

{"error":"not_found","request_id":"","routine":"MIOROUTE"}HTTP/1.1 404 Not Found
Connection: keep-alive
Content-Length: 58
Content-Type: application/json
X-Request-Id: 676426374690394114400

{"error":"not_found","request_id":"","routine":"MIOROUTE"}HTTP/1.1 404 Not Found
Connection: keep-alive
Content-Length: 58
Content-Type: application/json
X-Request-Id: 676426374690404714400

{"error":"not_found","request_id":"","routine":"MIOROUTE"}HTTP/1.1 404 Not Found
Connection: keep-alive
Content-Length: 58
Content-Type: application/json
X-Request-Id: 676426374690415814400

{"error":"not_found","request_id":"","routine":"MIOROUTE"}HTTP/1.1 404 Not Found
Connection: keep-alive
Content-Length: 58
Content-Type: application/json
X-Request-Id: 676426374690426314400

{"error":"not_found","request_id":"","routine":"MIOROUTE"}HTTP/1.1 404 Not Found
Connection: keep-alive
Content-Length: 58
Content-Type: application/json
X-Request-Id: 676426374690439414400

{"error":"not_found","request_id":"","routine":"MIOROUTE"}HTTP/1.1 404 Not Found
Connection: keep-alive
Content-Length: 58
Content-Type: application/json
X-Request-Id: 676426374690450614400

{"error":"not_found","request_id":"","routine":"MIOROUTE"}HTTP/1.1 404 Not Found
Connection: keep-alive
Content-Length: 58
Content-Type: application/json
X-Request-Id: 676426374690459614400

{"error":"not_found","request_id":"","routine":"MIOROUTE"}HTTP/1.1 404 Not Found
Connection: keep-alive
Content-Length: 58
Content-Type: application/json
X-Request-Id: 676426374690470514400

{"error":"not_found","request_id":"","routine":"MIOROUTE"}HTTP/1.1 404 Not Found
Connection: keep-alive
Content-Length: 58
Content-Type: application/json
X-Request-Id: 676426374690480514400

{"error":"not_found","request_id":"","routine":"MIOROUTE"}HTTP/1.1 404 Not Found
Connection: keep-alive
Content-Length: 58
Content-Type: application/json
X-Request-Id: 676426374690491414400

{"error":"not_found","request_id":"","routine":"MIOROUTE"}HTTP/1.1 404 Not Found
Connection: keep-alive
Content-Length: 58
Content-Type: application/json
X-Request-Id: 676426374690502514400

{"error":"not_found","request_id":"","routine":"MIOROUTE"}HTTP/1.1 404 Not Found
Connection: keep-alive
Content-Length: 58
Content-Type: application/json
X-Request-Id: 676426374690513614400

{"error":"not_found","request_id":"","routine":"MIOROUTE"}HTTP/1.1 404 Not Found
Connection: keep-alive
Content-Length: 58
Content-Type: application/json
X-Request-Id: 676426374690524514400

{"error":"not_found","request_id":"","routine":"MIOROUTE"}HTTP/1.1 404 Not Found
Connection: keep-alive
Content-Length: 58
Content-Type: application/json
X-Request-Id: 676426374690540714400

{"error":"not_found","request_id":"","routine":"MIOROUTE"}HTTP/1.1 404 Not Found
Connection: keep-alive
Content-Length: 58
Content-Type: application/json
X-Request-Id: 676426374690557414400

{"error":"not_found","request_id":"","routine":"MIOROUTE"}HTTP/1.1 404 Not Found
Connection: keep-alive
Content-Length: 58
Content-Type: application/json
X-Request-Id: 676426374690568114400

{"error":"not_found","request_id":"","routine":"MIOROUTE"}HTTP/1.1 404 Not Found
Connection: keep-alive
Content-Length: 58
Content-Type: application/json
X-Request-Id: 676426374690578814400

{"error":"not_found","request_id":"","routine":"MIOROUTE"}HTTP/1.1 404 Not Found
Connection: keep-alive
Content-Length: 58
Content-Type: application/json
X-Request-Id: 676426374690589114400

{"error":"not_found","request_id":"","routine":"MIOROUTE"}HTTP/1.1 404 Not Found
Connection: keep-alive
Content-Length: 58
Content-Type: application/json
X-Request-Id: 676426374690600114400

{"error":"not_found","request_id":"","routine":"MIOROUTE"}HTTP/1.1 404 Not Found
Connection: keep-alive
Content-Length: 58
Content-Type: application/json
X-Request-Id: 676426374690613814400

{"error":"not_found","request_id":"","routine":"MIOROUTE"}HTTP/1.1 404 Not Found
Connection: keep-alive
Content-Length: 58
Content-Type: application/json
X-Request-Id: 676426374690636614400

{"error":"not_found","request_id":"","routine":"MIOROUTE"}HTTP/1.1 404 Not Found
Connection: keep-alive
Content-Length: 58
Content-Type: application/json
X-Request-Id: 676426374690651214400

{"error":"not_found","request_id":"","routine":"MIOROUTE"}HTTP/1.1 404 Not Found
Connection: keep-alive
Content-Length: 58
Content-Type: application/json
X-Request-Id: 676426374690667314400

{"error":"not_found","request_id":"","routine":"MIOROUTE"}HTTP/1.1 404 Not Found
Connection: keep-alive
Content-Length: 58
Content-Type: application/json
X-Request-Id: 676426374690680714400

{"error":"not_found","request_id":"","routine":"MIOROUTE"}HTTP/1.1 404 Not Found
Connection: keep-alive
Content-Length: 58
Content-Type: application/json
X-Request-Id: 676426374690692214400

{"error":"not_found","request_id":"","routine":"MIOROUTE"}HTTP/1.1 404 Not Found
Connection: keep-alive
Content-Length: 58
Content-Type: application/json
X-Request-Id: 676426374690703914400

{"error":"not_found","request_id":"","routine":"MIOROUTE"}HTTP/1.1 404 Not Found
Connection: keep-alive
Content-Length: 58
Content-Type: application/json
X-Request-Id: 676426374690715114400

{"error":"not_found","request_id":"","routine":"MIOROUTE"}HTTP/1.1 404 Not Found
Connection: keep-alive
Content-Length: 58
Content-Type: application/json
X-Request-Id: 676426374690728514400

{"error":"not_found","request_id":"","routine":"MIOROUTE"}HTTP/1.1 404 Not Found
Connection: keep-alive
Content-Length: 58
Content-Type: application/json
X-Request-Id: 676426374690738914400

{"error":"not_found","request_id":"","routine":"MIOROUTE"}HTTP/1.1 404 Not Found
Connection: keep-alive
Content-Length: 58
Content-Type: application/json
X-Request-Id: 676426374690749914400

{"error":"not_found","request_id":"","routine":"MIOROUTE"}HTTP/1.1 404 Not Found
Connection: keep-alive
Content-Length: 58
Content-Type: application/json
X-Request-Id: 676426374690761714400

{"error":"not_found","request_id":"","routine":"MIOROUTE"}HTTP/1.1 404 Not Found
Connection: keep-alive
Content-Length: 58
Content-Type: application/json
X-Request-Id: 676426374690772814400

{"error":"not_found","request_id":"","routine":"MIOROUTE"}HTTP/1.1 404 Not Found
Connection: keep-alive
Content-Length: 58
Content-Type: application/json
X-Request-Id: 676426374690783914400

{"error":"not_found","request_id":"","routine":"MIOROUTE"}HTTP/1.1 404 Not Found
Connection: keep-alive
Content-Length: 58
Content-Type: application/json
X-Request-Id: 676426374690798414400

{"error":"not_found","request_id":"","routine":"MIOROUTE"}HTTP/1.1 404 Not Found
Connection: keep-alive
Content-Length: 58
Content-Type: application/json
X-Request-Id: 676426374690810714400

{"error":"not_found","request_id":"","routine":"MIOROUTE"}HTTP/1.1 404 Not Found
Connection: keep-alive
Content-Length: 58
Content-Type: application/json
X-Request-Id: 676426374690823514400

{"error":"not_found","request_id":"","routine":"MIOROUTE"}HTTP/1.1 404 Not Found
Connection: keep-alive
Content-Length: 58
Content-Type: application/json
X-Request-Id: 676426374690834114400

{"error":"not_found","request_id":"","routine":"MIOROUTE"}HTTP/1.1 404 Not Found
Connection: keep-alive
Content-Length: 58
Content-Type: application/json
X-Request-Id: 676426374690845014400

{"error":"not_found","request_id":"","routine":"MIOROUTE"}HTTP/1.1 404 Not Found
Connection: keep-alive
Content-Length: 58
Content-Type: application/json
X-Request-Id: 676426374690856114400

{"error":"not_found","request_id":"","routine":"MIOROUTE"}HTTP/1.1 404 Not Found
Connection: keep-alive
Content-Length: 58
Content-Type: application/json
X-Request-Id: 676426374690866914400

{"error":"not_found","request_id":"","routine":"MIOROUTE"}HTTP/1.1 404 Not Found
Connection: keep-alive
Content-Length: 58
Content-Type: application/json
X-Request-Id: 676426374690877914400

{"error":"not_found","request_id":"","routine":"MIOROUTE"}HTTP/1.1 404 Not Found
Connection: keep-alive
Content-Length: 58
Content-Type: application/json
X-Request-Id: 676426374690888814400

{"error":"not_found","request_id":"","routine":"MIOROUTE"}HTTP/1.1 404 Not Found
Connection: keep-alive
Content-Length: 58
Content-Type: application/json
X-Request-Id: 676426374690899614400

{"error":"not_found","request_id":"","routine":"MIOROUTE"}HTTP/1.1 404 Not Found
Connection: keep-alive
Content-Length: 58
Content-Type: application/json
X-Request-Id: 676426374690910014400

{"error":"not_found","request_id":"","routine":"MIOROUTE"}HTTP/1.1 404 Not Found
Connection: keep-alive
Content-Length: 58
Content-Type: application/json
X-Request-Id: 676426374690920714400

{"error":"not_found","request_id":"","routine":"MIOROUTE"}HTTP/1.1 404 Not Found
Connection: keep-alive
Content-Length: 58
Content-Type: application/json
X-Request-Id: 676426374690930814400

{"error":"not_found","request_id":"","routine":"MIOROUTE"}HTTP/1.1 404 Not Found
Connection: keep-alive
Content-Length: 58
Content-Type: application/json
X-Request-Id: 676426374690941714400

{"error":"not_found","request_id":"","routine":"MIOROUTE"}HTTP/1.1 404 Not Found
Connection: keep-alive
Content-Length: 58
Content-Type: application/json
X-Request-Id: 676426374690952614400

{"error":"not_found","request_id":"","routine":"MIOROUTE"}HTTP/1.1 404 Not Found
Connection: keep-alive
Content-Length: 58
Content-Type: application/json
X-Request-Id: 676426374690963514400

{"error":"not_found","request_id":"","routine":"MIOROUTE"}HTTP/1.1 404 Not Found
Connection: keep-alive
Content-Length: 58
Content-Type: application/json
X-Request-Id: 676426374690973814400

{"error":"not_found","request_id":"","routine":"MIOROUTE"}HTTP/1.1 404 Not Found
Connection: keep-alive
Content-Length: 58
Content-Type: application/json
X-Request-Id: 676426374690983114400

{"error":"not_found","request_id":"","routine":"MIOROUTE"}HTTP/1.1 404 Not Found
Connection: keep-alive
Content-Length: 58
Content-Type: application/json
X-Request-Id: 676426374690994214400

{"error":"not_found","request_id":"","routine":"MIOROUTE"}HTTP/1.1 404 Not Found
Connection: keep-alive
Content-Length: 58
Content-Type: application/json
X-Request-Id: 676426374691014414400

{"error":"not_found","request_id":"","routine":"MIOROUTE"}HTTP/1.1 404 Not Found
Connection: keep-alive
Content-Length: 58
Content-Type: application/json
X-Request-Id: 676426374691025214400

{"error":"not_found","request_id":"","routine":"MIOROUTE"}HTTP/1.1 404 Not Found
Connection: keep-alive
Content-Length: 58
Content-Type: application/json
X-Request-Id: 676426374691036414400

{"error":"not_found","request_id":"","routine":"MIOROUTE"}HTTP/1.1 404 Not Found
Connection: keep-alive
Content-Length: 58
Content-Type: application/json
X-Request-Id: 676426374691047514400

{"error":"not_found","request_id":"","routine":"MIOROUTE"}HTTP/1.1 404 Not Found
Connection: keep-alive
Content-Length: 58
Content-Type: application/json
X-Request-Id: 676426374691059214400

{"error":"not_found","request_id":"","routine":"MIOROUTE"}HTTP/1.1 404 Not Found
Connection: keep-alive
Content-Length: 58
Content-Type: application/json
X-Request-Id: 676426374691070214400

{"error":"not_found","request_id":"","routine":"MIOROUTE"}HTTP/1.1 404 Not Found
Connection: keep-alive
Content-Length: 58
Content-Type: application/json
X-Request-Id: 676426374691080614400

{"error":"not_found","request_id":"","routine":"MIOROUTE"}HTTP/1.1 404 Not Found
Connection: keep-alive
Content-Length: 58
Content-Type: application/json
X-Request-Id: 676426374691089714400

{"error":"not_found","request_id":"","routine":"MIOROUTE"}HTTP/1.1 404 Not Found
Connection: keep-alive
Content-Length: 58
Content-Type: application/json
X-Request-Id: 676426374691101014400

{"error":"not_found","request_id":"","routine":"MIOROUTE"}HTTP/1.1 404 Not Found
Connection: keep-alive
Content-Length: 58
Content-Type: application/json
X-Request-Id: 676426374691111814400

{"error":"not_found","request_id":"","routine":"MIOROUTE"}HTTP/1.1 404 Not Found
Connection: keep-alive
Content-Length: 58
Content-Type: application/json
X-Request-Id: 676426374691122614400

{"error":"not_found","request_id":"","routine":"MIOROUTE"}HTTP/1.1 404 Not Found
Connection: keep-alive
Content-Length: 58
Content-Type: application/json
X-Request-Id: 676426374691133314400

{"error":"not_found","request_id":"","routine":"MIOROUTE"}HTTP/1.1 404 Not Found
Connection: keep-alive
Content-Length: 58
Content-Type: application/json
X-Request-Id: 676426374691144314400

{"error":"not_found","request_id":"","routine":"MIOROUTE"}HTTP/1.1 404 Not Found
Connection: keep-alive
Content-Length: 58
Content-Type: application/json
X-Request-Id: 676426374691155214400

{"error":"not_found","request_id":"","routine":"MIOROUTE"}HTTP/1.1 404 Not Found
Connection: keep-alive
Content-Length: 58
Content-Type: application/json
X-Request-Id: 676426374691166814400

{"error":"not_found","request_id":"","routine":"MIOROUTE"}HTTP/1.1 404 Not Found
Connection: keep-alive
Content-Length: 58
Content-Type: application/json
X-Request-Id: 676426374691177014400

{"error":"not_found","request_id":"","routine":"MIOROUTE"}HTTP/1.1 404 Not Found
Connection: keep-alive
Content-Length: 58
Content-Type: application/json
X-Request-Id: 676426374691188214400

{"error":"not_found","request_id":"","routine":"MIOROUTE"}HTTP/1.1 404 Not Found
Connection: keep-alive
Content-Length: 58
Content-Type: application/json
X-Request-Id: 676426374691201714400

{"error":"not_found","request_id":"","routine":"MIOROUTE"}HTTP/1.1 404 Not Found
Connection: keep-alive
Content-Length: 58
Content-Type: application/json
X-Request-Id: 676426374691212714400

{"error":"not_found","request_id":"","routine":"MIOROUTE"}HTTP/1.1 404 Not Found
Connection: keep-alive
Content-Length: 58
Content-Type: application/json
X-Request-Id: 676426374691223614400

{"error":"not_found","request_id":"","routine":"MIOROUTE"}HTTP/1.1 404 Not Found
Connection: keep-alive
Content-Length: 58
Content-Type: application/json
X-Request-Id: 676426374691234414400

{"error":"not_found","request_id":"","routine":"MIOROUTE"}HTTP/1.1 404 Not Found
Connection: keep-alive
Content-Length: 58
Content-Type: application/json
X-Request-Id: 676426374691245314400

{"error":"not_found","request_id":"","routine":"MIOROUTE"}HTTP/1.1 404 Not Found
Connection: keep-alive
Content-Length: 58
Content-Type: application/json
X-Request-Id: 676426374691257414400

{"error":"not_found","request_id":"","routine":"MIOROUTE"}HTTP/1.1 404 Not Found
Connection: keep-alive
Content-Length: 58
Content-Type: application/json
X-Request-Id: 676426374691269314400

{"error":"not_found","request_id":"","routine":"MIOROUTE"}HTTP/1.1 404 Not Found
Connection: keep-alive
Content-Length: 58
Content-Type: application/json
X-Request-Id: 676426374691280814400

{"error":"not_found","request_id":"","routine":"MIOROUTE"}HTTP/1.1 404 Not Found
Connection: keep-alive
Content-Length: 58
Content-Type: application/json
X-Request-Id: 676426374691291614400

{"error":"not_found","request_id":"","routine":"MIOROUTE"}HTTP/1.1 404 Not Found
Connection: keep-alive
Content-Length: 58
Content-Type: application/json
X-Request-Id: 676426374691303314400

{"error":"not_found","request_id":"","routine":"MIOROUTE"}HTTP/1.1 404 Not Found
Connection: keep-alive
Content-Length: 58
Content-Type: application/json
X-Request-Id: 676426374691314914400

{"error":"not_found","request_id":"","routine":"MIOROUTE"}HTTP/1.1 404 Not Found
Connection: keep-alive
Content-Length: 58
Content-Type: application/json
X-Request-Id: 676426374691325714400

{"error":"not_found","request_id":"","routine":"MIOROUTE"}HTTP/1.1 404 Not Found
Connection: keep-alive
Content-Length: 58
Content-Type: application/json
X-Request-Id: 676426374691336714400

{"error":"not_found","request_id":"","routine":"MIOROUTE"}HTTP/1.1 404 Not Found
Connection: keep-alive
Content-Length: 58
Content-Type: application/json
X-Request-Id: 676426374691346714400

{"error":"not_found","request_id":"","routine":"MIOROUTE"}HTTP/1.1 404 Not Found
Connection: keep-alive
Content-Length: 58
Content-Type: application/json
X-Request-Id: 676426374691357514400

{"error":"not_found","request_id":"","routine":"MIOROUTE"}HTTP/1.1 404 Not Found
Connection: keep-alive
Content-Length: 58
Content-Type: application/json
X-Request-Id: 676426374691367214400

{"error":"not_found","request_id":"","routine":"MIOROUTE"}HTTP/1.1 404 Not Found
Connection: keep-alive
Content-Length: 58
Content-Type: application/json
X-Request-Id: 676426374691385314400

{"error":"not_found","request_id":"","routine":"MIOROUTE"}HTTP/1.1 404 Not Found
Connection: keep-alive
Content-Length: 58
Content-Type: application/json
X-Request-Id: 676426374691395214400

{"error":"not_found","request_id":"","routine":"MIOROUTE"}HTTP/1.1 404 Not Found
Connection: keep-alive
Content-Length: 58
Content-Type: application/json
X-Request-Id: 676426374691405614400

{"error":"not_found","request_id":"","routine":"MIOROUTE"}HTTP/1.1 404 Not Found
Connection: keep-alive
Content-Length: 58
Content-Type: application/json
X-Request-Id: 676426374691415514400

{"error":"not_found","request_id":"","routine":"MIOROUTE"}HTTP/1.1 404 Not Found
Connection: keep-alive
Content-Length: 58
Content-Type: application/json
X-Request-Id: 676426374691425714400

{"error":"not_found","request_id":"","routine":"MIOROUTE"}HTTP/1.1 404 Not Found
Connection: keep-alive
Content-Length: 58
Content-Type: application/json
X-Request-Id: 676426374691435514400

{"error":"not_found","request_id":"","routine":"MIOROUTE"}HTTP/1.1 404 Not Found
Connection: keep-alive
Content-Length: 58
Content-Type: application/json
X-Request-Id: 676426374691446314400

{"error":"not_found","request_id":"","routine":"MIOROUTE"}HTTP/1.1 404 Not Found
Connection: keep-alive
Content-Length: 58
Content-Type: application/json
X-Request-Id: 676426374691455314400

{"error":"not_found","request_id":"","routine":"MIOROUTE"}HTTP/1.1 404 Not Found
Connection: keep-alive
Content-Length: 58
Content-Type: application/json
X-Request-Id: 676426374691465914400

{"error":"not_found","request_id":"","routine":"MIOROUTE"}HTTP/1.1 404 Not Found
Connection: keep-alive
Content-Length: 58
Content-Type: application/json
X-Request-Id: 676426374691474914400

{"error":"not_found","request_id":"","routine":"MIOROUTE"}HTTP/1.1 404 Not Found
Connection: keep-alive
Content-Length: 58
Content-Type: application/json
X-Request-Id: 676426374691485514400

{"error":"not_found","request_id":"","routine":"MIOROUTE"}HTTP/1.1 404 Not Found
Connection: keep-alive
Content-Length: 58
Content-Type: application/json
X-Request-Id: 676426374691494414400

{"error":"not_found","request_id":"","routine":"MIOROUTE"}HTTP/1.1 404 Not Found
Connection: keep-alive
Content-Length: 58
Content-Type: application/json
X-Request-Id: 676426374691506914400

{"error":"not_found","request_id":"","routine":"MIOROUTE"}HTTP/1.1 404 Not Found
Connection: keep-alive
Content-Length: 58
Content-Type: application/json
X-Request-Id: 676426374691517314400

{"error":"not_found","request_id":"","routine":"MIOROUTE"}HTTP/1.1 404 Not Found
Connection: keep-alive
Content-Length: 58
Content-Type: application/json
X-Request-Id: 676426374691527114400

{"error":"not_found","request_id":"","routine":"MIOROUTE"}HTTP/1.1 404 Not Found
Connection: keep-alive
Content-Length: 58
Content-Type: application/json
X-Request-Id: 676426374691537214400

{"error":"not_found","request_id":"","routine":"MIOROUTE"}HTTP/1.1 404 Not Found
Connection: keep-alive
Content-Length: 58
Content-Type: application/json
X-Request-Id: 676426374691547214400

{"error":"not_found","request_id":"","routine":"MIOROUTE"}HTTP/1.1 404 Not Found
Connection: keep-alive
Content-Length: 58
Content-Type: application/json
X-Request-Id: 676426374691557914400

{"error":"not_found","request_id":"","routine":"MIOROUTE"}HTTP/1.1 404 Not Found
Connection: keep-alive
Content-Length: 58
Content-Type: application/json
X-Request-Id: 676426374691568414400

{"error":"not_found","request_id":"","routine":"MIOROUTE"}HTTP/1.1 404 Not Found
Connection: keep-alive
Content-Length: 58
Content-Type: application/json
X-Request-Id: 676426374691577214400

{"error":"not_found","request_id":"","routine":"MIOROUTE"}HTTP/1.1 404 Not Found
Connection: keep-alive
Content-Length: 58
Content-Type: application/json
X-Request-Id: 676426374691588914400

{"error":"not_found","request_id":"","routine":"MIOROUTE"}HTTP/1.1 404 Not Found
Connection: keep-alive
Content-Length: 58
Content-Type: application/json
X-Request-Id: 676426374691600814400

{"error":"not_found","request_id":"","routine":"MIOROUTE"}HTTP/1.1 404 Not Found
Connection: keep-alive
Content-Length: 58
Content-Type: application/json
X-Request-Id: 676426374691611614400

{"error":"not_found","request_id":"","routine":"MIOROUTE"}HTTP/1.1 404 Not Found
Connection: keep-alive
Content-Length: 58
Content-Type: application/json
X-Request-Id: 676426374691622114400

{"error":"not_found","request_id":"","routine":"MIOROUTE"}HTTP/1.1 404 Not Found
Connection: keep-alive
Content-Length: 58
Content-Type: application/json
X-Request-Id: 676426374691631814400

{"error":"not_found","request_id":"","routine":"MIOROUTE"}HTTP/1.1 404 Not Found
Connection: keep-alive
Content-Length: 58
Content-Type: application/json
X-Request-Id: 676426374691640514400

{"error":"not_found","request_id":"","routine":"MIOROUTE"}HTTP/1.1 404 Not Found
Connection: keep-alive
Content-Length: 58
Content-Type: application/json
X-Request-Id: 676426374691651414400

{"error":"not_found","request_id":"","routine":"MIOROUTE"}HTTP/1.1 404 Not Found
Connection: keep-alive
Content-Length: 58
Content-Type: application/json
X-Request-Id: 676426374691662014400

{"error":"not_found","request_id":"","routine":"MIOROUTE"}HTTP/1.1 404 Not Found
Connection: keep-alive
Content-Length: 58
Content-Type: application/json
X-Request-Id: 676426374691672714400

{"error":"not_found","request_id":"","routine":"MIOROUTE"}HTTP/1.1 404 Not Found
Connection: keep-alive
Content-Length: 58
Content-Type: application/json
X-Request-Id: 676426374691683414400

{"error":"not_found","request_id":"","routine":"MIOROUTE"}HTTP/1.1 404 Not Found
Connection: keep-alive
Content-Length: 58
Content-Type: application/json
X-Request-Id: 676426374691694114400

{"error":"not_found","request_id":"","routine":"MIOROUTE"}HTTP/1.1 404 Not Found
Connection: keep-alive
Content-Length: 58
Content-Type: application/json
X-Request-Id: 676426374691704714400

{"error":"not_found","request_id":"","routine":"MIOROUTE"}HTTP/1.1 404 Not Found
Connection: keep-alive
Content-Length: 58
Content-Type: application/json
X-Request-Id: 676426374691722414400

{"error":"not_found","request_id":"","routine":"MIOROUTE"}HTTP/1.1 404 Not Found
Connection: keep-alive
Content-Length: 58
Content-Type: application/json
X-Request-Id: 676426374691733714400

{"error":"not_found","request_id":"","routine":"MIOROUTE"}HTTP/1.1 404 Not Found
Connection: keep-alive
Content-Length: 58
Content-Type: application/json
X-Request-Id: 676426374691744214400

{"error":"not_found","request_id":"","routine":"MIOROUTE"}HTTP/1.1 404 Not Found
Connection: keep-alive
Content-Length: 58
Content-Type: application/json
X-Request-Id: 676426374691753114400

{"error":"not_found","request_id":"","routine":"MIOROUTE"}HTTP/1.1 404 Not Found
Connection: keep-alive
Content-Length: 58
Content-Type: application/json
X-Request-Id: 676426374691763814400

{"error":"not_found","request_id":"","routine":"MIOROUTE"}HTTP/1.1 404 Not Found
Connection: keep-alive
Content-Length: 58
Content-Type: application/json
X-Request-Id: 676426374691774514400

{"error":"not_found","request_id":"","routine":"MIOROUTE"}HTTP/1.1 404 Not Found
Connection: keep-alive
Content-Length: 58
Content-Type: application/json
X-Request-Id: 676426374691785214400

{"error":"not_found","request_id":"","routine":"MIOROUTE"}HTTP/1.1 404 Not Found
Connection: keep-alive
Content-Length: 58
Content-Type: application/json
X-Request-Id: 676426374691795714400

{"error":"not_found","request_id":"","routine":"MIOROUTE"}HTTP/1.1 404 Not Found
Connection: keep-alive
Content-Length: 58
Content-Type: application/json
X-Request-Id: 676426374691805414400

{"error":"not_found","request_id":"","routine":"MIOROUTE"}HTTP/1.1 404 Not Found
Connection: keep-alive
Content-Length: 58
Content-Type: application/json
X-Request-Id: 676426374691814214400

{"error":"not_found","request_id":"","routine":"MIOROUTE"}HTTP/1.1 404 Not Found
Connection: keep-alive
Content-Length: 58
Content-Type: application/json
X-Request-Id: 676426374691824914400

{"error":"not_found","request_id":"","routine":"MIOROUTE"}HTTP/1.1 404 Not Found
Connection: keep-alive
Content-Length: 58
Content-Type: application/json
X-Request-Id: 676426374691835514400

{"error":"not_found","request_id":"","routine":"MIOROUTE"}HTTP/1.1 404 Not Found
Connection: keep-alive
Content-Length: 58
Content-Type: application/json
X-Request-Id: 676426374691847314400

{"error":"not_found","request_id":"","routine":"MIOROUTE"}HTTP/1.1 404 Not Found
Connection: keep-alive
Content-Length: 58
Content-Type: application/json
X-Request-Id: 676426374691856814400

{"error":"not_found","request_id":"","routine":"MIOROUTE"}HTTP/1.1 404 Not Found
Connection: keep-alive
Content-Length: 58
Content-Type: application/json
X-Request-Id: 676426374691867514400

{"error":"not_found","request_id":"","routine":"MIOROUTE"}HTTP/1.1 404 Not Found
Connection: keep-alive
Content-Length: 58
Content-Type: application/json
X-Request-Id: 676426374691877914400

{"error":"not_found","request_id":"","routine":"MIOROUTE"}HTTP/1.1 404 Not Found
Connection: keep-alive
Content-Length: 58
Content-Type: application/json
X-Request-Id: 676426374691887514400

{"error":"not_found","request_id":"","routine":"MIOROUTE"}HTTP/1.1 404 Not Found
Connection: keep-alive
Content-Length: 58
Content-Type: application/json
X-Request-Id: 676426374691897714400

{"error":"not_found","request_id":"","routine":"MIOROUTE"}HTTP/1.1 404 Not Found
Connection: keep-alive
Content-Length: 58
Content-Type: application/json
X-Request-Id: 676426374691907614400

{"error":"not_found","request_id":"","routine":"MIOROUTE"}HTTP/1.1 404 Not Found
Connection: keep-alive
Content-Length: 58
Content-Type: application/json
X-Request-Id: 676426374691916414400

{"error":"not_found","request_id":"","routine":"MIOROUTE"}HTTP/1.1 404 Not Found
Connection: keep-alive
Content-Length: 58
Content-Type: application/json
X-Request-Id: 676426374691927214400

{"error":"not_found","request_id":"","routine":"MIOROUTE"}HTTP/1.1 404 Not Found
Connection: keep-alive
Content-Length: 58
Content-Type: application/json
X-Request-Id: 676426374691939814400

{"error":"not_found","request_id":"","routine":"MIOROUTE"}HTTP/1.1 404 Not Found
Connection: keep-alive
Content-Length: 58
Content-Type: application/json
X-Request-Id: 676426374691949714400

{"error":"not_found","request_id":"","routine":"MIOROUTE"}HTTP/1.1 404 Not Found
Connection: keep-alive
Content-Length: 58
Content-Type: application/json
X-Request-Id: 676426374691959314400

{"error":"not_found","request_id":"","routine":"MIOROUTE"}HTTP/1.1 404 Not Found
Connection: keep-alive
Content-Length: 58
Content-Type: application/json
X-Request-Id: 676426374691967514400

{"error":"not_found","request_id":"","routine":"MIOROUTE"}HTTP/1.1 404 Not Found
Connection: keep-alive
Content-Length: 58
Content-Type: application/json
X-Request-Id: 676426374691977814400

{"error":"not_found","request_id":"","routine":"MIOROUTE"}HTTP/1.1 404 Not Found
Connection: keep-alive
Content-Length: 58
Content-Type: application/json
X-Request-Id: 676426374691999714400

{"error":"not_found","request_id":"","routine":"MIOROUTE"}HTTP/1.1 404 Not Found
Connection: keep-alive
Content-Length: 58
Content-Type: application/json
X-Request-Id: 676426374692015814400

{"error":"not_found","request_id":"","routine":"MIOROUTE"}HTTP/1.1 404 Not Found
Connection: keep-alive
Content-Length: 58
Content-Type: application/json
X-Request-Id: 676426374692030514400

{"error":"not_found","request_id":"","routine":"MIOROUTE"}HTTP/1.1 404 Not Found
Connection: keep-alive
Content-Length: 58
Content-Type: application/json
X-Request-Id: 676426374692045414400

{"error":"not_found","request_id":"","routine":"MIOROUTE"}HTTP/1.1 404 Not Found
Connection: keep-alive
Content-Length: 58
Content-Type: application/json
X-Request-Id: 676426374692057014400

{"error":"not_found","request_id":"","routine":"MIOROUTE"}HTTP/1.1 404 Not Found
Connection: keep-alive
Content-Length: 58
Content-Type: application/json
X-Request-Id: 676426374692071214400

{"error":"not_found","request_id":"","routine":"MIOROUTE"}HTTP/1.1 404 Not Found
Connection: keep-alive
Content-Length: 58
Content-Type: application/json
X-Request-Id: 676426374692098114400

{"error":"not_found","request_id":"","routine":"MIOROUTE"}HTTP/1.1 404 Not Found
Connection: keep-alive
Content-Length: 58
Content-Type: application/json
X-Request-Id: 676426374692109314400

{"error":"not_found","request_id":"","routine":"MIOROUTE"}HTTP/1.1 404 Not Found
Connection: keep-alive
Content-Length: 58
Content-Type: application/json
X-Request-Id: 676426374692118814400

{"error":"not_found","request_id":"","routine":"MIOROUTE"}HTTP/1.1 404 Not Found
Connection: keep-alive
Content-Length: 58
Content-Type: application/json
X-Request-Id: 676426374692128514400

{"error":"not_found","request_id":"","routine":"MIOROUTE"}HTTP/1.1 404 Not Found
Connection: keep-alive
Content-Length: 58
Content-Type: application/json
X-Request-Id: 676426374692135914400

{"error":"not_found","request_id":"","routine":"MIOROUTE"}HTTP/1.1 404 Not Found
Connection: keep-alive
Content-Length: 58
Content-Type: application/json
X-Request-Id: 676426374692142814400

{"error":"not_found","request_id":"","routine":"MIOROUTE"}HTTP/1.1 404 Not Found
Connection: keep-alive
Content-Length: 58
Content-Type: application/json
X-Request-Id: 676426374692161514400

{"error":"not_found","request_id":"","routine":"MIOROUTE"}HTTP/1.1 404 Not Found
Connection: keep-alive
Content-Length: 58
Content-Type: application/json
X-Request-Id: 676426374692186114400

{"error":"not_found","request_id":"","routine":"MIOROUTE"}HTTP/1.1 404 Not Found
Connection: keep-alive
Content-Length: 58
Content-Type: application/json
X-Request-Id: 676426374692201314400

{"error":"not_found","request_id":"","routine":"MIOROUTE"}HTTP/1.1 404 Not Found
Connection: keep-alive
Content-Length: 58
Content-Type: application/json
X-Request-Id: 676426374692215214400

{"error":"not_found","request_id":"","routine":"MIOROUTE"}HTTP/1.1 404 Not Found
Connection: keep-alive
Content-Length: 58
Content-Type: application/json
X-Request-Id: 676426374692228914400

{"error":"not_found","request_id":"","routine":"MIOROUTE"}HTTP/1.1 404 Not Found
Connection: keep-alive
Content-Length: 58
Content-Type: application/json
X-Request-Id: 676426374692243814400

{"error":"not_found","request_id":"","routine":"MIOROUTE"}HTTP/1.1 404 Not Found
Connection: keep-alive
Content-Length: 58
Content-Type: application/json
X-Request-Id: 676426374692255614400

{"error":"not_found","request_id":"","routine":"MIOROUTE"}HTTP/1.1 404 Not Found
Connection: keep-alive
Content-Length: 58
Content-Type: application/json
X-Request-Id: 676426374692272814400

{"error":"not_found","request_id":"","routine":"MIOROUTE"}HTTP/1.1 404 Not Found
Connection: keep-alive
Content-Length: 58
Content-Type: application/json
X-Request-Id: 676426374692285414400

{"error":"not_found","request_id":"","routine":"MIOROUTE"}HTTP/1.1 404 Not Found
Connection: keep-alive
Content-Length: 58
Content-Type: application/json
X-Request-Id: 676426374692299614400

{"error":"not_found","request_id":"","routine":"MIOROUTE"}HTTP/1.1 404 Not Found
Connection: keep-alive
Content-Length: 58
Content-Type: application/json
X-Request-Id: 676426374692315114400

{"error":"not_found","request_id":"","routine":"MIOROUTE"}HTTP/1.1 404 Not Found
Connection: keep-alive
Content-Length: 58
Content-Type: application/json
X-Request-Id: 676426374692327114400

{"error":"not_found","request_id":"","routine":"MIOROUTE"}HTTP/1.1 404 Not Found
Connection: keep-alive
Content-Length: 58
Content-Type: application/json
X-Request-Id: 676426374692342914400

{"error":"not_found","request_id":"","routine":"MIOROUTE"}HTTP/1.1 404 Not Found
Connection: keep-alive
Content-Length: 58
Content-Type: application/json
X-Request-Id: 676426374692361114400

{"error":"not_found","request_id":"","routine":"MIOROUTE"}HTTP/1.1 404 Not Found
Connection: keep-alive
Content-Length: 58
Content-Type: application/json
X-Request-Id: 676426374692376814400

{"error":"not_found","request_id":"","routine":"MIOROUTE"}HTTP/1.1 404 Not Found
Connection: keep-alive
Content-Length: 58
Content-Type: application/json
X-Request-Id: 676426374692397814400

{"error":"not_found","request_id":"","routine":"MIOROUTE"}HTTP/1.1 404 Not Found
Connection: keep-alive
Content-Length: 58
Content-Type: application/json
X-Request-Id: 676426374692414514400

{"error":"not_found","request_id":"","routine":"MIOROUTE"}HTTP/1.1 404 Not Found
Connection: keep-alive
Content-Length: 58
Content-Type: application/json
X-Request-Id: 676426374692428214400

{"error":"not_found","request_id":"","routine":"MIOROUTE"}HTTP/1.1 404 Not Found
Connection: keep-alive
Content-Length: 58
Content-Type: application/json
X-Request-Id: 676426374692445614400

{"error":"not_found","request_id":"","routine":"MIOROUTE"}HTTP/1.1 404 Not Found
Connection: keep-alive
Content-Length: 58
Content-Type: application/json
X-Request-Id: 676426374692457314400

{"error":"not_found","request_id":"","routine":"MIOROUTE"}HTTP/1.1 404 Not Found
Connection: keep-alive
Content-Length: 58
Content-Type: application/json
X-Request-Id: 676426374692468414400

{"error":"not_found","request_id":"","routine":"MIOROUTE"}HTTP/1.1 404 Not Found
Connection: keep-alive
Content-Length: 58
Content-Type: application/json
X-Request-Id: 676426374692475314400

{"error":"not_found","request_id":"","routine":"MIOROUTE"}HTTP/1.1 404 Not Found
Connection: keep-alive
Content-Length: 58
Content-Type: application/json
X-Request-Id: 676426374692484614400

{"error":"not_found","request_id":"","routine":"MIOROUTE"}HTTP/1.1 404 Not Found
Connection: keep-alive
Content-Length: 58
Content-Type: application/json
X-Request-Id: 676426374692494714400

{"error":"not_found","request_id":"","routine":"MIOROUTE"}HTTP/1.1 404 Not Found
Connection: keep-alive
Content-Length: 58
Content-Type: application/json
X-Request-Id: 676426374692505714400

{"error":"not_found","request_id":"","routine":"MIOROUTE"}HTTP/1.1 404 Not Found
Connection: keep-alive
Content-Length: 58
Content-Type: application/json
X-Request-Id: 676426374692518714400

{"error":"not_found","request_id":"","routine":"MIOROUTE"}HTTP/1.1 404 Not Found
Connection: keep-alive
Content-Length: 58
Content-Type: application/json
X-Request-Id: 676426374692529814400

{"error":"not_found","request_id":"","routine":"MIOROUTE"}HTTP/1.1 404 Not Found
Connection: keep-alive
Content-Length: 58
Content-Type: application/json
X-Request-Id: 676426374692552414400

{"error":"not_found","request_id":"","routine":"MIOROUTE"}HTTP/1.1 404 Not Found
Connection: keep-alive
Content-Length: 58
Content-Type: application/json
X-Request-Id: 676426374692562914400

{"error":"not_found","request_id":"","routine":"MIOROUTE"}HTTP/1.1 404 Not Found
Connection: keep-alive
Content-Length: 58
Content-Type: application/json
X-Request-Id: 676426374692574214400

{"error":"not_found","request_id":"","routine":"MIOROUTE"}HTTP/1.1 404 Not Found
Connection: keep-alive
Content-Length: 58
Content-Type: application/json
X-Request-Id: 676426374692585014400

{"error":"not_found","request_id":"","routine":"MIOROUTE"}HTTP/1.1 404 Not Found
Connection: keep-alive
Content-Length: 58
Content-Type: application/json
X-Request-Id: 676426374692594314400

{"error":"not_found","request_id":"","routine":"MIOROUTE"}HTTP/1.1 404 Not Found
Connection: keep-alive
Content-Length: 58
Content-Type: application/json
X-Request-Id: 676426374692605214400

{"error":"not_found","request_id":"","routine":"MIOROUTE"}HTTP/1.1 404 Not Found
Connection: keep-alive
Content-Length: 58
Content-Type: application/json
X-Request-Id: 676426374692615614400

{"error":"not_found","request_id":"","routine":"MIOROUTE"}HTTP/1.1 404 Not Found
Connection: keep-alive
Content-Length: 58
Content-Type: application/json
X-Request-Id: 676426374692628314400

{"error":"not_found","request_id":"","routine":"MIOROUTE"}HTTP/1.1 404 Not Found
Connection: keep-alive
Content-Length: 58
Content-Type: application/json
X-Request-Id: 676426374692639214400

{"error":"not_found","request_id":"","routine":"MIOROUTE"}HTTP/1.1 404 Not Found
Connection: keep-alive
Content-Length: 58
Content-Type: application/json
X-Request-Id: 676426374692650414400

{"error":"not_found","request_id":"","routine":"MIOROUTE"}HTTP/1.1 404 Not Found
Connection: keep-alive
Content-Length: 58
Content-Type: application/json
X-Request-Id: 676426374692661714400

{"error":"not_found","request_id":"","routine":"MIOROUTE"}HTTP/1.1 404 Not Found
Connection: keep-alive
Content-Length: 58
Content-Type: application/json
X-Request-Id: 676426374692672814400

{"error":"not_found","request_id":"","routine":"MIOROUTE"}HTTP/1.1 404 Not Found
Connection: keep-alive
Content-Length: 58
Content-Type: application/json
X-Request-Id: 676426374692683914400

{"error":"not_found","request_id":"","routine":"MIOROUTE"}HTTP/1.1 404 Not Found
Connection: keep-alive
Content-Length: 58
Content-Type: application/json
X-Request-Id: 676426374692694914400

{"error":"not_found","request_id":"","routine":"MIOROUTE"}HTTP/1.1 404 Not Found
Connection: keep-alive
Content-Length: 58
Content-Type: application/json
X-Request-Id: 676426374692706114400

{"error":"not_found","request_id":"","routine":"MIOROUTE"}HTTP/1.1 404 Not Found
Connection: keep-alive
Content-Length: 58
Content-Type: application/json
X-Request-Id: 676426374692718614400

{"error":"not_found","request_id":"","routine":"MIOROUTE"}HTTP/1.1 404 Not Found
Connection: keep-alive
Content-Length: 58
Content-Type: application/json
X-Request-Id: 676426374692729514400

{"error":"not_found","request_id":"","routine":"MIOROUTE"}HTTP/1.1 404 Not Found
Connection: keep-alive
Content-Length: 58
Content-Type: application/json
X-Request-Id: 676426374692740614400

{"error":"not_found","request_id":"","routine":"MIOROUTE"}HTTP/1.1 404 Not Found
Connection: keep-alive
Content-Length: 58
Content-Type: application/json
X-Request-Id: 676426374692752514400

{"error":"not_found","request_id":"","routine":"MIOROUTE"}HTTP/1.1 404 Not Found
Connection: keep-alive
Content-Length: 58
Content-Type: application/json
X-Request-Id: 676426374692764714400

{"error":"not_found","request_id":"","routine":"MIOROUTE"}HTTP/1.1 404 Not Found
Connection: keep-alive
Content-Length: 58
Content-Type: application/json
X-Request-Id: 676426374692775614400

{"error":"not_found","request_id":"","routine":"MIOROUTE"}HTTP/1.1 404 Not Found
Connection: keep-alive
Content-Length: 58
Content-Type: application/json
X-Request-Id: 676426374692786614400

{"error":"not_found","request_id":"","routine":"MIOROUTE"}HTTP/1.1 404 Not Found
Connection: keep-alive
Content-Length: 58
Content-Type: application/json
X-Request-Id: 676426374692803414400

{"error":"not_found","request_id":"","routine":"MIOROUTE"}HTTP/1.1 404 Not Found
Connection: keep-alive
Content-Length: 58
Content-Type: application/json
X-Request-Id: 676426374692813514400

{"error":"not_found","request_id":"","routine":"MIOROUTE"}HTTP/1.1 404 Not Found
Connection: keep-alive
Content-Length: 58
Content-Type: application/json
X-Request-Id: 676426374692824714400

{"error":"not_found","request_id":"","routine":"MIOROUTE"}HTTP/1.1 404 Not Found
Connection: keep-alive
Content-Length: 58
Content-Type: application/json
X-Request-Id: 676426374692835414400

{"error":"not_found","request_id":"","routine":"MIOROUTE"}HTTP/1.1 404 Not Found
Connection: keep-alive
Content-Length: 58
Content-Type: application/json
X-Request-Id: 676426374692845614400

{"error":"not_found","request_id":"","routine":"MIOROUTE"}HTTP/1.1 404 Not Found
Connection: keep-alive
Content-Length: 58
Content-Type: application/json
X-Request-Id: 676426374692856514400

{"error":"not_found","request_id":"","routine":"MIOROUTE"}HTTP/1.1 404 Not Found
Connection: keep-alive
Content-Length: 58
Content-Type: application/json
X-Request-Id: 676426374692867514400

{"error":"not_found","request_id":"","routine":"MIOROUTE"}HTTP/1.1 404 Not Found
Connection: keep-alive
Content-Length: 58
Content-Type: application/json
X-Request-Id: 676426374692878814400

{"error":"not_found","request_id":"","routine":"MIOROUTE"}HTTP/1.1 404 Not Found
Connection: keep-alive
Content-Length: 58
Content-Type: application/json
X-Request-Id: 676426374692893514400

{"error":"not_found","request_id":"","routine":"MIOROUTE"}HTTP/1.1 404 Not Found
Connection: keep-alive
Content-Length: 58
Content-Type: application/json
X-Request-Id: 676426374692904414400

{"error":"not_found","request_id":"","routine":"MIOROUTE"}HTTP/1.1 404 Not Found
Connection: keep-alive
Content-Length: 58
Content-Type: application/json
X-Request-Id: 676426374692923214400

{"error":"not_found","request_id":"","routine":"MIOROUTE"}HTTP/1.1 404 Not Found
Connection: keep-alive
Content-Length: 58
Content-Type: application/json
X-Request-Id: 676426374692933914400

{"error":"not_found","request_id":"","routine":"MIOROUTE"}HTTP/1.1 404 Not Found
Connection: keep-alive
Content-Length: 58
Content-Type: application/json
X-Request-Id: 676426374692944614400

{"error":"not_found","request_id":"","routine":"MIOROUTE"}HTTP/1.1 404 Not Found
Connection: keep-alive
Content-Length: 58
Content-Type: application/json
X-Request-Id: 676426374692955014400

{"error":"not_found","request_id":"","routine":"MIOROUTE"}HTTP/1.1 404 Not Found
Connection: keep-alive
Content-Length: 58
Content-Type: application/json
X-Request-Id: 676426374692965814400

{"error":"not_found","request_id":"","routine":"MIOROUTE"}HTTP/1.1 404 Not Found
Connection: keep-alive
Content-Length: 58
Content-Type: application/json
X-Request-Id: 676426374692976914400

{"error":"not_found","request_id":"","routine":"MIOROUTE"}HTTP/1.1 404 Not Found
Connection: keep-alive
Content-Length: 58
Content-Type: application/json
X-Request-Id: 676426374692989214400

{"error":"not_found","request_id":"","routine":"MIOROUTE"}HTTP/1.1 404 Not Found
Connection: keep-alive
Content-Length: 58
Content-Type: application/json
X-Request-Id: 676426374693000114400

{"error":"not_found","request_id":"","routine":"MIOROUTE"}HTTP/1.1 404 Not Found
Connection: keep-alive
Content-Length: 58
Content-Type: application/json
X-Request-Id: 676426374693011314400

{"error":"not_found","request_id":"","routine":"MIOROUTE"}HTTP/1.1 404 Not Found
Connection: keep-alive
Content-Length: 58
Content-Type: application/json
X-Request-Id: 676426374693019514400

{"error":"not_found","request_id":"","routine":"MIOROUTE"}HTTP/1.1 404 Not Found
Connection: keep-alive
Content-Length: 58
Content-Type: application/json
X-Request-Id: 676426374693027514400

{"error":"not_found","request_id":"","routine":"MIOROUTE"}HTTP/1.1 404 Not Found
Connection: keep-alive
Content-Length: 58
Content-Type: application/json
X-Request-Id: 676426374693038414400

{"error":"not_found","request_id":"","routine":"MIOROUTE"}HTTP/1.1 404 Not Found
Connection: keep-alive
Content-Length: 58
Content-Type: application/json
X-Request-Id: 676426374693049614400

{"error":"not_found","request_id":"","routine":"MIOROUTE"}HTTP/1.1 404 Not Found
Connection: keep-alive
Content-Length: 58
Content-Type: application/json
X-Request-Id: 676426374693060914400

{"error":"not_found","request_id":"","routine":"MIOROUTE"}HTTP/1.1 404 Not Found
Connection: keep-alive
Content-Length: 58
Content-Type: application/json
X-Request-Id: 676426374693073214400

{"error":"not_found","request_id":"","routine":"MIOROUTE"}HTTP/1.1 404 Not Found
Connection: keep-alive
Content-Length: 58
Content-Type: application/json
X-Request-Id: 676426374693084314400

{"error":"not_found","request_id":"","routine":"MIOROUTE"}HTTP/1.1 404 Not Found
Connection: keep-alive
Content-Length: 58
Content-Type: application/json
X-Request-Id: 676426374693095114400

{"error":"not_found","request_id":"","routine":"MIOROUTE"}HTTP/1.1 404 Not Found
Connection: keep-alive
Content-Length: 58
Content-Type: application/json
X-Request-Id: 676426374693106114400

{"error":"not_found","request_id":"","routine":"MIOROUTE"}HTTP/1.1 404 Not Found
Connection: keep-alive
Content-Length: 58
Content-Type: application/json
X-Request-Id: 676426374693116914400

{"error":"not_found","request_id":"","routine":"MIOROUTE"}HTTP/1.1 404 Not Found
Connection: keep-alive
Content-Length: 58
Content-Type: application/json
X-Request-Id: 676426374693127814400

{"error":"not_found","request_id":"","routine":"MIOROUTE"}HTTP/1.1 404 Not Found
Connection: keep-alive
Content-Length: 58
Content-Type: application/json
X-Request-Id: 676426374693138714400

{"error":"not_found","request_id":"","routine":"MIOROUTE"}HTTP/1.1 404 Not Found
Connection: keep-alive
Content-Length: 58
Content-Type: application/json
X-Request-Id: 676426374693149614400

{"error":"not_found","request_id":"","routine":"MIOROUTE"}HTTP/1.1 404 Not Found
Connection: keep-alive
Content-Length: 58
Content-Type: application/json
X-Request-Id: 676426374693163514400

{"error":"not_found","request_id":"","routine":"MIOROUTE"}HTTP/1.1 404 Not Found
Connection: keep-alive
Content-Length: 58
Content-Type: application/json
X-Request-Id: 676426374693174314400

{"error":"not_found","request_id":"","routine":"MIOROUTE"}HTTP/1.1 404 Not Found
Connection: keep-alive
Content-Length: 58
Content-Type: application/json
X-Request-Id: 676426374693183414400

{"error":"not_found","request_id":"","routine":"MIOROUTE"}HTTP/1.1 404 Not Found
Connection: keep-alive
Content-Length: 58
Content-Type: application/json
X-Request-Id: 676426374693199014400

{"error":"not_found","request_id":"","routine":"MIOROUTE"}HTTP/1.1 404 Not Found
Connection: keep-alive
Content-Length: 58
Content-Type: application/json
X-Request-Id: 676426374693210314400

{"error":"not_found","request_id":"","routine":"MIOROUTE"}HTTP/1.1 404 Not Found
Connection: keep-alive
Content-Length: 58
Content-Type: application/json
X-Request-Id: 676426374693221614400

{"error":"not_found","request_id":"","routine":"MIOROUTE"}HTTP/1.1 404 Not Found
Connection: keep-alive
Content-Length: 58
Content-Type: application/json
X-Request-Id: 676426374693232514400

{"error":"not_found","request_id":"","routine":"MIOROUTE"}HTTP/1.1 404 Not Found
Connection: keep-alive
Content-Length: 58
Content-Type: application/json
X-Request-Id: 676426374693244714400

{"error":"not_found","request_id":"","routine":"MIOROUTE"}HTTP/1.1 404 Not Found
Connection: keep-alive
Content-Length: 58
Content-Type: application/json
X-Request-Id: 676426374693256614400

{"error":"not_found","request_id":"","routine":"MIOROUTE"}HTTP/1.1 404 Not Found
Connection: keep-alive
Content-Length: 58
Content-Type: application/json
X-Request-Id: 676426374693267214400

{"error":"not_found","request_id":"","routine":"MIOROUTE"}HTTP/1.1 404 Not Found
Connection: keep-alive
Content-Length: 58
Content-Type: application/json
X-Request-Id: 676426374693285214400

{"error":"not_found","request_id":"","routine":"MIOROUTE"}HTTP/1.1 404 Not Found
Connection: keep-alive
Content-Length: 58
Content-Type: application/json
X-Request-Id: 676426374693296114400

{"error":"not_found","request_id":"","routine":"MIOROUTE"}HTTP/1.1 404 Not Found
Connection: keep-alive
Content-Length: 58
Content-Type: application/json
X-Request-Id: 676426374693307414400

{"error":"not_found","request_id":"","routine":"MIOROUTE"}HTTP/1.1 404 Not Found
Connection: keep-alive
Content-Length: 58
Content-Type: application/json
X-Request-Id: 676426374693318114400

{"error":"not_found","request_id":"","routine":"MIOROUTE"}HTTP/1.1 404 Not Found
Connection: keep-alive
Content-Length: 58
Content-Type: application/json
X-Request-Id: 676426374693326414400

{"error":"not_found","request_id":"","routine":"MIOROUTE"}HTTP/1.1 404 Not Found
Connection: keep-alive
Content-Length: 58
Content-Type: application/json
X-Request-Id: 676426374693339814400

{"error":"not_found","request_id":"","routine":"MIOROUTE"}HTTP/1.1 404 Not Found
Connection: keep-alive
Content-Length: 58
Content-Type: application/json
X-Request-Id: 676426374693352214400

{"error":"not_found","request_id":"","routine":"MIOROUTE"}HTTP/1.1 404 Not Found
Connection: keep-alive
Content-Length: 58
Content-Type: application/json
X-Request-Id: 676426374693362614400

{"error":"not_found","request_id":"","routine":"MIOROUTE"}HTTP/1.1 404 Not Found
Connection: keep-alive
Content-Length: 58
Content-Type: application/json
X-Request-Id: 676426374693373514400

{"error":"not_found","request_id":"","routine":"MIOROUTE"}HTTP/1.1 404 Not Found
Connection: keep-alive
Content-Length: 58
Content-Type: application/json
X-Request-Id: 676426374693384714400

{"error":"not_found","request_id":"","routine":"MIOROUTE"}HTTP/1.1 404 Not Found
Connection: keep-alive
Content-Length: 58
Content-Type: application/json
X-Request-Id: 676426374693395814400

{"error":"not_found","request_id":"","routine":"MIOROUTE"}HTTP/1.1 404 Not Found
Connection: keep-alive
Content-Length: 58
Content-Type: application/json
X-Request-Id: 676426374693406514400

{"error":"not_found","request_id":"","routine":"MIOROUTE"}HTTP/1.1 404 Not Found
Connection: keep-alive
Content-Length: 58
Content-Type: application/json
X-Request-Id: 676426374693418814400

{"error":"not_found","request_id":"","routine":"MIOROUTE"}HTTP/1.1 404 Not Found
Connection: keep-alive
Content-Length: 58
Content-Type: application/json
X-Request-Id: 676426374693428914400

{"error":"not_found","request_id":"","routine":"MIOROUTE"}HTTP/1.1 404 Not Found
Connection: keep-alive
Content-Length: 58
Content-Type: application/json
X-Request-Id: 676426374693443314400

{"error":"not_found","request_id":"","routine":"MIOROUTE"}HTTP/1.1 404 Not Found
Connection: keep-alive
Content-Length: 58
Content-Type: application/json
X-Request-Id: 676426374693456214400

{"error":"not_found","request_id":"","routine":"MIOROUTE"}HTTP/1.1 404 Not Found
Connection: keep-alive
Content-Length: 58
Content-Type: application/json
X-Request-Id: 676426374693471614400

{"error":"not_found","request_id":"","routine":"MIOROUTE"}HTTP/1.1 404 Not Found
Connection: keep-alive
Content-Length: 58
Content-Type: application/json
X-Request-Id: 676426374693482014400

{"error":"not_found","request_id":"","routine":"MIOROUTE"}HTTP/1.1 404 Not Found
Connection: keep-alive
Content-Length: 58
Content-Type: application/json
X-Request-Id: 676426374693495214400

{"error":"not_found","request_id":"","routine":"MIOROUTE"}HTTP/1.1 404 Not Found
Connection: keep-alive
Content-Length: 58
Content-Type: application/json
X-Request-Id: 676426374693506114400

{"error":"not_found","request_id":"","routine":"MIOROUTE"}HTTP/1.1 404 Not Found
Connection: keep-alive
Content-Length: 58
Content-Type: application/json
X-Request-Id: 676426374693517414400

{"error":"not_found","request_id":"","routine":"MIOROUTE"}HTTP/1.1 404 Not Found
Connection: keep-alive
Content-Length: 58
Content-Type: application/json
X-Request-Id: 676426374693527914400

{"error":"not_found","request_id":"","routine":"MIOROUTE"}HTTP/1.1 404 Not Found
Connection: keep-alive
Content-Length: 58
Content-Type: application/json
X-Request-Id: 676426374693538914400

{"error":"not_found","request_id":"","routine":"MIOROUTE"}HTTP/1.1 404 Not Found
Connection: keep-alive
Content-Length: 58
Content-Type: application/json
X-Request-Id: 676426374693548914400

{"error":"not_found","request_id":"","routine":"MIOROUTE"}HTTP/1.1 404 Not Found
Connection: keep-alive
Content-Length: 58
Content-Type: application/json
X-Request-Id: 676426374693559414400

{"error":"not_found","request_id":"","routine":"MIOROUTE"}HTTP/1.1 404 Not Found
Connection: keep-alive
Content-Length: 58
Content-Type: application/json
X-Request-Id: 676426374693570014400

{"error":"not_found","request_id":"","routine":"MIOROUTE"}HTTP/1.1 404 Not Found
Connection: keep-alive
Content-Length: 58
Content-Type: application/json
X-Request-Id: 676426374693580914400

{"error":"not_found","request_id":"","routine":"MIOROUTE"}HTTP/1.1 404 Not Found
Connection: keep-alive
Content-Length: 58
Content-Type: application/json
X-Request-Id: 676426374693594914400

{"error":"not_found","request_id":"","routine":"MIOROUTE"}HTTP/1.1 404 Not Found
Connection: keep-alive
Content-Length: 58
Content-Type: application/json
X-Request-Id: 676426374693606614400

{"error":"not_found","request_id":"","routine":"MIOROUTE"}HTTP/1.1 404 Not Found
Connection: keep-alive
Content-Length: 58
Content-Type: application/json
X-Request-Id: 676426374693618314400

{"error":"not_found","request_id":"","routine":"MIOROUTE"}HTTP/1.1 404 Not Found
Connection: keep-alive
Content-Length: 58
Content-Type: application/json
X-Request-Id: 676426374693629014400

{"error":"not_found","request_id":"","routine":"MIOROUTE"}HTTP/1.1 404 Not Found
Connection: keep-alive
Content-Length: 58
Content-Type: application/json
X-Request-Id: 676426374693640014400

{"error":"not_found","request_id":"","routine":"MIOROUTE"}HTTP/1.1 404 Not Found
Connection: keep-alive
Content-Length: 58
Content-Type: application/json
X-Request-Id: 676426374693649914400

{"error":"not_found","request_id":"","routine":"MIOROUTE"}HTTP/1.1 404 Not Found
Connection: keep-alive
Content-Length: 58
Content-Type: application/json
X-Request-Id: 676426374693668114400

{"error":"not_found","request_id":"","routine":"MIOROUTE"}HTTP/1.1 404 Not Found
Connection: keep-alive
Content-Length: 58
Content-Type: application/json
X-Request-Id: 676426374693678414400

{"error":"not_found","request_id":"","routine":"MIOROUTE"}HTTP/1.1 404 Not Found
Connection: keep-alive
Content-Length: 58
Content-Type: application/json
X-Request-Id: 676426374693687914400

{"error":"not_found","request_id":"","routine":"MIOROUTE"}HTTP/1.1 404 Not Found
Connection: keep-alive
Content-Length: 58
Content-Type: application/json
X-Request-Id: 676426374693699414400

{"error":"not_found","request_id":"","routine":"MIOROUTE"}HTTP/1.1 404 Not Found
Connection: keep-alive
Content-Length: 58
Content-Type: application/json
X-Request-Id: 676426374693712614400

{"error":"not_found","request_id":"","routine":"MIOROUTE"}HTTP/1.1 404 Not Found
Connection: keep-alive
Content-Length: 58
Content-Type: application/json
X-Request-Id: 676426374693723914400

{"error":"not_found","request_id":"","routine":"MIOROUTE"}HTTP/1.1 404 Not Found
Connection: keep-alive
Content-Length: 58
Content-Type: application/json
X-Request-Id: 676426374693735514400

{"error":"not_found","request_id":"","routine":"MIOROUTE"}HTTP/1.1 404 Not Found
Connection: keep-alive
Content-Length: 58
Content-Type: application/json
X-Request-Id: 676426374693746014400

{"error":"not_found","request_id":"","routine":"MIOROUTE"}HTTP/1.1 404 Not Found
Connection: keep-alive
Content-Length: 58
Content-Type: application/json
X-Request-Id: 676426374693756814400

{"error":"not_found","request_id":"","routine":"MIOROUTE"}HTTP/1.1 404 Not Found
Connection: keep-alive
Content-Length: 58
Content-Type: application/json
X-Request-Id: 676426374693766514400

{"error":"not_found","request_id":"","routine":"MIOROUTE"}HTTP/1.1 404 Not Found
Connection: keep-alive
Content-Length: 58
Content-Type: application/json
X-Request-Id: 676426374693777214400

{"error":"not_found","request_id":"","routine":"MIOROUTE"}HTTP/1.1 404 Not Found
Connection: keep-alive
Content-Length: 58
Content-Type: application/json
X-Request-Id: 676426374693786914400

{"error":"not_found","request_id":"","routine":"MIOROUTE"}HTTP/1.1 404 Not Found
Connection: keep-alive
Content-Length: 58
Content-Type: application/json
X-Request-Id: 676426374693798614400

{"error":"not_found","request_id":"","routine":"MIOROUTE"}HTTP/1.1 404 Not Found
Connection: keep-alive
Content-Length: 58
Content-Type: application/json
X-Request-Id: 676426374693809014400

{"error":"not_found","request_id":"","routine":"MIOROUTE"}HTTP/1.1 404 Not Found
Connection: keep-alive
Content-Length: 58
Content-Type: application/json
X-Request-Id: 676426374693818414400

{"error":"not_found","request_id":"","routine":"MIOROUTE"}HTTP/1.1 404 Not Found
Connection: keep-alive
Content-Length: 58
Content-Type: application/json
X-Request-Id: 676426374693828914400

{"error":"not_found","request_id":"","routine":"MIOROUTE"}HTTP/1.1 404 Not Found
Connection: keep-alive
Content-Length: 58
Content-Type: application/json
X-Request-Id: 676426374693840914400

{"error":"not_found","request_id":"","routine":"MIOROUTE"}HTTP/1.1 404 Not Found
Connection: keep-alive
Content-Length: 58
Content-Type: application/json
X-Request-Id: 676426374693850814400

{"error":"not_found","request_id":"","routine":"MIOROUTE"}HTTP/1.1 404 Not Found
Connection: keep-alive
Content-Length: 58
Content-Type: application/json
X-Request-Id: 676426374693861814400

{"error":"not_found","request_id":"","routine":"MIOROUTE"}HTTP/1.1 404 Not Found
Connection: keep-alive
Content-Length: 58
Content-Type: application/json
X-Request-Id: 676426374693872314400

{"error":"not_found","request_id":"","routine":"MIOROUTE"}HTTP/1.1 404 Not Found
Connection: keep-alive
Content-Length: 58
Content-Type: application/json
X-Request-Id: 676426374693885414400

{"error":"not_found","request_id":"","routine":"MIOROUTE"}HTTP/1.1 404 Not Found
Connection: keep-alive
Content-Length: 58
Content-Type: application/json
X-Request-Id: 676426374693895014400

{"error":"not_found","request_id":"","routine":"MIOROUTE"}HTTP/1.1 404 Not Found
Connection: keep-alive
Content-Length: 58
Content-Type: application/json
X-Request-Id: 676426374693905714400

{"error":"not_found","request_id":"","routine":"MIOROUTE"}HTTP/1.1 404 Not Found
Connection: keep-alive
Content-Length: 58
Content-Type: application/json
X-Request-Id: 676426374693915614400

{"error":"not_found","request_id":"","routine":"MIOROUTE"}HTTP/1.1 404 Not Found
Connection: keep-alive
Content-Length: 58
Content-Type: application/json
X-Request-Id: 676426374693926614400

{"error":"not_found","request_id":"","routine":"MIOROUTE"}HTTP/1.1 404 Not Found
Connection: keep-alive
Content-Length: 58
Content-Type: application/json
X-Request-Id: 676426374693937114400

{"error":"not_found","request_id":"","routine":"MIOROUTE"}HTTP/1.1 404 Not Found
Connection: keep-alive
Content-Length: 58
Content-Type: application/json
X-Request-Id: 676426374693949114400

{"error":"not_found","request_id":"","routine":"MIOROUTE"}HTTP/1.1 404 Not Found
Connection: keep-alive
Content-Length: 58
Content-Type: application/json
X-Request-Id: 676426374693960214400

{"error":"not_found","request_id":"","routine":"MIOROUTE"}HTTP/1.1 404 Not Found
Connection: keep-alive
Content-Length: 58
Content-Type: application/json
X-Request-Id: 676426374693972114400

{"error":"not_found","request_id":"","routine":"MIOROUTE"}HTTP/1.1 404 Not Found
Connection: keep-alive
Content-Length: 58
Content-Type: application/json
X-Request-Id: 676426374693983414400

{"error":"not_found","request_id":"","routine":"MIOROUTE"}HTTP/1.1 404 Not Found
Connection: keep-alive
Content-Length: 58
Content-Type: application/json
X-Request-Id: 676426374693997514400

{"error":"not_found","request_id":"","routine":"MIOROUTE"}HTTP/1.1 404 Not Found
Connection: keep-alive
Content-Length: 58
Content-Type: application/json
X-Request-Id: 676426374694008514400

{"error":"not_found","request_id":"","routine":"MIOROUTE"}HTTP/1.1 404 Not Found
Connection: keep-alive
Content-Length: 58
Content-Type: application/json
X-Request-Id: 676426374694025914400

{"error":"not_found","request_id":"","routine":"MIOROUTE"}HTTP/1.1 404 Not Found
Connection: keep-alive
Content-Length: 58
Content-Type: application/json
X-Request-Id: 676426374694041614400

{"error":"not_found","request_id":"","routine":"MIOROUTE"}HTTP/1.1 404 Not Found
Connection: keep-alive
Content-Length: 58
Content-Type: application/json
X-Request-Id: 676426374694055614400

{"error":"not_found","request_id":"","routine":"MIOROUTE"}HTTP/1.1 404 Not Found
Connection: keep-alive
Content-Length: 58
Content-Type: application/json
X-Request-Id: 676426374694067614400

{"error":"not_found","request_id":"","routine":"MIOROUTE"}HTTP/1.1 404 Not Found
Connection: keep-alive
Content-Length: 58
Content-Type: application/json
X-Request-Id: 676426374694074814400

{"error":"not_found","request_id":"","routine":"MIOROUTE"}HTTP/1.1 404 Not Found
Connection: keep-alive
Content-Length: 58
Content-Type: application/json
X-Request-Id: 676426374694085414400

{"error":"not_found","request_id":"","routine":"MIOROUTE"}HTTP/1.1 404 Not Found
Connection: keep-alive
Content-Length: 58
Content-Type: application/json
X-Request-Id: 676426374694096214400

{"error":"not_found","request_id":"","routine":"MIOROUTE"}HTTP/1.1 404 Not Found
Connection: keep-alive
Content-Length: 58
Content-Type: application/json
X-Request-Id: 676426374694106114400

{"error":"not_found","request_id":"","routine":"MIOROUTE"}HTTP/1.1 404 Not Found
Connection: keep-alive
Content-Length: 58
Content-Type: application/json
X-Request-Id: 676426374694117014400

{"error":"not_found","request_id":"","routine":"MIOROUTE"}HTTP/1.1 404 Not Found
Connection: keep-alive
Content-Length: 58
Content-Type: application/json
X-Request-Id: 676426374694132714400

{"error":"not_found","request_id":"","routine":"MIOROUTE"}HTTP/1.1 404 Not Found
Connection: keep-alive
Content-Length: 58
Content-Type: application/json
X-Request-Id: 676426374694145114400

{"error":"not_found","request_id":"","routine":"MIOROUTE"}HTTP/1.1 404 Not Found
Connection: keep-alive
Content-Length: 58
Content-Type: application/json
X-Request-Id: 676426374694158314400

{"error":"not_found","request_id":"","routine":"MIOROUTE"}HTTP/1.1 404 Not Found
Connection: keep-alive
Content-Length: 58
Content-Type: application/json
X-Request-Id: 676426374694169014400

{"error":"not_found","request_id":"","routine":"MIOROUTE"}HTTP/1.1 404 Not Found
Connection: keep-alive
Content-Length: 58
Content-Type: application/json
X-Request-Id: 676426374694179214400

{"error":"not_found","request_id":"","routine":"MIOROUTE"}HTTP/1.1 404 Not Found
Connection: keep-alive
Content-Length: 58
Content-Type: application/json
X-Request-Id: 676426374694189414400

{"error":"not_found","request_id":"","routine":"MIOROUTE"}HTTP/1.1 404 Not Found
Connection: keep-alive
Content-Length: 58
Content-Type: application/json
X-Request-Id: 676426374694199914400

{"error":"not_found","request_id":"","routine":"MIOROUTE"}HTTP/1.1 404 Not Found
Connection: keep-alive
Content-Length: 58
Content-Type: application/json
X-Request-Id: 676426374694210714400

{"error":"not_found","request_id":"","routine":"MIOROUTE"}HTTP/1.1 404 Not Found
Connection: keep-alive
Content-Length: 58
Content-Type: application/json
X-Request-Id: 676426374694221614400

{"error":"not_found","request_id":"","routine":"MIOROUTE"}HTTP/1.1 404 Not Found
Connection: keep-alive
Content-Length: 58
Content-Type: application/json
X-Request-Id: 676426374694232214400

{"error":"not_found","request_id":"","routine":"MIOROUTE"}HTTP/1.1 404 Not Found
Connection: keep-alive
Content-Length: 58
Content-Type: application/json
X-Request-Id: 676426374694245314400

{"error":"not_found","request_id":"","routine":"MIOROUTE"}HTTP/1.1 404 Not Found
Connection: keep-alive
Content-Length: 58
Content-Type: application/json
X-Request-Id: 676426374694255214400

{"error":"not_found","request_id":"","routine":"MIOROUTE"}HTTP/1.1 404 Not Found
Connection: keep-alive
Content-Length: 58
Content-Type: application/json
X-Request-Id: 676426374694266414400

{"error":"not_found","request_id":"","routine":"MIOROUTE"}HTTP/1.1 404 Not Found
Connection: keep-alive
Content-Length: 58
Content-Type: application/json
X-Request-Id: 676426374694276814400

{"error":"not_found","request_id":"","routine":"MIOROUTE"}HTTP/1.1 404 Not Found
Connection: keep-alive
Content-Length: 58
Content-Type: application/json
X-Request-Id: 676426374694287514400

{"error":"not_found","request_id":"","routine":"MIOROUTE"}HTTP/1.1 404 Not Found
Connection: keep-alive
Content-Length: 58
Content-Type: application/json
X-Request-Id: 676426374694297514400

{"error":"not_found","request_id":"","routine":"MIOROUTE"}HTTP/1.1 404 Not Found
Connection: keep-alive
Content-Length: 58
Content-Type: application/json
X-Request-Id: 676426374694311814400

{"error":"not_found","request_id":"","routine":"MIOROUTE"}HTTP/1.1 404 Not Found
Connection: keep-alive
Content-Length: 58
Content-Type: application/json
X-Request-Id: 676426374694321614400

{"error":"not_found","request_id":"","routine":"MIOROUTE"}HTTP/1.1 404 Not Found
Connection: keep-alive
Content-Length: 58
Content-Type: application/json
X-Request-Id: 676426374694334114400

{"error":"not_found","request_id":"","routine":"MIOROUTE"}HTTP/1.1 404 Not Found
Connection: keep-alive
Content-Length: 58
Content-Type: application/json
X-Request-Id: 676426374694346714400

{"error":"not_found","request_id":"","routine":"MIOROUTE"}HTTP/1.1 404 Not Found
Connection: keep-alive
Content-Length: 58
Content-Type: application/json
X-Request-Id: 676426374694362714400

{"error":"not_found","request_id":"","routine":"MIOROUTE"}HTTP/1.1 404 Not Found
Connection: keep-alive
Content-Length: 58
Content-Type: application/json
X-Request-Id: 676426374694376214400

{"error":"not_found","request_id":"","routine":"MIOROUTE"}HTTP/1.1 404 Not Found
Connection: keep-alive
Content-Length: 58
Content-Type: application/json
X-Request-Id: 676426374694392614400

{"error":"not_found","request_id":"","routine":"MIOROUTE"}HTTP/1.1 404 Not Found
Connection: keep-alive
Content-Length: 58
Content-Type: application/json
X-Request-Id: 676426374694406114400

{"error":"not_found","request_id":"","routine":"MIOROUTE"}HTTP/1.1 404 Not Found
Connection: keep-alive
Content-Length: 58
Content-Type: application/json
X-Request-Id: 676426374694435914400

{"error":"not_found","request_id":"","routine":"MIOROUTE"}HTTP/1.1 404 Not Found
Connection: keep-alive
Content-Length: 58
Content-Type: application/json
X-Request-Id: 676426374694452214400

{"error":"not_found","request_id":"","routine":"MIOROUTE"}HTTP/1.1 404 Not Found
Connection: keep-alive
Content-Length: 58
Content-Type: application/json
X-Request-Id: 676426374694468114400

{"error":"not_found","request_id":"","routine":"MIOROUTE"}HTTP/1.1 404 Not Found
Connection: keep-alive
Content-Length: 58
Content-Type: application/json
X-Request-Id: 676426374694486314400

{"error":"not_found","request_id":"","routine":"MIOROUTE"}HTTP/1.1 404 Not Found
Connection: keep-alive
Content-Length: 58
Content-Type: application/json
X-Request-Id: 676426374694502914400

{"error":"not_found","request_id":"","routine":"MIOROUTE"}HTTP/1.1 404 Not Found
Connection: keep-alive
Content-Length: 58
Content-Type: application/json
X-Request-Id: 676426374694521614400

{"error":"not_found","request_id":"","routine":"MIOROUTE"}HTTP/1.1 404 Not Found
Connection: keep-alive
Content-Length: 58
Content-Type: application/json
X-Request-Id: 676426374694535214400

{"error":"not_found","request_id":"","routine":"MIOROUTE"}HTTP/1.1 404 Not Found
Connection: keep-alive
Content-Length: 58
Content-Type: application/json
X-Request-Id: 676426374694551314400

{"error":"not_found","request_id":"","routine":"MIOROUTE"}HTTP/1.1 404 Not Found
Connection: keep-alive
Content-Length: 58
Content-Type: application/json
X-Request-Id: 676426374694567014400

{"error":"not_found","request_id":"","routine":"MIOROUTE"}HTTP/1.1 404 Not Found
Connection: keep-alive
Content-Length: 58
Content-Type: application/json
X-Request-Id: 676426374694582914400

{"error":"not_found","request_id":"","routine":"MIOROUTE"}HTTP/1.1 404 Not Found
Connection: keep-alive
Content-Length: 58
Content-Type: application/json
X-Request-Id: 676426374694595314400

{"error":"not_found","request_id":"","routine":"MIOROUTE"}HTTP/1.1 404 Not Found
Connection: keep-alive
Content-Length: 58
Content-Type: application/json
X-Request-Id: 676426374694608014400

{"error":"not_found","request_id":"","routine":"MIOROUTE"}HTTP/1.1 404 Not Found
Connection: keep-alive
Content-Length: 58
Content-Type: application/json
X-Request-Id: 676426374694618814400

{"error":"not_found","request_id":"","routine":"MIOROUTE"}HTTP/1.1 404 Not Found
Connection: keep-alive
Content-Length: 58
Content-Type: application/json
X-Request-Id: 676426374694629014400

{"error":"not_found","request_id":"","routine":"MIOROUTE"}HTTP/1.1 404 Not Found
Connection: keep-alive
Content-Length: 58
Content-Type: application/json
X-Request-Id: 676426374694639914400

{"error":"not_found","request_id":"","routine":"MIOROUTE"}HTTP/1.1 404 Not Found
Connection: keep-alive
Content-Length: 58
Content-Type: application/json
X-Request-Id: 676426374694649714400

{"error":"not_found","request_id":"","routine":"MIOROUTE"}HTTP/1.1 404 Not Found
Connection: keep-alive
Content-Length: 58
Content-Type: application/json
X-Request-Id: 676426374694676614400

{"error":"not_found","request_id":"","routine":"MIOROUTE"}HTTP/1.1 404 Not Found
Connection: keep-alive
Content-Length: 58
Content-Type: application/json
X-Request-Id: 676426374694697014400

{"error":"not_found","request_id":"","routine":"MIOROUTE"}HTTP/1.1 404 Not Found
Connection: keep-alive
Content-Length: 58
Content-Type: application/json
X-Request-Id: 676426374694708014400

{"error":"not_found","request_id":"","routine":"MIOROUTE"}HTTP/1.1 404 Not Found
Connection: keep-alive
Content-Length: 58
Content-Type: application/json
X-Request-Id: 676426374694717214400

{"error":"not_found","request_id":"","routine":"MIOROUTE"}HTTP/1.1 404 Not Found
Connection: keep-alive
Content-Length: 58
Content-Type: application/json
X-Request-Id: 676426374694728114400

{"error":"not_found","request_id":"","routine":"MIOROUTE"}HTTP/1.1 404 Not Found
Connection: keep-alive
Content-Length: 58
Content-Type: application/json
X-Request-Id: 676426374694739314400

{"error":"not_found","request_id":"","routine":"MIOROUTE"}HTTP/1.1 404 Not Found
Connection: keep-alive
Content-Length: 58
Content-Type: application/json
X-Request-Id: 676426374694750614400

{"error":"not_found","request_id":"","routine":"MIOROUTE"}HTTP/1.1 404 Not Found
Connection: keep-alive
Content-Length: 58
Content-Type: application/json
X-Request-Id: 676426374694764914400

{"error":"not_found","request_id":"","routine":"MIOROUTE"}HTTP/1.1 404 Not Found
Connection: keep-alive
Content-Length: 58
Content-Type: application/json
X-Request-Id: 676426374694775314400

{"error":"not_found","request_id":"","routine":"MIOROUTE"}HTTP/1.1 404 Not Found
Connection: keep-alive
Content-Length: 58
Content-Type: application/json
X-Request-Id: 676426374694786714400

{"error":"not_found","request_id":"","routine":"MIOROUTE"}HTTP/1.1 404 Not Found
Connection: keep-alive
Content-Length: 58
Content-Type: application/json
X-Request-Id: 676426374694805114400

{"error":"not_found","request_id":"","routine":"MIOROUTE"}HTTP/1.1 404 Not Found
Connection: keep-alive
Content-Length: 58
Content-Type: application/json
X-Request-Id: 676426374694815114400

{"error":"not_found","request_id":"","routine":"MIOROUTE"}HTTP/1.1 404 Not Found
Connection: keep-alive
Content-Length: 58
Content-Type: application/json
X-Request-Id: 676426374694825814400

{"error":"not_found","request_id":"","routine":"MIOROUTE"}HTTP/1.1 404 Not Found
Connection: keep-alive
Content-Length: 58
Content-Type: application/json
X-Request-Id: 676426374694835614400

{"error":"not_found","request_id":"","routine":"MIOROUTE"}HTTP/1.1 404 Not Found
Connection: keep-alive
Content-Length: 58
Content-Type: application/json
X-Request-Id: 676426374694845114400

{"error":"not_found","request_id":"","routine":"MIOROUTE"}HTTP/1.1 404 Not Found
Connection: keep-alive
Content-Length: 58
Content-Type: application/json
X-Request-Id: 676426374694856114400

{"error":"not_found","request_id":"","routine":"MIOROUTE"}HTTP/1.1 404 Not Found
Connection: keep-alive
Content-Length: 58
Content-Type: application/json
X-Request-Id: 676426374694877114400

{"error":"not_found","request_id":"","routine":"MIOROUTE"}HTTP/1.1 404 Not Found
Connection: keep-alive
Content-Length: 58
Content-Type: application/json
X-Request-Id: 676426374694888014400

{"error":"not_found","request_id":"","routine":"MIOROUTE"}HTTP/1.1 404 Not Found
Connection: keep-alive
Content-Length: 58
Content-Type: application/json
X-Request-Id: 676426374694899414400

{"error":"not_found","request_id":"","routine":"MIOROUTE"}HTTP/1.1 404 Not Found
Connection: keep-alive
Content-Length: 58
Content-Type: application/json
X-Request-Id: 676426374694910614400

{"error":"not_found","request_id":"","routine":"MIOROUTE"}HTTP/1.1 404 Not Found
Connection: keep-alive
Content-Length: 58
Content-Type: application/json
X-Request-Id: 676426374694921514400

{"error":"not_found","request_id":"","routine":"MIOROUTE"}HTTP/1.1 404 Not Found
Connection: keep-alive
Content-Length: 58
Content-Type: application/json
X-Request-Id: 676426374694937814400

{"error":"not_found","request_id":"","routine":"MIOROUTE"}HTTP/1.1 404 Not Found
Connection: keep-alive
Content-Length: 58
Content-Type: application/json
X-Request-Id: 676426374694949414400

{"error":"not_found","request_id":"","routine":"MIOROUTE"}HTTP/1.1 404 Not Found
Connection: keep-alive
Content-Length: 58
Content-Type: application/json
X-Request-Id: 676426374694956214400

{"error":"not_found","request_id":"","routine":"MIOROUTE"}HTTP/1.1 404 Not Found
Connection: keep-alive
Content-Length: 58
Content-Type: application/json
X-Request-Id: 676426374694962914400

{"error":"not_found","request_id":"","routine":"MIOROUTE"}HTTP/1.1 404 Not Found
Connection: keep-alive
Content-Length: 58
Content-Type: application/json
X-Request-Id: 676426374694969514400

{"error":"not_found","request_id":"","routine":"MIOROUTE"}HTTP/1.1 404 Not Found
Connection: keep-alive
Content-Length: 58
Content-Type: application/json
X-Request-Id: 676426374694981314400

{"error":"not_found","request_id":"","routine":"MIOROUTE"}HTTP/1.1 404 Not Found
Connection: keep-alive
Content-Length: 58
Content-Type: application/json
X-Request-Id: 676426374694992314400

{"error":"not_found","request_id":"","routine":"MIOROUTE"}HTTP/1.1 404 Not Found
Connection: keep-alive
Content-Length: 58
Content-Type: application/json
X-Request-Id: 676426374695004914400

{"error":"not_found","request_id":"","routine":"MIOROUTE"}HTTP/1.1 404 Not Found
Connection: keep-alive
Content-Length: 58
Content-Type: application/json
X-Request-Id: 676426374695015814400

{"error":"not_found","request_id":"","routine":"MIOROUTE"}HTTP/1.1 404 Not Found
Connection: keep-alive
Content-Length: 58
Content-Type: application/json
X-Request-Id: 676426374695032214400

{"error":"not_found","request_id":"","routine":"MIOROUTE"}HTTP/1.1 404 Not Found
Connection: keep-alive
Content-Length: 58
Content-Type: application/json
X-Request-Id: 676426374695046114400

{"error":"not_found","request_id":"","routine":"MIOROUTE"}HTTP/1.1 404 Not Found
Connection: keep-alive
Content-Length: 58
Content-Type: application/json
X-Request-Id: 676426374695064314400

{"error":"not_found","request_id":"","routine":"MIOROUTE"}HTTP/1.1 404 Not Found
Connection: keep-alive
Content-Length: 58
Content-Type: application/json
X-Request-Id: 676426374695076114400

{"error":"not_found","request_id":"","routine":"MIOROUTE"}HTTP/1.1 404 Not Found
Connection: keep-alive
Content-Length: 58
Content-Type: application/json
X-Request-Id: 676426374695087414400

{"error":"not_found","request_id":"","routine":"MIOROUTE"}HTTP/1.1 404 Not Found
Connection: keep-alive
Content-Length: 58
Content-Type: application/json
X-Request-Id: 676426374695098814400

{"error":"not_found","request_id":"","routine":"MIOROUTE"}HTTP/1.1 404 Not Found
Connection: keep-alive
Content-Length: 58
Content-Type: application/json
X-Request-Id: 676426374695109114400

{"error":"not_found","request_id":"","routine":"MIOROUTE"}HTTP/1.1 404 Not Found
Connection: keep-alive
Content-Length: 58
Content-Type: application/json
X-Request-Id: 676426374695120314400

{"error":"not_found","request_id":"","routine":"MIOROUTE"}HTTP/1.1 404 Not Found
Connection: keep-alive
Content-Length: 58
Content-Type: application/json
X-Request-Id: 676426374695133114400

{"error":"not_found","request_id":"","routine":"MIOROUTE"}HTTP/1.1 404 Not Found
Connection: keep-alive
Content-Length: 58
Content-Type: application/json
X-Request-Id: 676426374695144714400

{"error":"not_found","request_id":"","routine":"MIOROUTE"}HTTP/1.1 404 Not Found
Connection: keep-alive
Content-Length: 58
Content-Type: application/json
X-Request-Id: 676426374695156914400

{"error":"not_found","request_id":"","routine":"MIOROUTE"}HTTP/1.1 404 Not Found
Connection: keep-alive
Content-Length: 58
Content-Type: application/json
X-Request-Id: 676426374695167614400

{"error":"not_found","request_id":"","routine":"MIOROUTE"}HTTP/1.1 404 Not Found
Connection: keep-alive
Content-Length: 58
Content-Type: application/json
X-Request-Id: 676426374695176914400

{"error":"not_found","request_id":"","routine":"MIOROUTE"}HTTP/1.1 404 Not Found
Connection: keep-alive
Content-Length: 58
Content-Type: application/json
X-Request-Id: 676426374695189414400

{"error":"not_found","request_id":"","routine":"MIOROUTE"}HTTP/1.1 404 Not Found
Connection: keep-alive
Content-Length: 58
Content-Type: application/json
X-Request-Id: 676426374695204214400

{"error":"not_found","request_id":"","routine":"MIOROUTE"}HTTP/1.1 404 Not Found
Connection: keep-alive
Content-Length: 58
Content-Type: application/json
X-Request-Id: 676426374695215214400

{"error":"not_found","request_id":"","routine":"MIOROUTE"}HTTP/1.1 404 Not Found
Connection: keep-alive
Content-Length: 58
Content-Type: application/json
X-Request-Id: 676426374695225814400

{"error":"not_found","request_id":"","routine":"MIOROUTE"}HTTP/1.1 404 Not Found
Connection: keep-alive
Content-Length: 58
Content-Type: application/json
X-Request-Id: 676426374695237214400

{"error":"not_found","request_id":"","routine":"MIOROUTE"}HTTP/1.1 404 Not Found
Connection: keep-alive
Content-Length: 58
Content-Type: application/json
X-Request-Id: 676426374695257014400

{"error":"not_found","request_id":"","routine":"MIOROUTE"}HTTP/1.1 404 Not Found
Connection: keep-alive
Content-Length: 58
Content-Type: application/json
X-Request-Id: 676426374695268114400

{"error":"not_found","request_id":"","routine":"MIOROUTE"}HTTP/1.1 404 Not Found
Connection: keep-alive
Content-Length: 58
Content-Type: application/json
X-Request-Id: 676426374695279414400

{"error":"not_found","request_id":"","routine":"MIOROUTE"}HTTP/1.1 404 Not Found
Connection: keep-alive
Content-Length: 58
Content-Type: application/json
X-Request-Id: 676426374695289914400

{"error":"not_found","request_id":"","routine":"MIOROUTE"}HTTP/1.1 404 Not Found
Connection: keep-alive
Content-Length: 58
Content-Type: application/json
X-Request-Id: 676426374695301714400

{"error":"not_found","request_id":"","routine":"MIOROUTE"}HTTP/1.1 404 Not Found
Connection: keep-alive
Content-Length: 58
Content-Type: application/json
X-Request-Id: 676426374695311714400

{"error":"not_found","request_id":"","routine":"MIOROUTE"}HTTP/1.1 404 Not Found
Connection: keep-alive
Content-Length: 58
Content-Type: application/json
X-Request-Id: 676426374695322114400

{"error":"not_found","request_id":"","routine":"MIOROUTE"}HTTP/1.1 404 Not Found
Connection: keep-alive
Content-Length: 58
Content-Type: application/json
X-Request-Id: 676426374695331714400

{"error":"not_found","request_id":"","routine":"MIOROUTE"}HTTP/1.1 404 Not Found
Connection: keep-alive
Content-Length: 58
Content-Type: application/json
X-Request-Id: 676426374695343314400

{"error":"not_found","request_id":"","routine":"MIOROUTE"}HTTP/1.1 404 Not Found
Connection: keep-alive
Content-Length: 58
Content-Type: application/json
X-Request-Id: 676426374695353314400

{"error":"not_found","request_id":"","routine":"MIOROUTE"}HTTP/1.1 404 Not Found
Connection: keep-alive
Content-Length: 58
Content-Type: application/json
X-Request-Id: 676426374695363814400

{"error":"not_found","request_id":"","routine":"MIOROUTE"}HTTP/1.1 404 Not Found
Connection: keep-alive
Content-Length: 58
Content-Type: application/json
X-Request-Id: 676426374695373514400

{"error":"not_found","request_id":"","routine":"MIOROUTE"}HTTP/1.1 404 Not Found
Connection: keep-alive
Content-Length: 58
Content-Type: application/json
X-Request-Id: 676426374695384014400

{"error":"not_found","request_id":"","routine":"MIOROUTE"}HTTP/1.1 404 Not Found
Connection: keep-alive
Content-Length: 58
Content-Type: application/json
X-Request-Id: 676426374695393614400

{"error":"not_found","request_id":"","routine":"MIOROUTE"}HTTP/1.1 404 Not Found
Connection: keep-alive
Content-Length: 58
Content-Type: application/json
X-Request-Id: 676426374695404014400

{"error":"not_found","request_id":"","routine":"MIOROUTE"}HTTP/1.1 404 Not Found
Connection: keep-alive
Content-Length: 58
Content-Type: application/json
X-Request-Id: 676426374695413614400

{"error":"not_found","request_id":"","routine":"MIOROUTE"}HTTP/1.1 404 Not Found
Connection: keep-alive
Content-Length: 58
Content-Type: application/json
X-Request-Id: 676426374695423914400

{"error":"not_found","request_id":"","routine":"MIOROUTE"}HTTP/1.1 404 Not Found
Connection: keep-alive
Content-Length: 58
Content-Type: application/json
X-Request-Id: 676426374695433514400

{"error":"not_found","request_id":"","routine":"MIOROUTE"}HTTP/1.1 404 Not Found
Connection: keep-alive
Content-Length: 58
Content-Type: application/json
X-Request-Id: 676426374695443714400

{"error":"not_found","request_id":"","routine":"MIOROUTE"}HTTP/1.1 404 Not Found
Connection: keep-alive
Content-Length: 58
Content-Type: application/json
X-Request-Id: 676426374695453214400

{"error":"not_found","request_id":"","routine":"MIOROUTE"}HTTP/1.1 404 Not Found
Connection: keep-alive
Content-Length: 58
Content-Type: application/json
X-Request-Id: 676426374695463614400

{"error":"not_found","request_id":"","routine":"MIOROUTE"}HTTP/1.1 404 Not Found
Connection: keep-alive
Content-Length: 58
Content-Type: application/json
X-Request-Id: 676426374695473114400

{"error":"not_found","request_id":"","routine":"MIOROUTE"}HTTP/1.1 404 Not Found
Connection: keep-alive
Content-Length: 58
Content-Type: application/json
X-Request-Id: 676426374695483314400

{"error":"not_found","request_id":"","routine":"MIOROUTE"}HTTP/1.1 404 Not Found
Connection: keep-alive
Content-Length: 58
Content-Type: application/json
X-Request-Id: 676426374695494014400

{"error":"not_found","request_id":"","routine":"MIOROUTE"}HTTP/1.1 404 Not Found
Connection: keep-alive
Content-Length: 58
Content-Type: application/json
X-Request-Id: 676426374695504314400

{"error":"not_found","request_id":"","routine":"MIOROUTE"}HTTP/1.1 404 Not Found
Connection: keep-alive
Content-Length: 58
Content-Type: application/json
X-Request-Id: 676426374695514714400

{"error":"not_found","request_id":"","routine":"MIOROUTE"}HTTP/1.1 404 Not Found
Connection: keep-alive
Content-Length: 58
Content-Type: application/json
X-Request-Id: 676426374695524314400

{"error":"not_found","request_id":"","routine":"MIOROUTE"}HTTP/1.1 404 Not Found
Connection: keep-alive
Content-Length: 58
Content-Type: application/json
X-Request-Id: 676426374695534614400

{"error":"not_found","request_id":"","routine":"MIOROUTE"}HTTP/1.1 404 Not Found
Connection: keep-alive
Content-Length: 58
Content-Type: application/json
X-Request-Id: 676426374695544214400

{"error":"not_found","request_id":"","routine":"MIOROUTE"}HTTP/1.1 404 Not Found
Connection: keep-alive
Content-Length: 58
Content-Type: application/json
X-Request-Id: 676426374695555214400

{"error":"not_found","request_id":"","routine":"MIOROUTE"}HTTP/1.1 404 Not Found
Connection: keep-alive
Content-Length: 58
Content-Type: application/json
X-Request-Id: 676426374695565514400

{"error":"not_found","request_id":"","routine":"MIOROUTE"}HTTP/1.1 404 Not Found
Connection: keep-alive
Content-Length: 58
Content-Type: application/json
X-Request-Id: 676426374695575814400

{"error":"not_found","request_id":"","routine":"MIOROUTE"}HTTP/1.1 404 Not Found
Connection: keep-alive
Content-Length: 58
Content-Type: application/json
X-Request-Id: 676426374695585814400

{"error":"not_found","request_id":"","routine":"MIOROUTE"}HTTP/1.1 404 Not Found
Connection: keep-alive
Content-Length: 58
Content-Type: application/json
X-Request-Id: 676426374695606314400

{"error":"not_found","request_id":"","routine":"MIOROUTE"}HTTP/1.1 404 Not Found
Connection: keep-alive
Content-Length: 58
Content-Type: application/json
X-Request-Id: 676426374695617614400

{"error":"not_found","request_id":"","routine":"MIOROUTE"}HTTP/1.1 404 Not Found
Connection: keep-alive
Content-Length: 58
Content-Type: application/json
X-Request-Id: 676426374695629014400

{"error":"not_found","request_id":"","routine":"MIOROUTE"}HTTP/1.1 404 Not Found
Connection: keep-alive
Content-Length: 58
Content-Type: application/json
X-Request-Id: 676426374695640214400

{"error":"not_found","request_id":"","routine":"MIOROUTE"}HTTP/1.1 404 Not Found
Connection: keep-alive
Content-Length: 58
Content-Type: application/json
X-Request-Id: 676426374695650614400

{"error":"not_found","request_id":"","routine":"MIOROUTE"}HTTP/1.1 404 Not Found
Connection: keep-alive
Content-Length: 58
Content-Type: application/json
X-Request-Id: 676426374695661314400

{"error":"not_found","request_id":"","routine":"MIOROUTE"}HTTP/1.1 404 Not Found
Connection: keep-alive
Content-Length: 58
Content-Type: application/json
X-Request-Id: 676426374695671014400

{"error":"not_found","request_id":"","routine":"MIOROUTE"}HTTP/1.1 404 Not Found
Connection: keep-alive
Content-Length: 58
Content-Type: application/json
X-Request-Id: 676426374695681514400

{"error":"not_found","request_id":"","routine":"MIOROUTE"}HTTP/1.1 404 Not Found
Connection: keep-alive
Content-Length: 58
Content-Type: application/json
X-Request-Id: 676426374695691114400

{"error":"not_found","request_id":"","routine":"MIOROUTE"}HTTP/1.1 404 Not Found
Connection: keep-alive
Content-Length: 58
Content-Type: application/json
X-Request-Id: 676426374695704314400

{"error":"not_found","request_id":"","routine":"MIOROUTE"}HTTP/1.1 404 Not Found
Connection: keep-alive
Content-Length: 58
Content-Type: application/json
X-Request-Id: 676426374695715614400

{"error":"not_found","request_id":"","routine":"MIOROUTE"}HTTP/1.1 404 Not Found
Connection: keep-alive
Content-Length: 58
Content-Type: application/json
X-Request-Id: 676426374695725914400

{"error":"not_found","request_id":"","routine":"MIOROUTE"}HTTP/1.1 404 Not Found
Connection: keep-alive
Content-Length: 58
Content-Type: application/json
X-Request-Id: 676426374695737914400

{"error":"not_found","request_id":"","routine":"MIOROUTE"}HTTP/1.1 404 Not Found
Connection: keep-alive
Content-Length: 58
Content-Type: application/json
X-Request-Id: 676426374695748014400

{"error":"not_found","request_id":"","routine":"MIOROUTE"}HTTP/1.1 404 Not Found
Connection: keep-alive
Content-Length: 58
Content-Type: application/json
X-Request-Id: 676426374695758514400

{"error":"not_found","request_id":"","routine":"MIOROUTE"}HTTP/1.1 404 Not Found
Connection: keep-alive
Content-Length: 58
Content-Type: application/json
X-Request-Id: 676426374695769714400

{"error":"not_found","request_id":"","routine":"MIOROUTE"}HTTP/1.1 404 Not Found
Connection: keep-alive
Content-Length: 58
Content-Type: application/json
X-Request-Id: 676426374695780014400

{"error":"not_found","request_id":"","routine":"MIOROUTE"}HTTP/1.1 404 Not Found
Connection: keep-alive
Content-Length: 58
Content-Type: application/json
X-Request-Id: 676426374695791914400

{"error":"not_found","request_id":"","routine":"MIOROUTE"}HTTP/1.1 404 Not Found
Connection: keep-alive
Content-Length: 58
Content-Type: application/json
X-Request-Id: 676426374695802014400

{"error":"not_found","request_id":"","routine":"MIOROUTE"}HTTP/1.1 404 Not Found
Connection: keep-alive
Content-Length: 58
Content-Type: application/json
X-Request-Id: 676426374695812514400

{"error":"not_found","request_id":"","routine":"MIOROUTE"}HTTP/1.1 404 Not Found
Connection: keep-alive
Content-Length: 58
Content-Type: application/json
X-Request-Id: 676426374695822614400

{"error":"not_found","request_id":"","routine":"MIOROUTE"}HTTP/1.1 404 Not Found
Connection: keep-alive
Content-Length: 58
Content-Type: application/json
X-Request-Id: 676426374695833014400

{"error":"not_found","request_id":"","routine":"MIOROUTE"}HTTP/1.1 404 Not Found
Connection: keep-alive
Content-Length: 58
Content-Type: application/json
X-Request-Id: 676426374695845414400

{"error":"not_found","request_id":"","routine":"MIOROUTE"}HTTP/1.1 404 Not Found
Connection: keep-alive
Content-Length: 58
Content-Type: application/json
X-Request-Id: 676426374695858314400

{"error":"not_found","request_id":"","routine":"MIOROUTE"}HTTP/1.1 404 Not Found
Connection: keep-alive
Content-Length: 58
Content-Type: application/json
X-Request-Id: 676426374695870914400

{"error":"not_found","request_id":"","routine":"MIOROUTE"}HTTP/1.1 404 Not Found
Connection: keep-alive
Content-Length: 58
Content-Type: application/json
X-Request-Id: 676426374695880914400

{"error":"not_found","request_id":"","routine":"MIOROUTE"}HTTP/1.1 404 Not Found
Connection: keep-alive
Content-Length: 58
Content-Type: application/json
X-Request-Id: 676426374695889514400

{"error":"not_found","request_id":"","routine":"MIOROUTE"}HTTP/1.1 404 Not Found
Connection: keep-alive
Content-Length: 58
Content-Type: application/json
X-Request-Id: 676426374695899214400

{"error":"not_found","request_id":"","routine":"MIOROUTE"}HTTP/1.1 404 Not Found
Connection: keep-alive
Content-Length: 58
Content-Type: application/json
X-Request-Id: 676426374695906314400

{"error":"not_found","request_id":"","routine":"MIOROUTE"}HTTP/1.1 404 Not Found
Connection: keep-alive
Content-Length: 58
Content-Type: application/json
X-Request-Id: 676426374695917114400

{"error":"not_found","request_id":"","routine":"MIOROUTE"}HTTP/1.1 404 Not Found
Connection: keep-alive
Content-Length: 58
Content-Type: application/json
X-Request-Id: 676426374695927714400

{"error":"not_found","request_id":"","routine":"MIOROUTE"}HTTP/1.1 404 Not Found
Connection: keep-alive
Content-Length: 58
Content-Type: application/json
X-Request-Id: 676426374695938114400

{"error":"not_found","request_id":"","routine":"MIOROUTE"}HTTP/1.1 404 Not Found
Connection: keep-alive
Content-Length: 58
Content-Type: application/json
X-Request-Id: 676426374695957814400

{"error":"not_found","request_id":"","routine":"MIOROUTE"}HTTP/1.1 404 Not Found
Connection: keep-alive
Content-Length: 58
Content-Type: application/json
X-Request-Id: 676426374695967814400

{"error":"not_found","request_id":"","routine":"MIOROUTE"}HTTP/1.1 404 Not Found
Connection: keep-alive
Content-Length: 58
Content-Type: application/json
X-Request-Id: 676426374695982914400

{"error":"not_found","request_id":"","routine":"MIOROUTE"}HTTP/1.1 404 Not Found
Connection: keep-alive
Content-Length: 58
Content-Type: application/json
X-Request-Id: 676426374695996414400

{"error":"not_found","request_id":"","routine":"MIOROUTE"}HTTP/1.1 404 Not Found
Connection: keep-alive
Content-Length: 58
Content-Type: application/json
X-Request-Id: 676426374696008914400

{"error":"not_found","request_id":"","routine":"MIOROUTE"}HTTP/1.1 404 Not Found
Connection: keep-alive
Content-Length: 58
Content-Type: application/json
X-Request-Id: 676426374696019314400

{"error":"not_found","request_id":"","routine":"MIOROUTE"}HTTP/1.1 404 Not Found
Connection: keep-alive
Content-Length: 58
Content-Type: application/json
X-Request-Id: 676426374696029914400

{"error":"not_found","request_id":"","routine":"MIOROUTE"}HTTP/1.1 404 Not Found
Connection: keep-alive
Content-Length: 58
Content-Type: application/json
X-Request-Id: 676426374696039614400

{"error":"not_found","request_id":"","routine":"MIOROUTE"}HTTP/1.1 404 Not Found
Connection: keep-alive
Content-Length: 58
Content-Type: application/json
X-Request-Id: 676426374696050114400

{"error":"not_found","request_id":"","routine":"MIOROUTE"}HTTP/1.1 404 Not Found
Connection: keep-alive
Content-Length: 58
Content-Type: application/json
X-Request-Id: 676426374696060014400

{"error":"not_found","request_id":"","routine":"MIOROUTE"}HTTP/1.1 404 Not Found
Connection: keep-alive
Content-Length: 58
Content-Type: application/json
X-Request-Id: 676426374696071214400

{"error":"not_found","request_id":"","routine":"MIOROUTE"}HTTP/1.1 404 Not Found
Connection: keep-alive
Content-Length: 58
Content-Type: application/json
X-Request-Id: 676426374696081414400

{"error":"not_found","request_id":"","routine":"MIOROUTE"}HTTP/1.1 404 Not Found
Connection: keep-alive
Content-Length: 58
Content-Type: application/json
X-Request-Id: 676426374696092014400

{"error":"not_found","request_id":"","routine":"MIOROUTE"}HTTP/1.1 404 Not Found
Connection: keep-alive
Content-Length: 58
Content-Type: application/json
X-Request-Id: 676426374696101714400

{"error":"not_found","request_id":"","routine":"MIOROUTE"}HTTP/1.1 404 Not Found
Connection: keep-alive
Content-Length: 58
Content-Type: application/json
X-Request-Id: 676426374696112214400

{"error":"not_found","request_id":"","routine":"MIOROUTE"}HTTP/1.1 404 Not Found
Connection: keep-alive
Content-Length: 58
Content-Type: application/json
X-Request-Id: 676426374696122414400

{"error":"not_found","request_id":"","routine":"MIOROUTE"}HTTP/1.1 404 Not Found
Connection: keep-alive
Content-Length: 58
Content-Type: application/json
X-Request-Id: 676426374696132814400

{"error":"not_found","request_id":"","routine":"MIOROUTE"}HTTP/1.1 404 Not Found
Connection: keep-alive
Content-Length: 58
Content-Type: application/json
X-Request-Id: 676426374696143414400

{"error":"not_found","request_id":"","routine":"MIOROUTE"}HTTP/1.1 404 Not Found
Connection: keep-alive
Content-Length: 58
Content-Type: application/json
X-Request-Id: 676426374696153014400

{"error":"not_found","request_id":"","routine":"MIOROUTE"}HTTP/1.1 404 Not Found
Connection: keep-alive
Content-Length: 58
Content-Type: application/json
X-Request-Id: 676426374696163314400

{"error":"not_found","request_id":"","routine":"MIOROUTE"}HTTP/1.1 404 Not Found
Connection: keep-alive
Content-Length: 58
Content-Type: application/json
X-Request-Id: 676426374696173614400

{"error":"not_found","request_id":"","routine":"MIOROUTE"}HTTP/1.1 404 Not Found
Connection: keep-alive
Content-Length: 58
Content-Type: application/json
X-Request-Id: 676426374696184214400

{"error":"not_found","request_id":"","routine":"MIOROUTE"}HTTP/1.1 404 Not Found
Connection: keep-alive
Content-Length: 58
Content-Type: application/json
X-Request-Id: 676426374696193814400

{"error":"not_found","request_id":"","routine":"MIOROUTE"}HTTP/1.1 404 Not Found
Connection: keep-alive
Content-Length: 58
Content-Type: application/json
X-Request-Id: 676426374696202714400

{"error":"not_found","request_id":"","routine":"MIOROUTE"}HTTP/1.1 404 Not Found
Connection: keep-alive
Content-Length: 58
Content-Type: application/json
X-Request-Id: 676426374696213714400

{"error":"not_found","request_id":"","routine":"MIOROUTE"}HTTP/1.1 404 Not Found
Connection: keep-alive
Content-Length: 58
Content-Type: application/json
X-Request-Id: 676426374696224114400

{"error":"not_found","request_id":"","routine":"MIOROUTE"}HTTP/1.1 404 Not Found
Connection: keep-alive
Content-Length: 58
Content-Type: application/json
X-Request-Id: 676426374696234614400

{"error":"not_found","request_id":"","routine":"MIOROUTE"}HTTP/1.1 404 Not Found
Connection: keep-alive
Content-Length: 58
Content-Type: application/json
X-Request-Id: 676426374696244214400

{"error":"not_found","request_id":"","routine":"MIOROUTE"}HTTP/1.1 404 Not Found
Connection: keep-alive
Content-Length: 58
Content-Type: application/json
X-Request-Id: 676426374696254614400

{"error":"not_found","request_id":"","routine":"MIOROUTE"}HTTP/1.1 404 Not Found
Connection: keep-alive
Content-Length: 58
Content-Type: application/json
X-Request-Id: 676426374696264114400

{"error":"not_found","request_id":"","routine":"MIOROUTE"}HTTP/1.1 404 Not Found
Connection: keep-alive
Content-Length: 58
Content-Type: application/json
X-Request-Id: 676426374696273214400

{"error":"not_found","request_id":"","routine":"MIOROUTE"}HTTP/1.1 404 Not Found
Connection: keep-alive
Content-Length: 58
Content-Type: application/json
X-Request-Id: 676426374696284514400

{"error":"not_found","request_id":"","routine":"MIOROUTE"}HTTP/1.1 404 Not Found
Connection: keep-alive
Content-Length: 58
Content-Type: application/json
X-Request-Id: 676426374696303314400

{"error":"not_found","request_id":"","routine":"MIOROUTE"}HTTP/1.1 404 Not Found
Connection: keep-alive
Content-Length: 58
Content-Type: application/json
X-Request-Id: 676426374696313414400

{"error":"not_found","request_id":"","routine":"MIOROUTE"}HTTP/1.1 404 Not Found
Connection: keep-alive
Content-Length: 58
Content-Type: application/json
X-Request-Id: 676426374696322514400

{"error":"not_found","request_id":"","routine":"MIOROUTE"}HTTP/1.1 404 Not Found
Connection: keep-alive
Content-Length: 58
Content-Type: application/json
X-Request-Id: 676426374696333714400

{"error":"not_found","request_id":"","routine":"MIOROUTE"}HTTP/1.1 404 Not Found
Connection: keep-alive
Content-Length: 58
Content-Type: application/json
X-Request-Id: 676426374696359414400

{"error":"not_found","request_id":"","routine":"MIOROUTE"}HTTP/1.1 404 Not Found
Connection: keep-alive
Content-Length: 58
Content-Type: application/json
X-Request-Id: 676426374696370514400

{"error":"not_found","request_id":"","routine":"MIOROUTE"}HTTP/1.1 404 Not Found
Connection: keep-alive
Content-Length: 58
Content-Type: application/json
X-Request-Id: 676426374696381914400

{"error":"not_found","request_id":"","routine":"MIOROUTE"}HTTP/1.1 404 Not Found
Connection: keep-alive
Content-Length: 58
Content-Type: application/json
X-Request-Id: 676426374696395014400

{"error":"not_found","request_id":"","routine":"MIOROUTE"}HTTP/1.1 404 Not Found
Connection: keep-alive
Content-Length: 58
Content-Type: application/json
X-Request-Id: 676426374696408414400

{"error":"not_found","request_id":"","routine":"MIOROUTE"}HTTP/1.1 404 Not Found
Connection: keep-alive
Content-Length: 58
Content-Type: application/json
X-Request-Id: 676426374696420114400

{"error":"not_found","request_id":"","routine":"MIOROUTE"}HTTP/1.1 404 Not Found
Connection: keep-alive
Content-Length: 58
Content-Type: application/json
X-Request-Id: 676426374696430914400

{"error":"not_found","request_id":"","routine":"MIOROUTE"}HTTP/1.1 404 Not Found
Connection: keep-alive
Content-Length: 58
Content-Type: application/json
X-Request-Id: 676426374696446014400

{"error":"not_found","request_id":"","routine":"MIOROUTE"}HTTP/1.1 404 Not Found
Connection: keep-alive
Content-Length: 58
Content-Type: application/json
X-Request-Id: 676426374696456714400

{"error":"not_found","request_id":"","routine":"MIOROUTE"}HTTP/1.1 404 Not Found
Connection: keep-alive
Content-Length: 58
Content-Type: application/json
X-Request-Id: 676426374696465814400

{"error":"not_found","request_id":"","routine":"MIOROUTE"}HTTP/1.1 404 Not Found
Connection: keep-alive
Content-Length: 58
Content-Type: application/json
X-Request-Id: 676426374696476914400

{"error":"not_found","request_id":"","routine":"MIOROUTE"}HTTP/1.1 404 Not Found
Connection: keep-alive
Content-Length: 58
Content-Type: application/json
X-Request-Id: 676426374696486714400

{"error":"not_found","request_id":"","routine":"MIOROUTE"}HTTP/1.1 404 Not Found
Connection: keep-alive
Content-Length: 58
Content-Type: application/json
X-Request-Id: 676426374696496514400

{"error":"not_found","request_id":"","routine":"MIOROUTE"}HTTP/1.1 404 Not Found
Connection: keep-alive
Content-Length: 58
Content-Type: application/json
X-Request-Id: 676426374696511714400

{"error":"not_found","request_id":"","routine":"MIOROUTE"}HTTP/1.1 404 Not Found
Connection: keep-alive
Content-Length: 58
Content-Type: application/json
X-Request-Id: 676426374696521614400

{"error":"not_found","request_id":"","routine":"MIOROUTE"}HTTP/1.1 404 Not Found
Connection: keep-alive
Content-Length: 58
Content-Type: application/json
X-Request-Id: 676426374696534214400

{"error":"not_found","request_id":"","routine":"MIOROUTE"}HTTP/1.1 404 Not Found
Connection: keep-alive
Content-Length: 58
Content-Type: application/json
X-Request-Id: 676426374696547914400

{"error":"not_found","request_id":"","routine":"MIOROUTE"}HTTP/1.1 404 Not Found
Connection: keep-alive
Content-Length: 58
Content-Type: application/json
X-Request-Id: 676426374696558114400

{"error":"not_found","request_id":"","routine":"MIOROUTE"}HTTP/1.1 404 Not Found
Connection: keep-alive
Content-Length: 58
Content-Type: application/json
X-Request-Id: 676426374696568614400

{"error":"not_found","request_id":"","routine":"MIOROUTE"}HTTP/1.1 404 Not Found
Connection: keep-alive
Content-Length: 58
Content-Type: application/json
X-Request-Id: 676426374696578514400

{"error":"not_found","request_id":"","routine":"MIOROUTE"}HTTP/1.1 404 Not Found
Connection: keep-alive
Content-Length: 58
Content-Type: application/json
X-Request-Id: 676426374696591014400

{"error":"not_found","request_id":"","routine":"MIOROUTE"}HTTP/1.1 404 Not Found
Connection: keep-alive
Content-Length: 58
Content-Type: application/json
X-Request-Id: 676426374696600614400

{"error":"not_found","request_id":"","routine":"MIOROUTE"}HTTP/1.1 404 Not Found
Connection: keep-alive
Content-Length: 58
Content-Type: application/json
X-Request-Id: 676426374696611214400

{"error":"not_found","request_id":"","routine":"MIOROUTE"}HTTP/1.1 404 Not Found
Connection: keep-alive
Content-Length: 58
Content-Type: application/json
X-Request-Id: 676426374696624014400

{"error":"not_found","request_id":"","routine":"MIOROUTE"}HTTP/1.1 404 Not Found
Connection: keep-alive
Content-Length: 58
Content-Type: application/json
X-Request-Id: 676426374696637614400

{"error":"not_found","request_id":"","routine":"MIOROUTE"}HTTP/1.1 404 Not Found
Connection: keep-alive
Content-Length: 58
Content-Type: application/json
X-Request-Id: 676426374696648814400

{"error":"not_found","request_id":"","routine":"MIOROUTE"}HTTP/1.1 404 Not Found
Connection: keep-alive
Content-Length: 58
Content-Type: application/json
X-Request-Id: 676426374696659314400

{"error":"not_found","request_id":"","routine":"MIOROUTE"}HTTP/1.1 404 Not Found
Connection: keep-alive
Content-Length: 58
Content-Type: application/json
X-Request-Id: 676426374696670014400

{"error":"not_found","request_id":"","routine":"MIOROUTE"}HTTP/1.1 404 Not Found
Connection: keep-alive
Content-Length: 58
Content-Type: application/json
X-Request-Id: 676426374696679614400

{"error":"not_found","request_id":"","routine":"MIOROUTE"}HTTP/1.1 404 Not Found
Connection: keep-alive
Content-Length: 58
Content-Type: application/json
X-Request-Id: 676426374696697614400

{"error":"not_found","request_id":"","routine":"MIOROUTE"}HTTP/1.1 404 Not Found
Connection: keep-alive
Content-Length: 58
Content-Type: application/json
X-Request-Id: 676426374696708114400

{"error":"not_found","request_id":"","routine":"MIOROUTE"}HTTP/1.1 404 Not Found
Connection: keep-alive
Content-Length: 58
Content-Type: application/json
X-Request-Id: 676426374696721114400

{"error":"not_found","request_id":"","routine":"MIOROUTE"}HTTP/1.1 404 Not Found
Connection: keep-alive
Content-Length: 58
Content-Type: application/json
X-Request-Id: 676426374696731714400

{"error":"not_found","request_id":"","routine":"MIOROUTE"}HTTP/1.1 404 Not Found
Connection: keep-alive
Content-Length: 58
Content-Type: application/json
X-Request-Id: 676426374696746114400

{"error":"not_found","request_id":"","routine":"MIOROUTE"}HTTP/1.1 404 Not Found
Connection: keep-alive
Content-Length: 58
Content-Type: application/json
X-Request-Id: 676426374696757814400

{"error":"not_found","request_id":"","routine":"MIOROUTE"}HTTP/1.1 404 Not Found
Connection: keep-alive
Content-Length: 58
Content-Type: application/json
X-Request-Id: 676426374696776814400

{"error":"not_found","request_id":"","routine":"MIOROUTE"}HTTP/1.1 404 Not Found
Connection: keep-alive
Content-Length: 58
Content-Type: application/json
X-Request-Id: 676426374696790214400

{"error":"not_found","request_id":"","routine":"MIOROUTE"}HTTP/1.1 404 Not Found
Connection: keep-alive
Content-Length: 58
Content-Type: application/json
X-Request-Id: 676426374696804714400

{"error":"not_found","request_id":"","routine":"MIOROUTE"}HTTP/1.1 404 Not Found
Connection: keep-alive
Content-Length: 58
Content-Type: application/json
X-Request-Id: 676426374696817114400

{"error":"not_found","request_id":"","routine":"MIOROUTE"}HTTP/1.1 404 Not Found
Connection: keep-alive
Content-Length: 58
Content-Type: application/json
X-Request-Id: 676426374696828614400

{"error":"not_found","request_id":"","routine":"MIOROUTE"}HTTP/1.1 404 Not Found
Connection: keep-alive
Content-Length: 58
Content-Type: application/json
X-Request-Id: 676426374696839914400

{"error":"not_found","request_id":"","routine":"MIOROUTE"}HTTP/1.1 404 Not Found
Connection: keep-alive
Content-Length: 58
Content-Type: application/json
X-Request-Id: 676426374696851414400

{"error":"not_found","request_id":"","routine":"MIOROUTE"}HTTP/1.1 404 Not Found
Connection: keep-alive
Content-Length: 58
Content-Type: application/json
X-Request-Id: 676426374696862814400

{"error":"not_found","request_id":"","routine":"MIOROUTE"}HTTP/1.1 404 Not Found
Connection: keep-alive
Content-Length: 58
Content-Type: application/json
X-Request-Id: 676426374696874714400

{"error":"not_found","request_id":"","routine":"MIOROUTE"}HTTP/1.1 404 Not Found
Connection: keep-alive
Content-Length: 58
Content-Type: application/json
X-Request-Id: 676426374696886514400

{"error":"not_found","request_id":"","routine":"MIOROUTE"}HTTP/1.1 404 Not Found
Connection: keep-alive
Content-Length: 58
Content-Type: application/json
X-Request-Id: 676426374696897614400

{"error":"not_found","request_id":"","routine":"MIOROUTE"}HTTP/1.1 404 Not Found
Connection: keep-alive
Content-Length: 58
Content-Type: application/json
X-Request-Id: 676426374696909514400

{"error":"not_found","request_id":"","routine":"MIOROUTE"}HTTP/1.1 404 Not Found
Connection: keep-alive
Content-Length: 58
Content-Type: application/json
X-Request-Id: 676426374696919014400

{"error":"not_found","request_id":"","routine":"MIOROUTE"}HTTP/1.1 404 Not Found
Connection: keep-alive
Content-Length: 58
Content-Type: application/json
X-Request-Id: 676426374696941114400

{"error":"not_found","request_id":"","routine":"MIOROUTE"}HTTP/1.1 404 Not Found
Connection: keep-alive
Content-Length: 58
Content-Type: application/json
X-Request-Id: 676426374696955914400

{"error":"not_found","request_id":"","routine":"MIOROUTE"}HTTP/1.1 404 Not Found
Connection: keep-alive
Content-Length: 58
Content-Type: application/json
X-Request-Id: 676426374696970914400

{"error":"not_found","request_id":"","routine":"MIOROUTE"}HTTP/1.1 404 Not Found
Connection: keep-alive
Content-Length: 58
Content-Type: application/json
X-Request-Id: 676426374696983714400

{"error":"not_found","request_id":"","routine":"MIOROUTE"}HTTP/1.1 404 Not Found
Connection: keep-alive
Content-Length: 58
Content-Type: application/json
X-Request-Id: 676426374696994114400

{"error":"not_found","request_id":"","routine":"MIOROUTE"}HTTP/1.1 404 Not Found
Connection: keep-alive
Content-Length: 58
Content-Type: application/json
X-Request-Id: 676426374697005214400

{"error":"not_found","request_id":"","routine":"MIOROUTE"}HTTP/1.1 404 Not Found
Connection: keep-alive
Content-Length: 58
Content-Type: application/json
X-Request-Id: 676426374697016514400

{"error":"not_found","request_id":"","routine":"MIOROUTE"}HTTP/1.1 404 Not Found
Connection: keep-alive
Content-Length: 58
Content-Type: application/json
X-Request-Id: 676426374697027814400

{"error":"not_found","request_id":"","routine":"MIOROUTE"}HTTP/1.1 404 Not Found
Connection: keep-alive
Content-Length: 58
Content-Type: application/json
X-Request-Id: 676426374697039014400

{"error":"not_found","request_id":"","routine":"MIOROUTE"}HTTP/1.1 404 Not Found
Connection: keep-alive
Content-Length: 58
Content-Type: application/json
X-Request-Id: 676426374697050114400

{"error":"not_found","request_id":"","routine":"MIOROUTE"}HTTP/1.1 404 Not Found
Connection: keep-alive
Content-Length: 58
Content-Type: application/json
X-Request-Id: 676426374697061214400

{"error":"not_found","request_id":"","routine":"MIOROUTE"}HTTP/1.1 404 Not Found
Connection: keep-alive
Content-Length: 58
Content-Type: application/json
X-Request-Id: 676426374697075914400

{"error":"not_found","request_id":"","routine":"MIOROUTE"}HTTP/1.1 404 Not Found
Connection: keep-alive
Content-Length: 58
Content-Type: application/json
X-Request-Id: 676426374697088414400

{"error":"not_found","request_id":"","routine":"MIOROUTE"}HTTP/1.1 404 Not Found
Connection: keep-alive
Content-Length: 58
Content-Type: application/json
X-Request-Id: 676426374697109314400

{"error":"not_found","request_id":"","routine":"MIOROUTE"}HTTP/1.1 404 Not Found
Connection: keep-alive
Content-Length: 58
Content-Type: application/json
X-Request-Id: 676426374697119714400

{"error":"not_found","request_id":"","routine":"MIOROUTE"}HTTP/1.1 404 Not Found
Connection: keep-alive
Content-Length: 58
Content-Type: application/json
X-Request-Id: 676426374697130914400

{"error":"not_found","request_id":"","routine":"MIOROUTE"}HTTP/1.1 404 Not Found
Connection: keep-alive
Content-Length: 58
Content-Type: application/json
X-Request-Id: 676426374697140914400

{"error":"not_found","request_id":"","routine":"MIOROUTE"}HTTP/1.1 404 Not Found
Connection: keep-alive
Content-Length: 58
Content-Type: application/json
X-Request-Id: 676426374697150314400

{"error":"not_found","request_id":"","routine":"MIOROUTE"}HTTP/1.1 404 Not Found
Connection: keep-alive
Content-Length: 58
Content-Type: application/json
X-Request-Id: 676426374697164814400

{"error":"not_found","request_id":"","routine":"MIOROUTE"}HTTP/1.1 404 Not Found
Connection: keep-alive
Content-Length: 58
Content-Type: application/json
X-Request-Id: 676426374697180114400

{"error":"not_found","request_id":"","routine":"MIOROUTE"}HTTP/1.1 404 Not Found
Connection: keep-alive
Content-Length: 58
Content-Type: application/json
X-Request-Id: 676426374697194914400

{"error":"not_found","request_id":"","routine":"MIOROUTE"}HTTP/1.1 404 Not Found
Connection: keep-alive
Content-Length: 58
Content-Type: application/json
X-Request-Id: 676426374697206414400

{"error":"not_found","request_id":"","routine":"MIOROUTE"}HTTP/1.1 404 Not Found
Connection: keep-alive
Content-Length: 58
Content-Type: application/json
X-Request-Id: 676426374697217914400

{"error":"not_found","request_id":"","routine":"MIOROUTE"}HTTP/1.1 404 Not Found
Connection: keep-alive
Content-Length: 58
Content-Type: application/json
X-Request-Id: 676426374697228714400

{"error":"not_found","request_id":"","routine":"MIOROUTE"}HTTP/1.1 404 Not Found
Connection: keep-alive
Content-Length: 58
Content-Type: application/json
X-Request-Id: 676426374697239714400

{"error":"not_found","request_id":"","routine":"MIOROUTE"}HTTP/1.1 404 Not Found
Connection: keep-alive
Content-Length: 58
Content-Type: application/json
X-Request-Id: 676426374697250514400

{"error":"not_found","request_id":"","routine":"MIOROUTE"}HTTP/1.1 404 Not Found
Connection: keep-alive
Content-Length: 58
Content-Type: application/json
X-Request-Id: 676426374697263114400

{"error":"not_found","request_id":"","routine":"MIOROUTE"}HTTP/1.1 404 Not Found
Connection: keep-alive
Content-Length: 58
Content-Type: application/json
X-Request-Id: 676426374697272914400

{"error":"not_found","request_id":"","routine":"MIOROUTE"}HTTP/1.1 404 Not Found
Connection: keep-alive
Content-Length: 58
Content-Type: application/json
X-Request-Id: 676426374697283214400

{"error":"not_found","request_id":"","routine":"MIOROUTE"}HTTP/1.1 404 Not Found
Connection: keep-alive
Content-Length: 58
Content-Type: application/json
X-Request-Id: 676426374697293514400

{"error":"not_found","request_id":"","routine":"MIOROUTE"}HTTP/1.1 404 Not Found
Connection: keep-alive
Content-Length: 58
Content-Type: application/json
X-Request-Id: 676426374697303614400

{"error":"not_found","request_id":"","routine":"MIOROUTE"}HTTP/1.1 404 Not Found
Connection: keep-alive
Content-Length: 58
Content-Type: application/json
X-Request-Id: 676426374697314214400

{"error":"not_found","request_id":"","routine":"MIOROUTE"}HTTP/1.1 404 Not Found
Connection: keep-alive
Content-Length: 58
Content-Type: application/json
X-Request-Id: 676426374697324414400

{"error":"not_found","request_id":"","routine":"MIOROUTE"}HTTP/1.1 404 Not Found
Connection: keep-alive
Content-Length: 58
Content-Type: application/json
X-Request-Id: 676426374697334714400

{"error":"not_found","request_id":"","routine":"MIOROUTE"}HTTP/1.1 404 Not Found
Connection: keep-alive
Content-Length: 58
Content-Type: application/json
X-Request-Id: 676426374697344814400

{"error":"not_found","request_id":"","routine":"MIOROUTE"}HTTP/1.1 404 Not Found
Connection: keep-alive
Content-Length: 58
Content-Type: application/json
X-Request-Id: 676426374697356214400

{"error":"not_found","request_id":"","routine":"MIOROUTE"}HTTP/1.1 404 Not Found
Connection: keep-alive
Content-Length: 58
Content-Type: application/json
X-Request-Id: 676426374697367114400

{"error":"not_found","request_id":"","routine":"MIOROUTE"}HTTP/1.1 404 Not Found
Connection: keep-alive
Content-Length: 58
Content-Type: application/json
X-Request-Id: 676426374697377614400

{"error":"not_found","request_id":"","routine":"MIOROUTE"}HTTP/1.1 404 Not Found
Connection: keep-alive
Content-Length: 58
Content-Type: application/json
X-Request-Id: 676426374697387614400

{"error":"not_found","request_id":"","routine":"MIOROUTE"}HTTP/1.1 404 Not Found
Connection: keep-alive
Content-Length: 58
Content-Type: application/json
X-Request-Id: 676426374697400214400

{"error":"not_found","request_id":"","routine":"MIOROUTE"}HTTP/1.1 404 Not Found
Connection: keep-alive
Content-Length: 58
Content-Type: application/json
X-Request-Id: 676426374697409914400

{"error":"not_found","request_id":"","routine":"MIOROUTE"}HTTP/1.1 404 Not Found
Connection: keep-alive
Content-Length: 58
Content-Type: application/json
X-Request-Id: 676426374697419814400

{"error":"not_found","request_id":"","routine":"MIOROUTE"}HTTP/1.1 404 Not Found
Connection: keep-alive
Content-Length: 58
Content-Type: application/json
X-Request-Id: 676426374697430214400

{"error":"not_found","request_id":"","routine":"MIOROUTE"}HTTP/1.1 404 Not Found
Connection: keep-alive
Content-Length: 58
Content-Type: application/json
X-Request-Id: 676426374697442014400

{"error":"not_found","request_id":"","routine":"MIOROUTE"}HTTP/1.1 404 Not Found
Connection: keep-alive
Content-Length: 58
Content-Type: application/json
X-Request-Id: 676426374697452314400

{"error":"not_found","request_id":"","routine":"MIOROUTE"}HTTP/1.1 404 Not Found
Connection: keep-alive
Content-Length: 58
Content-Type: application/json
X-Request-Id: 676426374697462714400

{"error":"not_found","request_id":"","routine":"MIOROUTE"}HTTP/1.1 404 Not Found
Connection: keep-alive
Content-Length: 58
Content-Type: application/json
X-Request-Id: 676426374697484014400

{"error":"not_found","request_id":"","routine":"MIOROUTE"}HTTP/1.1 404 Not Found
Connection: keep-alive
Content-Length: 58
Content-Type: application/json
X-Request-Id: 676426374697494714400

{"error":"not_found","request_id":"","routine":"MIOROUTE"}HTTP/1.1 404 Not Found
Connection: keep-alive
Content-Length: 58
Content-Type: application/json
X-Request-Id: 676426374697506614400

{"error":"not_found","request_id":"","routine":"MIOROUTE"}HTTP/1.1 404 Not Found
Connection: keep-alive
Content-Length: 58
Content-Type: application/json
X-Request-Id: 676426374697517914400

{"error":"not_found","request_id":"","routine":"MIOROUTE"}HTTP/1.1 404 Not Found
Connection: keep-alive
Content-Length: 58
Content-Type: application/json
X-Request-Id: 676426374697530514400

{"error":"not_found","request_id":"","routine":"MIOROUTE"}HTTP/1.1 404 Not Found
Connection: keep-alive
Content-Length: 58
Content-Type: application/json
X-Request-Id: 676426374697541914400

{"error":"not_found","request_id":"","routine":"MIOROUTE"}HTTP/1.1 404 Not Found
Connection: keep-alive
Content-Length: 58
Content-Type: application/json
X-Request-Id: 676426374697554214400

{"error":"not_found","request_id":"","routine":"MIOROUTE"}HTTP/1.1 404 Not Found
Connection: keep-alive
Content-Length: 58
Content-Type: application/json
X-Request-Id: 676426374697564914400

{"error":"not_found","request_id":"","routine":"MIOROUTE"}HTTP/1.1 404 Not Found
Connection: keep-alive
Content-Length: 58
Content-Type: application/json
X-Request-Id: 676426374697575814400

{"error":"not_found","request_id":"","routine":"MIOROUTE"}HTTP/1.1 404 Not Found
Connection: keep-alive
Content-Length: 58
Content-Type: application/json
X-Request-Id: 676426374697586114400

{"error":"not_found","request_id":"","routine":"MIOROUTE"}HTTP/1.1 404 Not Found
Connection: keep-alive
Content-Length: 58
Content-Type: application/json
X-Request-Id: 676426374697601814400

{"error":"not_found","request_id":"","routine":"MIOROUTE"}HTTP/1.1 404 Not Found
Connection: keep-alive
Content-Length: 58
Content-Type: application/json
X-Request-Id: 676426374697608714400

{"error":"not_found","request_id":"","routine":"MIOROUTE"}HTTP/1.1 404 Not Found
Connection: keep-alive
Content-Length: 58
Content-Type: application/json
X-Request-Id: 676426374697620614400

{"error":"not_found","request_id":"","routine":"MIOROUTE"}HTTP/1.1 404 Not Found
Connection: keep-alive
Content-Length: 58
Content-Type: application/json
X-Request-Id: 676426374697630914400

{"error":"not_found","request_id":"","routine":"MIOROUTE"}HTTP/1.1 404 Not Found
Connection: keep-alive
Content-Length: 58
Content-Type: application/json
X-Request-Id: 676426374697643214400

{"error":"not_found","request_id":"","routine":"MIOROUTE"}HTTP/1.1 404 Not Found
Connection: keep-alive
Content-Length: 58
Content-Type: application/json
X-Request-Id: 676426374697654214400

{"error":"not_found","request_id":"","routine":"MIOROUTE"}HTTP/1.1 404 Not Found
Connection: keep-alive
Content-Length: 58
Content-Type: application/json
X-Request-Id: 676426374697665314400

{"error":"not_found","request_id":"","routine":"MIOROUTE"}HTTP/1.1 404 Not Found
Connection: keep-alive
Content-Length: 58
Content-Type: application/json
X-Request-Id: 676426374697676414400

{"error":"not_found","request_id":"","routine":"MIOROUTE"}HTTP/1.1 404 Not Found
Connection: keep-alive
Content-Length: 58
Content-Type: application/json
X-Request-Id: 676426374697687514400

{"error":"not_found","request_id":"","routine":"MIOROUTE"}HTTP/1.1 404 Not Found
Connection: keep-alive
Content-Length: 58
Content-Type: application/json
X-Request-Id: 676426374697698714400

{"error":"not_found","request_id":"","routine":"MIOROUTE"}HTTP/1.1 404 Not Found
Connection: keep-alive
Content-Length: 58
Content-Type: application/json
X-Request-Id: 676426374697711214400

{"error":"not_found","request_id":"","routine":"MIOROUTE"}HTTP/1.1 404 Not Found
Connection: keep-alive
Content-Length: 58
Content-Type: application/json
X-Request-Id: 676426374697721714400

{"error":"not_found","request_id":"","routine":"MIOROUTE"}HTTP/1.1 404 Not Found
Connection: keep-alive
Content-Length: 58
Content-Type: application/json
X-Request-Id: 676426374697733714400

{"error":"not_found","request_id":"","routine":"MIOROUTE"}HTTP/1.1 404 Not Found
Connection: keep-alive
Content-Length: 58
Content-Type: application/json
X-Request-Id: 676426374697744514400

{"error":"not_found","request_id":"","routine":"MIOROUTE"}HTTP/1.1 404 Not Found
Connection: keep-alive
Content-Length: 58
Content-Type: application/json
X-Request-Id: 676426374697755514400

{"error":"not_found","request_id":"","routine":"MIOROUTE"}HTTP/1.1 404 Not Found
Connection: keep-alive
Content-Length: 58
Content-Type: application/json
X-Request-Id: 676426374697766714400

{"error":"not_found","request_id":"","routine":"MIOROUTE"}HTTP/1.1 404 Not Found
Connection: keep-alive
Content-Length: 58
Content-Type: application/json
X-Request-Id: 676426374697777714400

{"error":"not_found","request_id":"","routine":"MIOROUTE"}HTTP/1.1 404 Not Found
Connection: keep-alive
Content-Length: 58
Content-Type: application/json
X-Request-Id: 676426374697788914400

{"error":"not_found","request_id":"","routine":"MIOROUTE"}HTTP/1.1 404 Not Found
Connection: keep-alive
Content-Length: 58
Content-Type: application/json
X-Request-Id: 676426374697801314400

{"error":"not_found","request_id":"","routine":"MIOROUTE"}HTTP/1.1 404 Not Found
Connection: keep-alive
Content-Length: 58
Content-Type: application/json
X-Request-Id: 676426374697812214400

{"error":"not_found","request_id":"","routine":"MIOROUTE"}HTTP/1.1 404 Not Found
Connection: keep-alive
Content-Length: 58
Content-Type: application/json
X-Request-Id: 676426374697823514400

{"error":"not_found","request_id":"","routine":"MIOROUTE"}HTTP/1.1 404 Not Found
Connection: keep-alive
Content-Length: 58
Content-Type: application/json
X-Request-Id: 676426374697834614400

{"error":"not_found","request_id":"","routine":"MIOROUTE"}HTTP/1.1 404 Not Found
Connection: keep-alive
Content-Length: 58
Content-Type: application/json
X-Request-Id: 676426374697853714400

{"error":"not_found","request_id":"","routine":"MIOROUTE"}HTTP/1.1 404 Not Found
Connection: keep-alive
Content-Length: 58
Content-Type: application/json
X-Request-Id: 676426374697868314400

{"error":"not_found","request_id":"","routine":"MIOROUTE"}HTTP/1.1 404 Not Found
Connection: keep-alive
Content-Length: 58
Content-Type: application/json
X-Request-Id: 676426374697878714400

{"error":"not_found","request_id":"","routine":"MIOROUTE"}HTTP/1.1 404 Not Found
Connection: keep-alive
Content-Length: 58
Content-Type: application/json
X-Request-Id: 676426374697892814400

{"error":"not_found","request_id":"","routine":"MIOROUTE"}HTTP/1.1 404 Not Found
Connection: keep-alive
Content-Length: 58
Content-Type: application/json
X-Request-Id: 676426374697903314400

{"error":"not_found","request_id":"","routine":"MIOROUTE"}HTTP/1.1 404 Not Found
Connection: keep-alive
Content-Length: 58
Content-Type: application/json
X-Request-Id: 676426374697914414400

{"error":"not_found","request_id":"","routine":"MIOROUTE"}HTTP/1.1 404 Not Found
Connection: keep-alive
Content-Length: 58
Content-Type: application/json
X-Request-Id: 676426374697925514400

{"error":"not_found","request_id":"","routine":"MIOROUTE"}HTTP/1.1 404 Not Found
Connection: keep-alive
Content-Length: 58
Content-Type: application/json
X-Request-Id: 676426374697936714400

{"error":"not_found","request_id":"","routine":"MIOROUTE"}HTTP/1.1 404 Not Found
Connection: keep-alive
Content-Length: 58
Content-Type: application/json
X-Request-Id: 676426374697956414400

{"error":"not_found","request_id":"","routine":"MIOROUTE"}HTTP/1.1 404 Not Found
Connection: keep-alive
Content-Length: 58
Content-Type: application/json
X-Request-Id: 676426374697967914400

{"error":"not_found","request_id":"","routine":"MIOROUTE"}HTTP/1.1 404 Not Found
Connection: keep-alive
Content-Length: 58
Content-Type: application/json
X-Request-Id: 676426374697980714400

{"error":"not_found","request_id":"","routine":"MIOROUTE"}HTTP/1.1 404 Not Found
Connection: keep-alive
Content-Length: 58
Content-Type: application/json
X-Request-Id: 676426374697995014400

{"error":"not_found","request_id":"","routine":"MIOROUTE"}HTTP/1.1 404 Not Found
Connection: keep-alive
Content-Length: 58
Content-Type: application/json
X-Request-Id: 676426374698007714400

{"error":"not_found","request_id":"","routine":"MIOROUTE"}HTTP/1.1 404 Not Found
Connection: keep-alive
Content-Length: 58
Content-Type: application/json
X-Request-Id: 676426374698018514400

{"error":"not_found","request_id":"","routine":"MIOROUTE"}HTTP/1.1 404 Not Found
Connection: keep-alive
Content-Length: 58
Content-Type: application/json
X-Request-Id: 676426374698028014400

{"error":"not_found","request_id":"","routine":"MIOROUTE"}HTTP/1.1 404 Not Found
Connection: keep-alive
Content-Length: 58
Content-Type: application/json
X-Request-Id: 676426374698039514400

{"error":"not_found","request_id":"","routine":"MIOROUTE"}HTTP/1.1 404 Not Found
Connection: keep-alive
Content-Length: 58
Content-Type: application/json
X-Request-Id: 676426374698050114400

{"error":"not_found","request_id":"","routine":"MIOROUTE"}HTTP/1.1 404 Not Found
Connection: keep-alive
Content-Length: 58
Content-Type: application/json
X-Request-Id: 676426374698061114400

{"error":"not_found","request_id":"","routine":"MIOROUTE"}HTTP/1.1 404 Not Found
Connection: keep-alive
Content-Length: 58
Content-Type: application/json
X-Request-Id: 676426374698072414400

{"error":"not_found","request_id":"","routine":"MIOROUTE"}HTTP/1.1 404 Not Found
Connection: keep-alive
Content-Length: 58
Content-Type: application/json
X-Request-Id: 676426374698083514400

{"error":"not_found","request_id":"","routine":"MIOROUTE"}HTTP/1.1 404 Not Found
Connection: keep-alive
Content-Length: 58
Content-Type: application/json
X-Request-Id: 676426374698098914400

{"error":"not_found","request_id":"","routine":"MIOROUTE"}HTTP/1.1 404 Not Found
Connection: keep-alive
Content-Length: 58
Content-Type: application/json
X-Request-Id: 676426374698110914400

{"error":"not_found","request_id":"","routine":"MIOROUTE"}HTTP/1.1 404 Not Found
Connection: keep-alive
Content-Length: 58
Content-Type: application/json
X-Request-Id: 676426374698121314400

{"error":"not_found","request_id":"","routine":"MIOROUTE"}HTTP/1.1 404 Not Found
Connection: keep-alive
Content-Length: 58
Content-Type: application/json
X-Request-Id: 676426374698132114400

{"error":"not_found","request_id":"","routine":"MIOROUTE"}HTTP/1.1 404 Not Found
Connection: keep-alive
Content-Length: 58
Content-Type: application/json
X-Request-Id: 676426374698143014400

{"error":"not_found","request_id":"","routine":"MIOROUTE"}HTTP/1.1 404 Not Found
Connection: keep-alive
Content-Length: 58
Content-Type: application/json
X-Request-Id: 676426374698154114400

{"error":"not_found","request_id":"","routine":"MIOROUTE"}HTTP/1.1 404 Not Found
Connection: keep-alive
Content-Length: 58
Content-Type: application/json
X-Request-Id: 676426374698166514400

{"error":"not_found","request_id":"","routine":"MIOROUTE"}HTTP/1.1 404 Not Found
Connection: keep-alive
Content-Length: 58
Content-Type: application/json
X-Request-Id: 676426374698176914400

{"error":"not_found","request_id":"","routine":"MIOROUTE"}HTTP/1.1 404 Not Found
Connection: keep-alive
Content-Length: 58
Content-Type: application/json
X-Request-Id: 676426374698187814400

{"error":"not_found","request_id":"","routine":"MIOROUTE"}HTTP/1.1 404 Not Found
Connection: keep-alive
Content-Length: 58
Content-Type: application/json
X-Request-Id: 676426374698197514400

{"error":"not_found","request_id":"","routine":"MIOROUTE"}HTTP/1.1 404 Not Found
Connection: keep-alive
Content-Length: 58
Content-Type: application/json
X-Request-Id: 676426374698208214400

{"error":"not_found","request_id":"","routine":"MIOROUTE"}HTTP/1.1 404 Not Found
Connection: keep-alive
Content-Length: 58
Content-Type: application/json
X-Request-Id: 676426374698217914400

{"error":"not_found","request_id":"","routine":"MIOROUTE"}HTTP/1.1 404 Not Found
Connection: keep-alive
Content-Length: 58
Content-Type: application/json
X-Request-Id: 676426374698236014400

{"error":"not_found","request_id":"","routine":"MIOROUTE"}HTTP/1.1 404 Not Found
Connection: keep-alive
Content-Length: 58
Content-Type: application/json
X-Request-Id: 676426374698246314400

{"error":"not_found","request_id":"","routine":"MIOROUTE"}HTTP/1.1 404 Not Found
Connection: keep-alive
Content-Length: 58
Content-Type: application/json
X-Request-Id: 676426374698258914400

{"error":"not_found","request_id":"","routine":"MIOROUTE"}HTTP/1.1 404 Not Found
Connection: keep-alive
Content-Length: 58
Content-Type: application/json
X-Request-Id: 676426374698269514400

{"error":"not_found","request_id":"","routine":"MIOROUTE"}HTTP/1.1 404 Not Found
Connection: keep-alive
Content-Length: 58
Content-Type: application/json
X-Request-Id: 676426374698280214400

{"error":"not_found","request_id":"","routine":"MIOROUTE"}HTTP/1.1 404 Not Found
Connection: keep-alive
Content-Length: 58
Content-Type: application/json
X-Request-Id: 676426374698289914400

{"error":"not_found","request_id":"","routine":"MIOROUTE"}HTTP/1.1 404 Not Found
Connection: keep-alive
Content-Length: 58
Content-Type: application/json
X-Request-Id: 676426374698300714400

{"error":"not_found","request_id":"","routine":"MIOROUTE"}HTTP/1.1 404 Not Found
Connection: keep-alive
Content-Length: 58
Content-Type: application/json
X-Request-Id: 676426374698310314400

{"error":"not_found","request_id":"","routine":"MIOROUTE"}HTTP/1.1 404 Not Found
Connection: keep-alive
Content-Length: 58
Content-Type: application/json
X-Request-Id: 676426374698321114400

{"error":"not_found","request_id":"","routine":"MIOROUTE"}HTTP/1.1 404 Not Found
Connection: keep-alive
Content-Length: 58
Content-Type: application/json
X-Request-Id: 676426374698331314400

{"error":"not_found","request_id":"","routine":"MIOROUTE"}HTTP/1.1 404 Not Found
Connection: keep-alive
Content-Length: 58
Content-Type: application/json
X-Request-Id: 676426374698343914400

{"error":"not_found","request_id":"","routine":"MIOROUTE"}HTTP/1.1 404 Not Found
Connection: keep-alive
Content-Length: 58
Content-Type: application/json
X-Request-Id: 676426374698356714400

{"error":"not_found","request_id":"","routine":"MIOROUTE"}HTTP/1.1 404 Not Found
Connection: keep-alive
Content-Length: 58
Content-Type: application/json
X-Request-Id: 676426374698369214400

{"error":"not_found","request_id":"","routine":"MIOROUTE"}HTTP/1.1 404 Not Found
Connection: keep-alive
Content-Length: 58
Content-Type: application/json
X-Request-Id: 676426374698379614400

{"error":"not_found","request_id":"","routine":"MIOROUTE"}HTTP/1.1 404 Not Found
Connection: keep-alive
Content-Length: 58
Content-Type: application/json
X-Request-Id: 676426374698394514400

{"error":"not_found","request_id":"","routine":"MIOROUTE"}HTTP/1.1 404 Not Found
Connection: keep-alive
Content-Length: 58
Content-Type: application/json
X-Request-Id: 676426374698404614400

{"error":"not_found","request_id":"","routine":"MIOROUTE"}HTTP/1.1 404 Not Found
Connection: keep-alive
Content-Length: 58
Content-Type: application/json
X-Request-Id: 676426374698416114400

{"error":"not_found","request_id":"","routine":"MIOROUTE"}HTTP/1.1 404 Not Found
Connection: keep-alive
Content-Length: 58
Content-Type: application/json
X-Request-Id: 676426374698426514400

{"error":"not_found","request_id":"","routine":"MIOROUTE"}HTTP/1.1 404 Not Found
Connection: keep-alive
Content-Length: 58
Content-Type: application/json
X-Request-Id: 676426374698444414400

{"error":"not_found","request_id":"","routine":"MIOROUTE"}HTTP/1.1 404 Not Found
Connection: keep-alive
Content-Length: 58
Content-Type: application/json
X-Request-Id: 676426374698454414400

{"error":"not_found","request_id":"","routine":"MIOROUTE"}HTTP/1.1 404 Not Found
Connection: keep-alive
Content-Length: 58
Content-Type: application/json
X-Request-Id: 676426374698465114400

{"error":"not_found","request_id":"","routine":"MIOROUTE"}HTTP/1.1 404 Not Found
Connection: keep-alive
Content-Length: 58
Content-Type: application/json
X-Request-Id: 676426374698474814400

{"error":"not_found","request_id":"","routine":"MIOROUTE"}HTTP/1.1 404 Not Found
Connection: keep-alive
Content-Length: 58
Content-Type: application/json
X-Request-Id: 676426374698483814400

{"error":"not_found","request_id":"","routine":"MIOROUTE"}HTTP/1.1 404 Not Found
Connection: keep-alive
Content-Length: 58
Content-Type: application/json
X-Request-Id: 676426374698494814400

{"error":"not_found","request_id":"","routine":"MIOROUTE"}HTTP/1.1 404 Not Found
Connection: keep-alive
Content-Length: 58
Content-Type: application/json
X-Request-Id: 676426374698505714400

{"error":"not_found","request_id":"","routine":"MIOROUTE"}HTTP/1.1 404 Not Found
Connection: keep-alive
Content-Length: 58
Content-Type: application/json
X-Request-Id: 676426374698516114400

{"error":"not_found","request_id":"","routine":"MIOROUTE"}HTTP/1.1 404 Not Found
Connection: keep-alive
Content-Length: 58
Content-Type: application/json
X-Request-Id: 676426374698526714400

{"error":"not_found","request_id":"","routine":"MIOROUTE"}HTTP/1.1 404 Not Found
Connection: keep-alive
Content-Length: 58
Content-Type: application/json
X-Request-Id: 676426374698536214400

{"error":"not_found","request_id":"","routine":"MIOROUTE"}HTTP/1.1 404 Not Found
Connection: keep-alive
Content-Length: 58
Content-Type: application/json
X-Request-Id: 676426374698545314400

{"error":"not_found","request_id":"","routine":"MIOROUTE"}HTTP/1.1 404 Not Found
Connection: keep-alive
Content-Length: 58
Content-Type: application/json
X-Request-Id: 676426374698556314400

{"error":"not_found","request_id":"","routine":"MIOROUTE"}HTTP/1.1 404 Not Found
Connection: keep-alive
Content-Length: 58
Content-Type: application/json
X-Request-Id: 676426374698567214400

{"error":"not_found","request_id":"","routine":"MIOROUTE"}HTTP/1.1 404 Not Found
Connection: keep-alive
Content-Length: 58
Content-Type: application/json
X-Request-Id: 676426374698577614400

{"error":"not_found","request_id":"","routine":"MIOROUTE"}HTTP/1.1 404 Not Found
Connection: keep-alive
Content-Length: 58
Content-Type: application/json
X-Request-Id: 676426374698588214400

{"error":"not_found","request_id":"","routine":"MIOROUTE"}HTTP/1.1 404 Not Found
Connection: keep-alive
Content-Length: 58
Content-Type: application/json
X-Request-Id: 676426374698607114400

{"error":"not_found","request_id":"","routine":"MIOROUTE"}HTTP/1.1 404 Not Found
Connection: keep-alive
Content-Length: 58
Content-Type: application/json
X-Request-Id: 676426374698617114400

{"error":"not_found","request_id":"","routine":"MIOROUTE"}HTTP/1.1 404 Not Found
Connection: keep-alive
Content-Length: 58
Content-Type: application/json
X-Request-Id: 676426374698627814400

{"error":"not_found","request_id":"","routine":"MIOROUTE"}HTTP/1.1 404 Not Found
Connection: keep-alive
Content-Length: 58
Content-Type: application/json
X-Request-Id: 676426374698637614400

{"error":"not_found","request_id":"","routine":"MIOROUTE"}HTTP/1.1 404 Not Found
Connection: keep-alive
Content-Length: 58
Content-Type: application/json
X-Request-Id: 676426374698648214400

{"error":"not_found","request_id":"","routine":"MIOROUTE"}HTTP/1.1 404 Not Found
Connection: keep-alive
Content-Length: 58
Content-Type: application/json
X-Request-Id: 676426374698657914400

{"error":"not_found","request_id":"","routine":"MIOROUTE"}HTTP/1.1 404 Not Found
Connection: keep-alive
Content-Length: 58
Content-Type: application/json
X-Request-Id: 676426374698668514400

{"error":"not_found","request_id":"","routine":"MIOROUTE"}HTTP/1.1 404 Not Found
Connection: keep-alive
Content-Length: 58
Content-Type: application/json
X-Request-Id: 676426374698678114400

{"error":"not_found","request_id":"","routine":"MIOROUTE"}HTTP/1.1 404 Not Found
Connection: keep-alive
Content-Length: 58
Content-Type: application/json
X-Request-Id: 676426374698688714400

{"error":"not_found","request_id":"","routine":"MIOROUTE"}HTTP/1.1 404 Not Found
Connection: keep-alive
Content-Length: 58
Content-Type: application/json
X-Request-Id: 676426374698698414400

{"error":"not_found","request_id":"","routine":"MIOROUTE"}HTTP/1.1 404 Not Found
Connection: keep-alive
Content-Length: 58
Content-Type: application/json
X-Request-Id: 676426374698709014400

{"error":"not_found","request_id":"","routine":"MIOROUTE"}HTTP/1.1 404 Not Found
Connection: keep-alive
Content-Length: 58
Content-Type: application/json
X-Request-Id: 676426374698718714400

{"error":"not_found","request_id":"","routine":"MIOROUTE"}HTTP/1.1 404 Not Found
Connection: keep-alive
Content-Length: 58
Content-Type: application/json
X-Request-Id: 676426374698729414400

{"error":"not_found","request_id":"","routine":"MIOROUTE"}HTTP/1.1 404 Not Found
Connection: keep-alive
Content-Length: 58
Content-Type: application/json
X-Request-Id: 676426374698738914400

{"error":"not_found","request_id":"","routine":"MIOROUTE"}HTTP/1.1 404 Not Found
Connection: keep-alive
Content-Length: 58
Content-Type: application/json
X-Request-Id: 676426374698749314400

{"error":"not_found","request_id":"","routine":"MIOROUTE"}HTTP/1.1 404 Not Found
Connection: keep-alive
Content-Length: 58
Content-Type: application/json
X-Request-Id: 676426374698760314400

{"error":"not_found","request_id":"","routine":"MIOROUTE"}HTTP/1.1 404 Not Found
Connection: keep-alive
Content-Length: 58
Content-Type: application/json
X-Request-Id: 676426374698770614400

{"error":"not_found","request_id":"","routine":"MIOROUTE"}HTTP/1.1 404 Not Found
Connection: keep-alive
Content-Length: 58
Content-Type: application/json
X-Request-Id: 676426374698782014400

{"error":"not_found","request_id":"","routine":"MIOROUTE"}HTTP/1.1 404 Not Found
Connection: keep-alive
Content-Length: 58
Content-Type: application/json
X-Request-Id: 676426374698795614400

{"error":"not_found","request_id":"","routine":"MIOROUTE"}HTTP/1.1 404 Not Found
Connection: keep-alive
Content-Length: 58
Content-Type: application/json
X-Request-Id: 676426374698803414400

{"error":"not_found","request_id":"","routine":"MIOROUTE"}HTTP/1.1 404 Not Found
Connection: keep-alive
Content-Length: 58
Content-Type: application/json
X-Request-Id: 676426374698818414400

{"error":"not_found","request_id":"","routine":"MIOROUTE"}HTTP/1.1 404 Not Found
Connection: keep-alive
Content-Length: 58
Content-Type: application/json
X-Request-Id: 676426374698833814400

{"error":"not_found","request_id":"","routine":"MIOROUTE"}HTTP/1.1 404 Not Found
Connection: keep-alive
Content-Length: 58
Content-Type: application/json
X-Request-Id: 676426374698848514400

{"error":"not_found","request_id":"","routine":"MIOROUTE"}HTTP/1.1 404 Not Found
Connection: keep-alive
Content-Length: 58
Content-Type: application/json
X-Request-Id: 676426374698859114400

{"error":"not_found","request_id":"","routine":"MIOROUTE"}HTTP/1.1 404 Not Found
Connection: keep-alive
Content-Length: 58
Content-Type: application/json
X-Request-Id: 676426374698869814400

{"error":"not_found","request_id":"","routine":"MIOROUTE"}HTTP/1.1 404 Not Found
Connection: keep-alive
Content-Length: 58
Content-Type: application/json
X-Request-Id: 676426374698879414400

{"error":"not_found","request_id":"","routine":"MIOROUTE"}HTTP/1.1 404 Not Found
Connection: keep-alive
Content-Length: 58
Content-Type: application/json
X-Request-Id: 676426374698890214400

{"error":"not_found","request_id":"","routine":"MIOROUTE"}HTTP/1.1 404 Not Found
Connection: keep-alive
Content-Length: 58
Content-Type: application/json
X-Request-Id: 676426374698899814400

{"error":"not_found","request_id":"","routine":"MIOROUTE"}HTTP/1.1 404 Not Found
Connection: keep-alive
Content-Length: 58
Content-Type: application/json
X-Request-Id: 676426374698910414400

{"error":"not_found","request_id":"","routine":"MIOROUTE"}HTTP/1.1 404 Not Found
Connection: keep-alive
Content-Length: 58
Content-Type: application/json
X-Request-Id: 676426374698920014400

{"error":"not_found","request_id":"","routine":"MIOROUTE"}HTTP/1.1 404 Not Found
Connection: keep-alive
Content-Length: 58
Content-Type: application/json
X-Request-Id: 676426374698931114400

{"error":"not_found","request_id":"","routine":"MIOROUTE"}HTTP/1.1 404 Not Found
Connection: keep-alive
Content-Length: 58
Content-Type: application/json
X-Request-Id: 676426374698941414400

{"error":"not_found","request_id":"","routine":"MIOROUTE"}HTTP/1.1 404 Not Found
Connection: keep-alive
Content-Length: 58
Content-Type: application/json
X-Request-Id: 676426374698960114400

{"error":"not_found","request_id":"","routine":"MIOROUTE"}HTTP/1.1 404 Not Found
Connection: keep-alive
Content-Length: 58
Content-Type: application/json
X-Request-Id: 676426374698970214400

{"error":"not_found","request_id":"","routine":"MIOROUTE"}HTTP/1.1 404 Not Found
Connection: keep-alive
Content-Length: 58
Content-Type: application/json
X-Request-Id: 676426374698979414400

{"error":"not_found","request_id":"","routine":"MIOROUTE"}HTTP/1.1 404 Not Found
Connection: keep-alive
Content-Length: 58
Content-Type: application/json
X-Request-Id: 676426374698990714400

{"error":"not_found","request_id":"","routine":"MIOROUTE"}HTTP/1.1 404 Not Found
Connection: keep-alive
Content-Length: 58
Content-Type: application/json
X-Request-Id: 676426374699001114400

{"error":"not_found","request_id":"","routine":"MIOROUTE"}HTTP/1.1 404 Not Found
Connection: keep-alive
Content-Length: 58
Content-Type: application/json
X-Request-Id: 676426374699011714400

{"error":"not_found","request_id":"","routine":"MIOROUTE"}HTTP/1.1 404 Not Found
Connection: keep-alive
Content-Length: 58
Content-Type: application/json
X-Request-Id: 676426374699021314400

{"error":"not_found","request_id":"","routine":"MIOROUTE"}HTTP/1.1 404 Not Found
Connection: keep-alive
Content-Length: 58
Content-Type: application/json
X-Request-Id: 676426374699030514400

{"error":"not_found","request_id":"","routine":"MIOROUTE"}HTTP/1.1 404 Not Found
Connection: keep-alive
Content-Length: 58
Content-Type: application/json
X-Request-Id: 676426374699041014400

{"error":"not_found","request_id":"","routine":"MIOROUTE"}HTTP/1.1 404 Not Found
Connection: keep-alive
Content-Length: 58
Content-Type: application/json
X-Request-Id: 676426374699051614400

{"error":"not_found","request_id":"","routine":"MIOROUTE"}HTTP/1.1 404 Not Found
Connection: keep-alive
Content-Length: 58
Content-Type: application/json
X-Request-Id: 676426374699063014400

{"error":"not_found","request_id":"","routine":"MIOROUTE"}HTTP/1.1 404 Not Found
Connection: keep-alive
Content-Length: 58
Content-Type: application/json
X-Request-Id: 676426374699073314400

{"error":"not_found","request_id":"","routine":"MIOROUTE"}HTTP/1.1 404 Not Found
Connection: keep-alive
Content-Length: 58
Content-Type: application/json
X-Request-Id: 676426374699084014400

{"error":"not_found","request_id":"","routine":"MIOROUTE"}HTTP/1.1 404 Not Found
Connection: keep-alive
Content-Length: 58
Content-Type: application/json
X-Request-Id: 676426374699093614400

{"error":"not_found","request_id":"","routine":"MIOROUTE"}HTTP/1.1 404 Not Found
Connection: keep-alive
Content-Length: 58
Content-Type: application/json
X-Request-Id: 676426374699102614400

{"error":"not_found","request_id":"","routine":"MIOROUTE"}HTTP/1.1 404 Not Found
Connection: keep-alive
Content-Length: 58
Content-Type: application/json
X-Request-Id: 676426374699113114400

{"error":"not_found","request_id":"","routine":"MIOROUTE"}HTTP/1.1 404 Not Found
Connection: keep-alive
Content-Length: 58
Content-Type: application/json
X-Request-Id: 676426374699123814400

{"error":"not_found","request_id":"","routine":"MIOROUTE"}HTTP/1.1 404 Not Found
Connection: keep-alive
Content-Length: 58
Content-Type: application/json
X-Request-Id: 676426374699133714400

{"error":"not_found","request_id":"","routine":"MIOROUTE"}HTTP/1.1 404 Not Found
Connection: keep-alive
Content-Length: 58
Content-Type: application/json
X-Request-Id: 676426374699144214400

{"error":"not_found","request_id":"","routine":"MIOROUTE"}HTTP/1.1 404 Not Found
Connection: keep-alive
Content-Length: 58
Content-Type: application/json
X-Request-Id: 676426374699155414400

{"error":"not_found","request_id":"","routine":"MIOROUTE"}HTTP/1.1 404 Not Found
Connection: keep-alive
Content-Length: 58
Content-Type: application/json
X-Request-Id: 676426374699165014400

{"error":"not_found","request_id":"","routine":"MIOROUTE"}HTTP/1.1 404 Not Found
Connection: keep-alive
Content-Length: 58
Content-Type: application/json
X-Request-Id: 676426374699175614400

{"error":"not_found","request_id":"","routine":"MIOROUTE"}HTTP/1.1 404 Not Found
Connection: keep-alive
Content-Length: 58
Content-Type: application/json
X-Request-Id: 676426374699185214400

{"error":"not_found","request_id":"","routine":"MIOROUTE"}HTTP/1.1 404 Not Found
Connection: keep-alive
Content-Length: 58
Content-Type: application/json
X-Request-Id: 676426374699197614400

{"error":"not_found","request_id":"","routine":"MIOROUTE"}HTTP/1.1 404 Not Found
Connection: keep-alive
Content-Length: 58
Content-Type: application/json
X-Request-Id: 676426374699209414400

{"error":"not_found","request_id":"","routine":"MIOROUTE"}HTTP/1.1 404 Not Found
Connection: keep-alive
Content-Length: 58
Content-Type: application/json
X-Request-Id: 676426374699219114400

{"error":"not_found","request_id":"","routine":"MIOROUTE"}HTTP/1.1 404 Not Found
Connection: keep-alive
Content-Length: 58
Content-Type: application/json
X-Request-Id: 676426374699228114400

{"error":"not_found","request_id":"","routine":"MIOROUTE"}HTTP/1.1 404 Not Found
Connection: keep-alive
Content-Length: 58
Content-Type: application/json
X-Request-Id: 676426374699239214400

{"error":"not_found","request_id":"","routine":"MIOROUTE"}HTTP/1.1 404 Not Found
Connection: keep-alive
Content-Length: 58
Content-Type: application/json
X-Request-Id: 676426374699249614400

{"error":"not_found","request_id":"","routine":"MIOROUTE"}HTTP/1.1 404 Not Found
Connection: keep-alive
Content-Length: 58
Content-Type: application/json
X-Request-Id: 676426374699260214400

{"error":"not_found","request_id":"","routine":"MIOROUTE"}HTTP/1.1 404 Not Found
Connection: keep-alive
Content-Length: 58
Content-Type: application/json
X-Request-Id: 676426374699269814400

{"error":"not_found","request_id":"","routine":"MIOROUTE"}HTTP/1.1 404 Not Found
Connection: keep-alive
Content-Length: 58
Content-Type: application/json
X-Request-Id: 676426374699281914400

{"error":"not_found","request_id":"","routine":"MIOROUTE"}HTTP/1.1 404 Not Found
Connection: keep-alive
Content-Length: 58
Content-Type: application/json
X-Request-Id: 676426374699300614400

{"error":"not_found","request_id":"","routine":"MIOROUTE"}HTTP/1.1 404 Not Found
Connection: keep-alive
Content-Length: 58
Content-Type: application/json
X-Request-Id: 676426374699310614400

{"error":"not_found","request_id":"","routine":"MIOROUTE"}HTTP/1.1 404 Not Found
Connection: keep-alive
Content-Length: 58
Content-Type: application/json
X-Request-Id: 676426374699321314400

{"error":"not_found","request_id":"","routine":"MIOROUTE"}HTTP/1.1 404 Not Found
Connection: keep-alive
Content-Length: 58
Content-Type: application/json
X-Request-Id: 676426374699331014400

{"error":"not_found","request_id":"","routine":"MIOROUTE"}HTTP/1.1 404 Not Found
Connection: keep-alive
Content-Length: 58
Content-Type: application/json
X-Request-Id: 676426374699341614400

{"error":"not_found","request_id":"","routine":"MIOROUTE"}HTTP/1.1 404 Not Found
Connection: keep-alive
Content-Length: 58
Content-Type: application/json
X-Request-Id: 676426374699351214400

{"error":"not_found","request_id":"","routine":"MIOROUTE"}HTTP/1.1 404 Not Found
Connection: keep-alive
Content-Length: 58
Content-Type: application/json
X-Request-Id: 676426374699362714400

{"error":"not_found","request_id":"","routine":"MIOROUTE"}HTTP/1.1 404 Not Found
Connection: keep-alive
Content-Length: 58
Content-Type: application/json
X-Request-Id: 676426374699372314400

{"error":"not_found","request_id":"","routine":"MIOROUTE"}HTTP/1.1 404 Not Found
Connection: keep-alive
Content-Length: 58
Content-Type: application/json
X-Request-Id: 676426374699382814400

{"error":"not_found","request_id":"","routine":"MIOROUTE"}HTTP/1.1 404 Not Found
Connection: keep-alive
Content-Length: 58
Content-Type: application/json
X-Request-Id: 676426374699392414400

{"error":"not_found","request_id":"","routine":"MIOROUTE"}HTTP/1.1 404 Not Found
Connection: keep-alive
Content-Length: 58
Content-Type: application/json
X-Request-Id: 676426374699403014400

{"error":"not_found","request_id":"","routine":"MIOROUTE"}HTTP/1.1 404 Not Found
Connection: keep-alive
Content-Length: 58
Content-Type: application/json
X-Request-Id: 676426374699412514400

{"error":"not_found","request_id":"","routine":"MIOROUTE"}HTTP/1.1 404 Not Found
Connection: keep-alive
Content-Length: 58
Content-Type: application/json
X-Request-Id: 676426374699421514400

{"error":"not_found","request_id":"","routine":"MIOROUTE"}HTTP/1.1 404 Not Found
Connection: keep-alive
Content-Length: 58
Content-Type: application/json
X-Request-Id: 676426374699432114400

{"error":"not_found","request_id":"","routine":"MIOROUTE"}HTTP/1.1 404 Not Found
Connection: keep-alive
Content-Length: 58
Content-Type: application/json
X-Request-Id: 676426374699442614400

{"error":"not_found","request_id":"","routine":"MIOROUTE"}HTTP/1.1 404 Not Found
Connection: keep-alive
Content-Length: 58
Content-Type: application/json
X-Request-Id: 676426374699453614400

{"error":"not_found","request_id":"","routine":"MIOROUTE"}HTTP/1.1 404 Not Found
Connection: keep-alive
Content-Length: 58
Content-Type: application/json
X-Request-Id: 676426374699462714400

{"error":"not_found","request_id":"","routine":"MIOROUTE"}HTTP/1.1 404 Not Found
Connection: keep-alive
Content-Length: 58
Content-Type: application/json
X-Request-Id: 676426374699469614400

{"error":"not_found","request_id":"","routine":"MIOROUTE"}HTTP/1.1 404 Not Found
Connection: keep-alive
Content-Length: 58
Content-Type: application/json
X-Request-Id: 676426374699479714400

{"error":"not_found","request_id":"","routine":"MIOROUTE"}HTTP/1.1 404 Not Found
Connection: keep-alive
Content-Length: 58
Content-Type: application/json
X-Request-Id: 676426374699490214400

{"error":"not_found","request_id":"","routine":"MIOROUTE"}HTTP/1.1 404 Not Found
Connection: keep-alive
Content-Length: 58
Content-Type: application/json
X-Request-Id: 676426374699501714400

{"error":"not_found","request_id":"","routine":"MIOROUTE"}HTTP/1.1 404 Not Found
Connection: keep-alive
Content-Length: 58
Content-Type: application/json
X-Request-Id: 676426374699512014400

{"error":"not_found","request_id":"","routine":"MIOROUTE"}HTTP/1.1 404 Not Found
Connection: keep-alive
Content-Length: 58
Content-Type: application/json
X-Request-Id: 676426374699521414400

{"error":"not_found","request_id":"","routine":"MIOROUTE"}HTTP/1.1 404 Not Found
Connection: keep-alive
Content-Length: 58
Content-Type: application/json
X-Request-Id: 676426374699531714400

{"error":"not_found","request_id":"","routine":"MIOROUTE"}HTTP/1.1 404 Not Found
Connection: keep-alive
Content-Length: 58
Content-Type: application/json
X-Request-Id: 676426374699542314400

{"error":"not_found","request_id":"","routine":"MIOROUTE"}HTTP/1.1 404 Not Found
Connection: keep-alive
Content-Length: 58
Content-Type: application/json
X-Request-Id: 676426374699553114400

{"error":"not_found","request_id":"","routine":"MIOROUTE"}HTTP/1.1 404 Not Found
Connection: keep-alive
Content-Length: 58
Content-Type: application/json
X-Request-Id: 676426374699563414400

{"error":"not_found","request_id":"","routine":"MIOROUTE"}HTTP/1.1 404 Not Found
Connection: keep-alive
Content-Length: 58
Content-Type: application/json
X-Request-Id: 676426374699572514400

{"error":"not_found","request_id":"","routine":"MIOROUTE"}HTTP/1.1 404 Not Found
Connection: keep-alive
Content-Length: 58
Content-Type: application/json
X-Request-Id: 676426374699583014400

{"error":"not_found","request_id":"","routine":"MIOROUTE"}HTTP/1.1 404 Not Found
Connection: keep-alive
Content-Length: 58
Content-Type: application/json
X-Request-Id: 676426374699595514400

{"error":"not_found","request_id":"","routine":"MIOROUTE"}HTTP/1.1 404 Not Found
Connection: keep-alive
Content-Length: 58
Content-Type: application/json
X-Request-Id: 676426374699605814400

{"error":"not_found","request_id":"","routine":"MIOROUTE"}HTTP/1.1 404 Not Found
Connection: keep-alive
Content-Length: 58
Content-Type: application/json
X-Request-Id: 676426374699616414400

{"error":"not_found","request_id":"","routine":"MIOROUTE"}HTTP/1.1 404 Not Found
Connection: keep-alive
Content-Length: 58
Content-Type: application/json
X-Request-Id: 676426374699626114400

{"error":"not_found","request_id":"","routine":"MIOROUTE"}HTTP/1.1 404 Not Found
Connection: keep-alive
Content-Length: 58
Content-Type: application/json
X-Request-Id: 676426374699643514400

{"error":"not_found","request_id":"","routine":"MIOROUTE"}HTTP/1.1 404 Not Found
Connection: keep-alive
Content-Length: 58
Content-Type: application/json
X-Request-Id: 676426374699653514400

{"error":"not_found","request_id":"","routine":"MIOROUTE"}HTTP/1.1 404 Not Found
Connection: keep-alive
Content-Length: 58
Content-Type: application/json
X-Request-Id: 676426374699664314400

{"error":"not_found","request_id":"","routine":"MIOROUTE"}HTTP/1.1 404 Not Found
Connection: keep-alive
Content-Length: 58
Content-Type: application/json
X-Request-Id: 676426374699674014400

{"error":"not_found","request_id":"","routine":"MIOROUTE"}HTTP/1.1 404 Not Found
Connection: keep-alive
Content-Length: 58
Content-Type: application/json
X-Request-Id: 676426374699684614400

{"error":"not_found","request_id":"","routine":"MIOROUTE"}HTTP/1.1 404 Not Found
Connection: keep-alive
Content-Length: 58
Content-Type: application/json
X-Request-Id: 676426374699698614400

{"error":"not_found","request_id":"","routine":"MIOROUTE"}HTTP/1.1 404 Not Found
Connection: keep-alive
Content-Length: 58
Content-Type: application/json
X-Request-Id: 676426374699714114400

{"error":"not_found","request_id":"","routine":"MIOROUTE"}HTTP/1.1 404 Not Found
Connection: keep-alive
Content-Length: 58
Content-Type: application/json
X-Request-Id: 676426374699725514400

{"error":"not_found","request_id":"","routine":"MIOROUTE"}HTTP/1.1 404 Not Found
Connection: keep-alive
Content-Length: 58
Content-Type: application/json
X-Request-Id: 676426374699736514400

{"error":"not_found","request_id":"","routine":"MIOROUTE"}HTTP/1.1 404 Not Found
Connection: keep-alive
Content-Length: 58
Content-Type: application/json
X-Request-Id: 676426374699747514400

{"error":"not_found","request_id":"","routine":"MIOROUTE"}HTTP/1.1 404 Not Found
Connection: keep-alive
Content-Length: 58
Content-Type: application/json
X-Request-Id: 676426374699758414400

{"error":"not_found","request_id":"","routine":"MIOROUTE"}HTTP/1.1 404 Not Found
Connection: keep-alive
Content-Length: 58
Content-Type: application/json
X-Request-Id: 676426374699768814400

{"error":"not_found","request_id":"","routine":"MIOROUTE"}HTTP/1.1 404 Not Found
Connection: keep-alive
Content-Length: 58
Content-Type: application/json
X-Request-Id: 676426374699779514400

{"error":"not_found","request_id":"","routine":"MIOROUTE"}HTTP/1.1 404 Not Found
Connection: keep-alive
Content-Length: 58
Content-Type: application/json
X-Request-Id: 676426374699789114400

{"error":"not_found","request_id":"","routine":"MIOROUTE"}HTTP/1.1 404 Not Found
Connection: keep-alive
Content-Length: 58
Content-Type: application/json
X-Request-Id: 676426374699799714400

{"error":"not_found","request_id":"","routine":"MIOROUTE"}HTTP/1.1 404 Not Found
Connection: keep-alive
Content-Length: 58
Content-Type: application/json
X-Request-Id: 676426374699809314400

{"error":"not_found","request_id":"","routine":"MIOROUTE"}HTTP/1.1 404 Not Found
Connection: keep-alive
Content-Length: 58
Content-Type: application/json
X-Request-Id: 676426374699819714400

{"error":"not_found","request_id":"","routine":"MIOROUTE"}HTTP/1.1 404 Not Found
Connection: keep-alive
Content-Length: 58
Content-Type: application/json
X-Request-Id: 676426374699829314400

{"error":"not_found","request_id":"","routine":"MIOROUTE"}HTTP/1.1 404 Not Found
Connection: keep-alive
Content-Length: 58
Content-Type: application/json
X-Request-Id: 676426374699839714400

{"error":"not_found","request_id":"","routine":"MIOROUTE"}HTTP/1.1 404 Not Found
Connection: keep-alive
Content-Length: 58
Content-Type: application/json
X-Request-Id: 676426374699849314400

{"error":"not_found","request_id":"","routine":"MIOROUTE"}HTTP/1.1 404 Not Found
Connection: keep-alive
Content-Length: 58
Content-Type: application/json
X-Request-Id: 676426374699859714400

{"error":"not_found","request_id":"","routine":"MIOROUTE"}HTTP/1.1 404 Not Found
Connection: keep-alive
Content-Length: 58
Content-Type: application/json
X-Request-Id: 676426374699869314400

{"error":"not_found","request_id":"","routine":"MIOROUTE"}HTTP/1.1 404 Not Found
Connection: keep-alive
Content-Length: 58
Content-Type: application/json
X-Request-Id: 676426374699879814400

{"error":"not_found","request_id":"","routine":"MIOROUTE"}HTTP/1.1 404 Not Found
Connection: keep-alive
Content-Length: 58
Content-Type: application/json
X-Request-Id: 676426374699889314400

{"error":"not_found","request_id":"","routine":"MIOROUTE"}HTTP/1.1 404 Not Found
Connection: keep-alive
Content-Length: 58
Content-Type: application/json
X-Request-Id: 676426374699899814400

{"error":"not_found","request_id":"","routine":"MIOROUTE"}HTTP/1.1 404 Not Found
Connection: keep-alive
Content-Length: 58
Content-Type: application/json
X-Request-Id: 676426374699909814400

{"error":"not_found","request_id":"","routine":"MIOROUTE"}HTTP/1.1 404 Not Found
Connection: keep-alive
Content-Length: 58
Content-Type: application/json
X-Request-Id: 676426374699923114400

{"error":"not_found","request_id":"","routine":"MIOROUTE"}HTTP/1.1 404 Not Found
Connection: keep-alive
Content-Length: 58
Content-Type: application/json
X-Request-Id: 676426374699934314400

{"error":"not_found","request_id":"","routine":"MIOROUTE"}HTTP/1.1 404 Not Found
Connection: keep-alive
Content-Length: 58
Content-Type: application/json
X-Request-Id: 676426374699945414400

{"error":"not_found","request_id":"","routine":"MIOROUTE"}HTTP/1.1 404 Not Found
Connection: keep-alive
Content-Length: 58
Content-Type: application/json
X-Request-Id: 676426374699957714400

{"error":"not_found","request_id":"","routine":"MIOROUTE"}HTTP/1.1 404 Not Found
Connection: keep-alive
Content-Length: 58
Content-Type: application/json
X-Request-Id: 676426374699967914400

{"error":"not_found","request_id":"","routine":"MIOROUTE"}HTTP/1.1 404 Not Found
Connection: keep-alive
Content-Length: 58
Content-Type: application/json
X-Request-Id: 676426374699978414400

{"error":"not_found","request_id":"","routine":"MIOROUTE"}HTTP/1.1 404 Not Found
Connection: keep-alive
Content-Length: 58
Content-Type: application/json
X-Request-Id: 676426374711614400

{"error":"not_found","request_id":"","routine":"MIOROUTE"}HTTP/1.1 404 Not Found
Connection: keep-alive
Content-Length: 58
Content-Type: application/json
X-Request-Id: 676426374725014400

{"error":"not_found","request_id":"","routine":"MIOROUTE"}HTTP/1.1 404 Not Found
Connection: keep-alive
Content-Length: 58
Content-Type: application/json
X-Request-Id: 676426374735114400

{"error":"not_found","request_id":"","routine":"MIOROUTE"}HTTP/1.1 404 Not Found
Connection: keep-alive
Content-Length: 58
Content-Type: application/json
X-Request-Id: 676426374747914400

{"error":"not_found","request_id":"","routine":"MIOROUTE"}HTTP/1.1 404 Not Found
Connection: keep-alive
Content-Length: 58
Content-Type: application/json
X-Request-Id: 676426374758914400

{"error":"not_found","request_id":"","routine":"MIOROUTE"}HTTP/1.1 404 Not Found
Connection: keep-alive
Content-Length: 58
Content-Type: application/json
X-Request-Id: 676426374771214400

{"error":"not_found","request_id":"","routine":"MIOROUTE"}HTTP/1.1 404 Not Found
Connection: keep-alive
Content-Length: 58
Content-Type: application/json
X-Request-Id: 676426374781814400

{"error":"not_found","request_id":"","routine":"MIOROUTE"}HTTP/1.1 404 Not Found
Connection: keep-alive
Content-Length: 58
Content-Type: application/json
X-Request-Id: 676426374794014400

{"error":"not_found","request_id":"","routine":"MIOROUTE"}HTTP/1.1 404 Not Found
Connection: keep-alive
Content-Length: 58
Content-Type: application/json
X-Request-Id: 6764263747104614400

{"error":"not_found","request_id":"","routine":"MIOROUTE"}HTTP/1.1 404 Not Found
Connection: keep-alive
Content-Length: 58
Content-Type: application/json
X-Request-Id: 6764263747115814400

{"error":"not_found","request_id":"","routine":"MIOROUTE"}HTTP/1.1 404 Not Found
Connection: keep-alive
Content-Length: 58
Content-Type: application/json
X-Request-Id: 6764263747125914400

{"error":"not_found","request_id":"","routine":"MIOROUTE"}HTTP/1.1 404 Not Found
Connection: keep-alive
Content-Length: 58
Content-Type: application/json
X-Request-Id: 6764263747136814400

{"error":"not_found","request_id":"","routine":"MIOROUTE"}HTTP/1.1 404 Not Found
Connection: keep-alive
Content-Length: 58
Content-Type: application/json
X-Request-Id: 6764263747146814400

{"error":"not_found","request_id":"","routine":"MIOROUTE"}HTTP/1.1 404 Not Found
Connection: keep-alive
Content-Length: 58
Content-Type: application/json
X-Request-Id: 6764263747157714400

{"error":"not_found","request_id":"","routine":"MIOROUTE"}HTTP/1.1 404 Not Found
Connection: keep-alive
Content-Length: 58
Content-Type: application/json
X-Request-Id: 6764263747167514400

{"error":"not_found","request_id":"","routine":"MIOROUTE"}HTTP/1.1 404 Not Found
Connection: keep-alive
Content-Length: 58
Content-Type: application/json
X-Request-Id: 6764263747178314400

{"error":"not_found","request_id":"","routine":"MIOROUTE"}HTTP/1.1 404 Not Found
Connection: keep-alive
Content-Length: 58
Content-Type: application/json
X-Request-Id: 6764263747188114400

{"error":"not_found","request_id":"","routine":"MIOROUTE"}HTTP/1.1 404 Not Found
Connection: keep-alive
Content-Length: 58
Content-Type: application/json
X-Request-Id: 6764263747199314400

{"error":"not_found","request_id":"","routine":"MIOROUTE"}HTTP/1.1 404 Not Found
Connection: keep-alive
Content-Length: 58
Content-Type: application/json
X-Request-Id: 6764263747209814400

{"error":"not_found","request_id":"","routine":"MIOROUTE"}HTTP/1.1 404 Not Found
Connection: keep-alive
Content-Length: 58
Content-Type: application/json
X-Request-Id: 6764263747220514400

{"error":"not_found","request_id":"","routine":"MIOROUTE"}HTTP/1.1 404 Not Found
Connection: keep-alive
Content-Length: 58
Content-Type: application/json
X-Request-Id: 6764263747230314400

{"error":"not_found","request_id":"","routine":"MIOROUTE"}HTTP/1.1 404 Not Found
Connection: keep-alive
Content-Length: 58
Content-Type: application/json
X-Request-Id: 6764263747241014400

{"error":"not_found","request_id":"","routine":"MIOROUTE"}HTTP/1.1 404 Not Found
Connection: keep-alive
Content-Length: 58
Content-Type: application/json
X-Request-Id: 6764263747251114400

{"error":"not_found","request_id":"","routine":"MIOROUTE"}HTTP/1.1 404 Not Found
Connection: keep-alive
Content-Length: 58
Content-Type: application/json
X-Request-Id: 6764263747261614400

{"error":"not_found","request_id":"","routine":"MIOROUTE"}HTTP/1.1 404 Not Found
Connection: keep-alive
Content-Length: 58
Content-Type: application/json
X-Request-Id: 6764263747272314400

{"error":"not_found","request_id":"","routine":"MIOROUTE"}HTTP/1.1 404 Not Found
Connection: keep-alive
Content-Length: 58
Content-Type: application/json
X-Request-Id: 6764263747282114400

{"error":"not_found","request_id":"","routine":"MIOROUTE"}HTTP/1.1 404 Not Found
Connection: keep-alive
Content-Length: 58
Content-Type: application/json
X-Request-Id: 6764263747292714400

{"error":"not_found","request_id":"","routine":"MIOROUTE"}HTTP/1.1 404 Not Found
Connection: keep-alive
Content-Length: 58
Content-Type: application/json
X-Request-Id: 6764263747302314400

{"error":"not_found","request_id":"","routine":"MIOROUTE"}HTTP/1.1 404 Not Found
Connection: keep-alive
Content-Length: 58
Content-Type: application/json
X-Request-Id: 6764263747312914400

{"error":"not_found","request_id":"","routine":"MIOROUTE"}HTTP/1.1 404 Not Found
Connection: keep-alive
Content-Length: 58
Content-Type: application/json
X-Request-Id: 6764263747322614400

{"error":"not_found","request_id":"","routine":"MIOROUTE"}HTTP/1.1 404 Not Found
Connection: keep-alive
Content-Length: 58
Content-Type: application/json
X-Request-Id: 6764263747333214400

{"error":"not_found","request_id":"","routine":"MIOROUTE"}HTTP/1.1 404 Not Found
Connection: keep-alive
Content-Length: 58
Content-Type: application/json
X-Request-Id: 6764263747342814400

{"error":"not_found","request_id":"","routine":"MIOROUTE"}HTTP/1.1 404 Not Found
Connection: keep-alive
Content-Length: 58
Content-Type: application/json
X-Request-Id: 6764263747354014400

{"error":"not_found","request_id":"","routine":"MIOROUTE"}HTTP/1.1 404 Not Found
Connection: keep-alive
Content-Length: 58
Content-Type: application/json
X-Request-Id: 6764263747372714400

{"error":"not_found","request_id":"","routine":"MIOROUTE"}HTTP/1.1 404 Not Found
Connection: keep-alive
Content-Length: 58
Content-Type: application/json
X-Request-Id: 6764263747383414400

{"error":"not_found","request_id":"","routine":"MIOROUTE"}HTTP/1.1 404 Not Found
Connection: keep-alive
Content-Length: 58
Content-Type: application/json
X-Request-Id: 6764263747397614400

{"error":"not_found","request_id":"","routine":"MIOROUTE"}HTTP/1.1 404 Not Found
Connection: keep-alive
Content-Length: 58
Content-Type: application/json
X-Request-Id: 6764263747409714400

{"error":"not_found","request_id":"","routine":"MIOROUTE"}HTTP/1.1 404 Not Found
Connection: keep-alive
Content-Length: 58
Content-Type: application/json
X-Request-Id: 6764263747420814400

{"error":"not_found","request_id":"","routine":"MIOROUTE"}HTTP/1.1 404 Not Found
Connection: keep-alive
Content-Length: 58
Content-Type: application/json
X-Request-Id: 6764263747432014400

{"error":"not_found","request_id":"","routine":"MIOROUTE"}HTTP/1.1 404 Not Found
Connection: keep-alive
Content-Length: 58
Content-Type: application/json
X-Request-Id: 6764263747442814400

{"error":"not_found","request_id":"","routine":"MIOROUTE"}HTTP/1.1 404 Not Found
Connection: keep-alive
Content-Length: 58
Content-Type: application/json
X-Request-Id: 6764263747454614400

{"error":"not_found","request_id":"","routine":"MIOROUTE"}HTTP/1.1 404 Not Found
Connection: keep-alive
Content-Length: 58
Content-Type: application/json
X-Request-Id: 6764263747465014400

{"error":"not_found","request_id":"","routine":"MIOROUTE"}HTTP/1.1 404 Not Found
Connection: keep-alive
Content-Length: 58
Content-Type: application/json
X-Request-Id: 6764263747476714400

{"error":"not_found","request_id":"","routine":"MIOROUTE"}HTTP/1.1 404 Not Found
Connection: keep-alive
Content-Length: 58
Content-Type: application/json
X-Request-Id: 6764263747486414400

{"error":"not_found","request_id":"","routine":"MIOROUTE"}HTTP/1.1 404 Not Found
Connection: keep-alive
Content-Length: 58
Content-Type: application/json
X-Request-Id: 6764263747497014400

{"error":"not_found","request_id":"","routine":"MIOROUTE"}HTTP/1.1 404 Not Found
Connection: keep-alive
Content-Length: 58
Content-Type: application/json
X-Request-Id: 6764263747506614400

{"error":"not_found","request_id":"","routine":"MIOROUTE"}HTTP/1.1 404 Not Found
Connection: keep-alive
Content-Length: 58
Content-Type: application/json
X-Request-Id: 6764263747517214400

{"error":"not_found","request_id":"","routine":"MIOROUTE"}HTTP/1.1 404 Not Found
Connection: keep-alive
Content-Length: 58
Content-Type: application/json
X-Request-Id: 6764263747526914400

{"error":"not_found","request_id":"","routine":"MIOROUTE"}HTTP/1.1 404 Not Found
Connection: keep-alive
Content-Length: 58
Content-Type: application/json
X-Request-Id: 6764263747537414400

{"error":"not_found","request_id":"","routine":"MIOROUTE"}HTTP/1.1 404 Not Found
Connection: keep-alive
Content-Length: 58
Content-Type: application/json
X-Request-Id: 6764263747547014400

{"error":"not_found","request_id":"","routine":"MIOROUTE"}HTTP/1.1 404 Not Found
Connection: keep-alive
Content-Length: 58
Content-Type: application/json
X-Request-Id: 6764263747557614400

{"error":"not_found","request_id":"","routine":"MIOROUTE"}HTTP/1.1 404 Not Found
Connection: keep-alive
Content-Length: 58
Content-Type: application/json
X-Request-Id: 6764263747567214400

{"error":"not_found","request_id":"","routine":"MIOROUTE"}HTTP/1.1 404 Not Found
Connection: keep-alive
Content-Length: 58
Content-Type: application/json
X-Request-Id: 6764263747577814400

{"error":"not_found","request_id":"","routine":"MIOROUTE"}HTTP/1.1 404 Not Found
Connection: keep-alive
Content-Length: 58
Content-Type: application/json
X-Request-Id: 6764263747587414400

{"error":"not_found","request_id":"","routine":"MIOROUTE"}HTTP/1.1 404 Not Found
Connection: keep-alive
Content-Length: 58
Content-Type: application/json
X-Request-Id: 6764263747598014400

{"error":"not_found","request_id":"","routine":"MIOROUTE"}HTTP/1.1 404 Not Found
Connection: keep-alive
Content-Length: 58
Content-Type: application/json
X-Request-Id: 6764263747607614400

{"error":"not_found","request_id":"","routine":"MIOROUTE"}HTTP/1.1 404 Not Found
Connection: keep-alive
Content-Length: 58
Content-Type: application/json
X-Request-Id: 6764263747618014400

{"error":"not_found","request_id":"","routine":"MIOROUTE"}HTTP/1.1 404 Not Found
Connection: keep-alive
Content-Length: 58
Content-Type: application/json
X-Request-Id: 6764263747627614400

{"error":"not_found","request_id":"","routine":"MIOROUTE"}HTTP/1.1 404 Not Found
Connection: keep-alive
Content-Length: 58
Content-Type: application/json
X-Request-Id: 6764263747638114400

{"error":"not_found","request_id":"","routine":"MIOROUTE"}HTTP/1.1 404 Not Found
Connection: keep-alive
Content-Length: 58
Content-Type: application/json
X-Request-Id: 6764263747648614400

{"error":"not_found","request_id":"","routine":"MIOROUTE"}HTTP/1.1 404 Not Found
Connection: keep-alive
Content-Length: 58
Content-Type: application/json
X-Request-Id: 6764263747660014400

{"error":"not_found","request_id":"","routine":"MIOROUTE"}HTTP/1.1 404 Not Found
Connection: keep-alive
Content-Length: 58
Content-Type: application/json
X-Request-Id: 6764263747670414400

{"error":"not_found","request_id":"","routine":"MIOROUTE"}HTTP/1.1 404 Not Found
Connection: keep-alive
Content-Length: 58
Content-Type: application/json
X-Request-Id: 6764263747681014400

{"error":"not_found","request_id":"","routine":"MIOROUTE"}HTTP/1.1 404 Not Found
Connection: keep-alive
Content-Length: 58
Content-Type: application/json
X-Request-Id: 6764263747690614400

{"error":"not_found","request_id":"","routine":"MIOROUTE"}HTTP/1.1 404 Not Found
Connection: keep-alive
Content-Length: 58
Content-Type: application/json
X-Request-Id: 6764263747699314400

{"error":"not_found","request_id":"","routine":"MIOROUTE"}HTTP/1.1 404 Not Found
Connection: keep-alive
Content-Length: 58
Content-Type: application/json
X-Request-Id: 6764263747718914400

{"error":"not_found","request_id":"","routine":"MIOROUTE"}HTTP/1.1 404 Not Found
Connection: keep-alive
Content-Length: 58
Content-Type: application/json
X-Request-Id: 6764263747730814400

{"error":"not_found","request_id":"","routine":"MIOROUTE"}HTTP/1.1 404 Not Found
Connection: keep-alive
Content-Length: 58
Content-Type: application/json
X-Request-Id: 6764263747742014400

{"error":"not_found","request_id":"","routine":"MIOROUTE"}HTTP/1.1 404 Not Found
Connection: keep-alive
Content-Length: 58
Content-Type: application/json
X-Request-Id: 6764263747753514400

{"error":"not_found","request_id":"","routine":"MIOROUTE"}HTTP/1.1 404 Not Found
Connection: keep-alive
Content-Length: 58
Content-Type: application/json
X-Request-Id: 6764263747764114400

{"error":"not_found","request_id":"","routine":"MIOROUTE"}HTTP/1.1 404 Not Found
Connection: keep-alive
Content-Length: 58
Content-Type: application/json
X-Request-Id: 6764263747775014400

{"error":"not_found","request_id":"","routine":"MIOROUTE"}HTTP/1.1 404 Not Found
Connection: keep-alive
Content-Length: 58
Content-Type: application/json
X-Request-Id: 6764263747786814400

{"error":"not_found","request_id":"","routine":"MIOROUTE"}HTTP/1.1 404 Not Found
Connection: keep-alive
Content-Length: 58
Content-Type: application/json
X-Request-Id: 6764263747801014400

{"error":"not_found","request_id":"","routine":"MIOROUTE"}HTTP/1.1 404 Not Found
Connection: keep-alive
Content-Length: 58
Content-Type: application/json
X-Request-Id: 6764263747812314400

{"error":"not_found","request_id":"","routine":"MIOROUTE"}HTTP/1.1 404 Not Found
Connection: keep-alive
Content-Length: 58
Content-Type: application/json
X-Request-Id: 6764263747822914400

{"error":"not_found","request_id":"","routine":"MIOROUTE"}HTTP/1.1 404 Not Found
Connection: keep-alive
Content-Length: 58
Content-Type: application/json
X-Request-Id: 6764263747833614400

{"error":"not_found","request_id":"","routine":"MIOROUTE"}HTTP/1.1 404 Not Found
Connection: keep-alive
Content-Length: 58
Content-Type: application/json
X-Request-Id: 6764263747843214400

{"error":"not_found","request_id":"","routine":"MIOROUTE"}HTTP/1.1 404 Not Found
Connection: keep-alive
Content-Length: 58
Content-Type: application/json
X-Request-Id: 6764263747853914400

{"error":"not_found","request_id":"","routine":"MIOROUTE"}HTTP/1.1 404 Not Found
Connection: keep-alive
Content-Length: 58
Content-Type: application/json
X-Request-Id: 6764263747863514400

{"error":"not_found","request_id":"","routine":"MIOROUTE"}HTTP/1.1 404 Not Found
Connection: keep-alive
Content-Length: 58
Content-Type: application/json
X-Request-Id: 6764263747874114400

{"error":"not_found","request_id":"","routine":"MIOROUTE"}HTTP/1.1 404 Not Found
Connection: keep-alive
Content-Length: 58
Content-Type: application/json
X-Request-Id: 6764263747884514400

{"error":"not_found","request_id":"","routine":"MIOROUTE"}HTTP/1.1 404 Not Found
Connection: keep-alive
Content-Length: 58
Content-Type: application/json
X-Request-Id: 6764263747896014400

{"error":"not_found","request_id":"","routine":"MIOROUTE"}HTTP/1.1 404 Not Found
Connection: keep-alive
Content-Length: 58
Content-Type: application/json
X-Request-Id: 6764263747906414400

{"error":"not_found","request_id":"","routine":"MIOROUTE"}HTTP/1.1 404 Not Found
Connection: keep-alive
Content-Length: 58
Content-Type: application/json
X-Request-Id: 6764263747917014400

{"error":"not_found","request_id":"","routine":"MIOROUTE"}HTTP/1.1 404 Not Found
Connection: keep-alive
Content-Length: 58
Content-Type: application/json
X-Request-Id: 6764263747926614400

{"error":"not_found","request_id":"","routine":"MIOROUTE"}HTTP/1.1 404 Not Found
Connection: keep-alive
Content-Length: 58
Content-Type: application/json
X-Request-Id: 6764263747937214400

{"error":"not_found","request_id":"","routine":"MIOROUTE"}HTTP/1.1 404 Not Found
Connection: keep-alive
Content-Length: 58
Content-Type: application/json
X-Request-Id: 6764263747950814400

{"error":"not_found","request_id":"","routine":"MIOROUTE"}HTTP/1.1 404 Not Found
Connection: keep-alive
Content-Length: 58
Content-Type: application/json
X-Request-Id: 6764263747962314400

{"error":"not_found","request_id":"","routine":"MIOROUTE"}HTTP/1.1 404 Not Found
Connection: keep-alive
Content-Length: 58
Content-Type: application/json
X-Request-Id: 6764263747973414400

{"error":"not_found","request_id":"","routine":"MIOROUTE"}HTTP/1.1 404 Not Found
Connection: keep-alive
Content-Length: 58
Content-Type: application/json
X-Request-Id: 6764263747984314400

{"error":"not_found","request_id":"","routine":"MIOROUTE"}HTTP/1.1 404 Not Found
Connection: keep-alive
Content-Length: 58
Content-Type: application/json
X-Request-Id: 6764263747996314400

{"error":"not_found","request_id":"","routine":"MIOROUTE"}HTTP/1.1 404 Not Found
Connection: keep-alive
Content-Length: 58
Content-Type: application/json
X-Request-Id: 67642637471006514400

{"error":"not_found","request_id":"","routine":"MIOROUTE"}HTTP/1.1 404 Not Found
Connection: keep-alive
Content-Length: 58
Content-Type: application/json
X-Request-Id: 67642637471017414400

{"error":"not_found","request_id":"","routine":"MIOROUTE"}HTTP/1.1 404 Not Found
Connection: keep-alive
Content-Length: 58
Content-Type: application/json
X-Request-Id: 67642637471027014400

{"error":"not_found","request_id":"","routine":"MIOROUTE"}HTTP/1.1 404 Not Found
Connection: keep-alive
Content-Length: 58
Content-Type: application/json
X-Request-Id: 67642637471037614400

{"error":"not_found","request_id":"","routine":"MIOROUTE"}HTTP/1.1 404 Not Found
Connection: keep-alive
Content-Length: 58
Content-Type: application/json
X-Request-Id: 67642637471047314400

{"error":"not_found","request_id":"","routine":"MIOROUTE"}HTTP/1.1 404 Not Found
Connection: keep-alive
Content-Length: 58
Content-Type: application/json
X-Request-Id: 67642637471057914400

{"error":"not_found","request_id":"","routine":"MIOROUTE"}HTTP/1.1 404 Not Found
Connection: keep-alive
Content-Length: 58
Content-Type: application/json
X-Request-Id: 67642637471067514400

{"error":"not_found","request_id":"","routine":"MIOROUTE"}HTTP/1.1 404 Not Found
Connection: keep-alive
Content-Length: 58
Content-Type: application/json
X-Request-Id: 67642637471085814400

{"error":"not_found","request_id":"","routine":"MIOROUTE"}HTTP/1.1 404 Not Found
Connection: keep-alive
Content-Length: 58
Content-Type: application/json
X-Request-Id: 67642637471095614400

{"error":"not_found","request_id":"","routine":"MIOROUTE"}HTTP/1.1 404 Not Found
Connection: keep-alive
Content-Length: 58
Content-Type: application/json
X-Request-Id: 67642637471106214400

{"error":"not_found","request_id":"","routine":"MIOROUTE"}HTTP/1.1 404 Not Found
Connection: keep-alive
Content-Length: 58
Content-Type: application/json
X-Request-Id: 67642637471116814400

{"error":"not_found","request_id":"","routine":"MIOROUTE"}HTTP/1.1 404 Not Found
Connection: keep-alive
Content-Length: 58
Content-Type: application/json
X-Request-Id: 67642637471127514400

{"error":"not_found","request_id":"","routine":"MIOROUTE"}HTTP/1.1 404 Not Found
Connection: keep-alive
Content-Length: 58
Content-Type: application/json
X-Request-Id: 67642637471136514400

{"error":"not_found","request_id":"","routine":"MIOROUTE"}HTTP/1.1 404 Not Found
Connection: keep-alive
Content-Length: 58
Content-Type: application/json
X-Request-Id: 67642637471147614400

{"error":"not_found","request_id":"","routine":"MIOROUTE"}HTTP/1.1 404 Not Found
Connection: keep-alive
Content-Length: 58
Content-Type: application/json
X-Request-Id: 67642637471159314400

{"error":"not_found","request_id":"","routine":"MIOROUTE"}HTTP/1.1 404 Not Found
Connection: keep-alive
Content-Length: 58
Content-Type: application/json
X-Request-Id: 67642637471169714400

{"error":"not_found","request_id":"","routine":"MIOROUTE"}HTTP/1.1 404 Not Found
Connection: keep-alive
Content-Length: 58
Content-Type: application/json
X-Request-Id: 67642637471180314400

{"error":"not_found","request_id":"","routine":"MIOROUTE"}HTTP/1.1 404 Not Found
Connection: keep-alive
Content-Length: 58
Content-Type: application/json
X-Request-Id: 67642637471190514400

{"error":"not_found","request_id":"","routine":"MIOROUTE"}HTTP/1.1 404 Not Found
Connection: keep-alive
Content-Length: 58
Content-Type: application/json
X-Request-Id: 67642637471202614400

{"error":"not_found","request_id":"","routine":"MIOROUTE"}HTTP/1.1 404 Not Found
Connection: keep-alive
Content-Length: 58
Content-Type: application/json
X-Request-Id: 67642637471214214400

{"error":"not_found","request_id":"","routine":"MIOROUTE"}HTTP/1.1 404 Not Found
Connection: keep-alive
Content-Length: 58
Content-Type: application/json
X-Request-Id: 67642637471224514400

{"error":"not_found","request_id":"","routine":"MIOROUTE"}HTTP/1.1 404 Not Found
Connection: keep-alive
Content-Length: 58
Content-Type: application/json
X-Request-Id: 67642637471235014400

{"error":"not_found","request_id":"","routine":"MIOROUTE"}HTTP/1.1 404 Not Found
Connection: keep-alive
Content-Length: 58
Content-Type: application/json
X-Request-Id: 67642637471244714400

{"error":"not_found","request_id":"","routine":"MIOROUTE"}HTTP/1.1 404 Not Found
Connection: keep-alive
Content-Length: 58
Content-Type: application/json
X-Request-Id: 67642637471255214400

{"error":"not_found","request_id":"","routine":"MIOROUTE"}HTTP/1.1 404 Not Found
Connection: keep-alive
Content-Length: 58
Content-Type: application/json
X-Request-Id: 67642637471264814400

{"error":"not_found","request_id":"","routine":"MIOROUTE"}HTTP/1.1 404 Not Found
Connection: keep-alive
Content-Length: 58
Content-Type: application/json
X-Request-Id: 67642637471273814400

{"error":"not_found","request_id":"","routine":"MIOROUTE"}HTTP/1.1 404 Not Found
Connection: keep-alive
Content-Length: 58
Content-Type: application/json
X-Request-Id: 67642637471284314400

{"error":"not_found","request_id":"","routine":"MIOROUTE"}HTTP/1.1 404 Not Found
Connection: keep-alive
Content-Length: 58
Content-Type: application/json
X-Request-Id: 67642637471294914400

{"error":"not_found","request_id":"","routine":"MIOROUTE"}HTTP/1.1 404 Not Found
Connection: keep-alive
Content-Length: 58
Content-Type: application/json
X-Request-Id: 67642637471304414400

{"error":"not_found","request_id":"","routine":"MIOROUTE"}HTTP/1.1 404 Not Found
Connection: keep-alive
Content-Length: 58
Content-Type: application/json
X-Request-Id: 67642637471313414400

{"error":"not_found","request_id":"","routine":"MIOROUTE"}HTTP/1.1 404 Not Found
Connection: keep-alive
Content-Length: 58
Content-Type: application/json
X-Request-Id: 67642637471323914400

{"error":"not_found","request_id":"","routine":"MIOROUTE"}HTTP/1.1 404 Not Found
Connection: keep-alive
Content-Length: 58
Content-Type: application/json
X-Request-Id: 67642637471334414400

{"error":"not_found","request_id":"","routine":"MIOROUTE"}HTTP/1.1 404 Not Found
Connection: keep-alive
Content-Length: 58
Content-Type: application/json
X-Request-Id: 67642637471344614400

{"error":"not_found","request_id":"","routine":"MIOROUTE"}HTTP/1.1 404 Not Found
Connection: keep-alive
Content-Length: 58
Content-Type: application/json
X-Request-Id: 67642637471355114400

{"error":"not_found","request_id":"","routine":"MIOROUTE"}HTTP/1.1 404 Not Found
Connection: keep-alive
Content-Length: 58
Content-Type: application/json
X-Request-Id: 67642637471364614400

{"error":"not_found","request_id":"","routine":"MIOROUTE"}HTTP/1.1 404 Not Found
Connection: keep-alive
Content-Length: 58
Content-Type: application/json
X-Request-Id: 67642637471373614400

{"error":"not_found","request_id":"","routine":"MIOROUTE"}HTTP/1.1 404 Not Found
Connection: keep-alive
Content-Length: 58
Content-Type: application/json
X-Request-Id: 67642637471384114400

{"error":"not_found","request_id":"","routine":"MIOROUTE"}HTTP/1.1 404 Not Found
Connection: keep-alive
Content-Length: 58
Content-Type: application/json
X-Request-Id: 67642637471394714400

{"error":"not_found","request_id":"","routine":"MIOROUTE"}HTTP/1.1 404 Not Found
Connection: keep-alive
Content-Length: 58
Content-Type: application/json
X-Request-Id: 67642637471404214400

{"error":"not_found","request_id":"","routine":"MIOROUTE"}HTTP/1.1 404 Not Found
Connection: keep-alive
Content-Length: 58
Content-Type: application/json
X-Request-Id: 67642637471422014400

{"error":"not_found","request_id":"","routine":"MIOROUTE"}HTTP/1.1 404 Not Found
Connection: keep-alive
Content-Length: 58
Content-Type: application/json
X-Request-Id: 67642637471432114400

{"error":"not_found","request_id":"","routine":"MIOROUTE"}HTTP/1.1 404 Not Found
Connection: keep-alive
Content-Length: 58
Content-Type: application/json
X-Request-Id: 67642637471442914400

{"error":"not_found","request_id":"","routine":"MIOROUTE"}HTTP/1.1 404 Not Found
Connection: keep-alive
Content-Length: 58
Content-Type: application/json
X-Request-Id: 67642637471457214400

{"error":"not_found","request_id":"","routine":"MIOROUTE"}HTTP/1.1 404 Not Found
Connection: keep-alive
Content-Length: 58
Content-Type: application/json
X-Request-Id: 67642637471467414400

{"error":"not_found","request_id":"","routine":"MIOROUTE"}HTTP/1.1 404 Not Found
Connection: keep-alive
Content-Length: 58
Content-Type: application/json
X-Request-Id: 67642637471478014400

{"error":"not_found","request_id":"","routine":"MIOROUTE"}HTTP/1.1 404 Not Found
Connection: keep-alive
Content-Length: 58
Content-Type: application/json
X-Request-Id: 67642637471487514400

{"error":"not_found","request_id":"","routine":"MIOROUTE"}HTTP/1.1 404 Not Found
Connection: keep-alive
Content-Length: 58
Content-Type: application/json
X-Request-Id: 67642637471496814400

{"error":"not_found","request_id":"","routine":"MIOROUTE"}HTTP/1.1 404 Not Found
Connection: keep-alive
Content-Length: 58
Content-Type: application/json
X-Request-Id: 67642637471507214400

{"error":"not_found","request_id":"","routine":"MIOROUTE"}HTTP/1.1 404 Not Found
Connection: keep-alive
Content-Length: 58
Content-Type: application/json
X-Request-Id: 67642637471517814400

{"error":"not_found","request_id":"","routine":"MIOROUTE"}HTTP/1.1 404 Not Found
Connection: keep-alive
Content-Length: 58
Content-Type: application/json
X-Request-Id: 67642637471527414400

{"error":"not_found","request_id":"","routine":"MIOROUTE"}HTTP/1.1 404 Not Found
Connection: keep-alive
Content-Length: 58
Content-Type: application/json
X-Request-Id: 67642637471538014400

{"error":"not_found","request_id":"","routine":"MIOROUTE"}HTTP/1.1 404 Not Found
Connection: keep-alive
Content-Length: 58
Content-Type: application/json
X-Request-Id: 67642637471547814400

{"error":"not_found","request_id":"","routine":"MIOROUTE"}HTTP/1.1 404 Not Found
Connection: keep-alive
Content-Length: 58
Content-Type: application/json
X-Request-Id: 67642637471560914400

{"error":"not_found","request_id":"","routine":"MIOROUTE"}HTTP/1.1 404 Not Found
Connection: keep-alive
Content-Length: 58
Content-Type: application/json
X-Request-Id: 67642637471571014400

{"error":"not_found","request_id":"","routine":"MIOROUTE"}HTTP/1.1 404 Not Found
Connection: keep-alive
Content-Length: 58
Content-Type: application/json
X-Request-Id: 67642637471581514400

{"error":"not_found","request_id":"","routine":"MIOROUTE"}HTTP/1.1 404 Not Found
Connection: keep-alive
Content-Length: 58
Content-Type: application/json
X-Request-Id: 67642637471595814400

{"error":"not_found","request_id":"","routine":"MIOROUTE"}HTTP/1.1 404 Not Found
Connection: keep-alive
Content-Length: 58
Content-Type: application/json
X-Request-Id: 67642637471606114400

{"error":"not_found","request_id":"","routine":"MIOROUTE"}HTTP/1.1 404 Not Found
Connection: keep-alive
Content-Length: 58
Content-Type: application/json
X-Request-Id: 67642637471617214400

{"error":"not_found","request_id":"","routine":"MIOROUTE"}HTTP/1.1 404 Not Found
Connection: keep-alive
Content-Length: 58
Content-Type: application/json
X-Request-Id: 67642637471627514400

{"error":"not_found","request_id":"","routine":"MIOROUTE"}HTTP/1.1 404 Not Found
Connection: keep-alive
Content-Length: 58
Content-Type: application/json
X-Request-Id: 67642637471638114400

{"error":"not_found","request_id":"","routine":"MIOROUTE"}HTTP/1.1 404 Not Found
Connection: keep-alive
Content-Length: 58
Content-Type: application/json
X-Request-Id: 67642637471647714400

{"error":"not_found","request_id":"","routine":"MIOROUTE"}HTTP/1.1 404 Not Found
Connection: keep-alive
Content-Length: 58
Content-Type: application/json
X-Request-Id: 67642637471656714400

{"error":"not_found","request_id":"","routine":"MIOROUTE"}HTTP/1.1 404 Not Found
Connection: keep-alive
Content-Length: 58
Content-Type: application/json
X-Request-Id: 67642637471667214400

{"error":"not_found","request_id":"","routine":"MIOROUTE"}HTTP/1.1 404 Not Found
Connection: keep-alive
Content-Length: 58
Content-Type: application/json
X-Request-Id: 67642637471677714400

{"error":"not_found","request_id":"","routine":"MIOROUTE"}HTTP/1.1 404 Not Found
Connection: keep-alive
Content-Length: 58
Content-Type: application/json
X-Request-Id: 67642637471687314400

{"error":"not_found","request_id":"","routine":"MIOROUTE"}HTTP/1.1 404 Not Found
Connection: keep-alive
Content-Length: 58
Content-Type: application/json
X-Request-Id: 67642637471697814400

{"error":"not_found","request_id":"","routine":"MIOROUTE"}HTTP/1.1 404 Not Found
Connection: keep-alive
Content-Length: 58
Content-Type: application/json
X-Request-Id: 67642637471710914400

{"error":"not_found","request_id":"","routine":"MIOROUTE"}HTTP/1.1 404 Not Found
Connection: keep-alive
Content-Length: 58
Content-Type: application/json
X-Request-Id: 67642637471721614400

{"error":"not_found","request_id":"","routine":"MIOROUTE"}HTTP/1.1 404 Not Found
Connection: keep-alive
Content-Length: 58
Content-Type: application/json
X-Request-Id: 67642637471732014400

{"error":"not_found","request_id":"","routine":"MIOROUTE"}HTTP/1.1 404 Not Found
Connection: keep-alive
Content-Length: 58
Content-Type: application/json
X-Request-Id: 67642637471742514400

{"error":"not_found","request_id":"","routine":"MIOROUTE"}HTTP/1.1 404 Not Found
Connection: keep-alive
Content-Length: 58
Content-Type: application/json
X-Request-Id: 67642637471752114400

{"error":"not_found","request_id":"","routine":"MIOROUTE"}HTTP/1.1 404 Not Found
Connection: keep-alive
Content-Length: 58
Content-Type: application/json
X-Request-Id: 67642637471762614400

{"error":"not_found","request_id":"","routine":"MIOROUTE"}HTTP/1.1 404 Not Found
Connection: keep-alive
Content-Length: 58
Content-Type: application/json
X-Request-Id: 67642637471780814400

{"error":"not_found","request_id":"","routine":"MIOROUTE"}HTTP/1.1 404 Not Found
Connection: keep-alive
Content-Length: 58
Content-Type: application/json
X-Request-Id: 67642637471795714400

{"error":"not_found","request_id":"","routine":"MIOROUTE"}HTTP/1.1 404 Not Found
Connection: keep-alive
Content-Length: 58
Content-Type: application/json
X-Request-Id: 67642637471807914400

{"error":"not_found","request_id":"","routine":"MIOROUTE"}HTTP/1.1 404 Not Found
Connection: keep-alive
Content-Length: 58
Content-Type: application/json
X-Request-Id: 67642637471818714400

{"error":"not_found","request_id":"","routine":"MIOROUTE"}HTTP/1.1 404 Not Found
Connection: keep-alive
Content-Length: 58
Content-Type: application/json
X-Request-Id: 67642637471829714400

{"error":"not_found","request_id":"","routine":"MIOROUTE"}HTTP/1.1 404 Not Found
Connection: keep-alive
Content-Length: 58
Content-Type: application/json
X-Request-Id: 67642637471840414400

{"error":"not_found","request_id":"","routine":"MIOROUTE"}HTTP/1.1 404 Not Found
Connection: keep-alive
Content-Length: 58
Content-Type: application/json
X-Request-Id: 67642637471850614400

{"error":"not_found","request_id":"","routine":"MIOROUTE"}HTTP/1.1 404 Not Found
Connection: keep-alive
Content-Length: 58
Content-Type: application/json
X-Request-Id: 67642637471861014400

{"error":"not_found","request_id":"","routine":"MIOROUTE"}HTTP/1.1 404 Not Found
Connection: keep-alive
Content-Length: 58
Content-Type: application/json
X-Request-Id: 67642637471871714400

{"error":"not_found","request_id":"","routine":"MIOROUTE"}HTTP/1.1 404 Not Found
Connection: keep-alive
Content-Length: 58
Content-Type: application/json
X-Request-Id: 67642637471881314400

{"error":"not_found","request_id":"","routine":"MIOROUTE"}HTTP/1.1 404 Not Found
Connection: keep-alive
Content-Length: 58
Content-Type: application/json
X-Request-Id: 67642637471891814400

{"error":"not_found","request_id":"","routine":"MIOROUTE"}HTTP/1.1 404 Not Found
Connection: keep-alive
Content-Length: 58
Content-Type: application/json
X-Request-Id: 67642637471901414400

{"error":"not_found","request_id":"","routine":"MIOROUTE"}HTTP/1.1 404 Not Found
Connection: keep-alive
Content-Length: 58
Content-Type: application/json
X-Request-Id: 67642637471912014400

{"error":"not_found","request_id":"","routine":"MIOROUTE"}HTTP/1.1 404 Not Found
Connection: keep-alive
Content-Length: 58
Content-Type: application/json
X-Request-Id: 67642637471921614400

{"error":"not_found","request_id":"","routine":"MIOROUTE"}HTTP/1.1 404 Not Found
Connection: keep-alive
Content-Length: 58
Content-Type: application/json
X-Request-Id: 67642637471932014400

{"error":"not_found","request_id":"","routine":"MIOROUTE"}HTTP/1.1 404 Not Found
Connection: keep-alive
Content-Length: 58
Content-Type: application/json
X-Request-Id: 67642637471941714400

{"error":"not_found","request_id":"","routine":"MIOROUTE"}HTTP/1.1 404 Not Found
Connection: keep-alive
Content-Length: 58
Content-Type: application/json
X-Request-Id: 67642637471952914400

{"error":"not_found","request_id":"","routine":"MIOROUTE"}HTTP/1.1 404 Not Found
Connection: keep-alive
Content-Length: 58
Content-Type: application/json
X-Request-Id: 67642637471962514400

{"error":"not_found","request_id":"","routine":"MIOROUTE"}HTTP/1.1 404 Not Found
Connection: keep-alive
Content-Length: 58
Content-Type: application/json
X-Request-Id: 67642637471971714400

{"error":"not_found","request_id":"","routine":"MIOROUTE"}HTTP/1.1 404 Not Found
Connection: keep-alive
Content-Length: 58
Content-Type: application/json
X-Request-Id: 67642637471982114400

{"error":"not_found","request_id":"","routine":"MIOROUTE"}HTTP/1.1 404 Not Found
Connection: keep-alive
Content-Length: 58
Content-Type: application/json
X-Request-Id: 67642637471994614400

{"error":"not_found","request_id":"","routine":"MIOROUTE"}HTTP/1.1 404 Not Found
Connection: keep-alive
Content-Length: 58
Content-Type: application/json
X-Request-Id: 67642637472005414400

{"error":"not_found","request_id":"","routine":"MIOROUTE"}HTTP/1.1 404 Not Found
Connection: keep-alive
Content-Length: 58
Content-Type: application/json
X-Request-Id: 67642637472017014400

{"error":"not_found","request_id":"","routine":"MIOROUTE"}HTTP/1.1 404 Not Found
Connection: keep-alive
Content-Length: 58
Content-Type: application/json
X-Request-Id: 67642637472027314400

{"error":"not_found","request_id":"","routine":"MIOROUTE"}HTTP/1.1 404 Not Found
Connection: keep-alive
Content-Length: 58
Content-Type: application/json
X-Request-Id: 67642637472037914400

{"error":"not_found","request_id":"","routine":"MIOROUTE"}HTTP/1.1 404 Not Found
Connection: keep-alive
Content-Length: 58
Content-Type: application/json
X-Request-Id: 67642637472047514400

{"error":"not_found","request_id":"","routine":"MIOROUTE"}HTTP/1.1 404 Not Found
Connection: keep-alive
Content-Length: 58
Content-Type: application/json
X-Request-Id: 67642637472058714400

{"error":"not_found","request_id":"","routine":"MIOROUTE"}HTTP/1.1 404 Not Found
Connection: keep-alive
Content-Length: 58
Content-Type: application/json
X-Request-Id: 67642637472068314400

{"error":"not_found","request_id":"","routine":"MIOROUTE"}HTTP/1.1 404 Not Found
Connection: keep-alive
Content-Length: 58
Content-Type: application/json
X-Request-Id: 67642637472078814400

{"error":"not_found","request_id":"","routine":"MIOROUTE"}HTTP/1.1 404 Not Found
Connection: keep-alive
Content-Length: 58
Content-Type: application/json
X-Request-Id: 67642637472088414400

{"error":"not_found","request_id":"","routine":"MIOROUTE"}HTTP/1.1 404 Not Found
Connection: keep-alive
Content-Length: 58
Content-Type: application/json
X-Request-Id: 67642637472098914400

{"error":"not_found","request_id":"","routine":"MIOROUTE"}HTTP/1.1 404 Not Found
Connection: keep-alive
Content-Length: 58
Content-Type: application/json
X-Request-Id: 67642637472108514400

{"error":"not_found","request_id":"","routine":"MIOROUTE"}HTTP/1.1 404 Not Found
Connection: keep-alive
Content-Length: 58
Content-Type: application/json
X-Request-Id: 67642637472127014400

{"error":"not_found","request_id":"","routine":"MIOROUTE"}HTTP/1.1 404 Not Found
Connection: keep-alive
Content-Length: 58
Content-Type: application/json
X-Request-Id: 67642637472137014400

{"error":"not_found","request_id":"","routine":"MIOROUTE"}HTTP/1.1 404 Not Found
Connection: keep-alive
Content-Length: 58
Content-Type: application/json
X-Request-Id: 67642637472146314400

{"error":"not_found","request_id":"","routine":"MIOROUTE"}HTTP/1.1 404 Not Found
Connection: keep-alive
Content-Length: 58
Content-Type: application/json
X-Request-Id: 67642637472157414400

{"error":"not_found","request_id":"","routine":"MIOROUTE"}HTTP/1.1 404 Not Found
Connection: keep-alive
Content-Length: 58
Content-Type: application/json
X-Request-Id: 67642637472167814400

{"error":"not_found","request_id":"","routine":"MIOROUTE"}HTTP/1.1 404 Not Found
Connection: keep-alive
Content-Length: 58
Content-Type: application/json
X-Request-Id: 67642637472178514400

{"error":"not_found","request_id":"","routine":"MIOROUTE"}HTTP/1.1 404 Not Found
Connection: keep-alive
Content-Length: 58
Content-Type: application/json
X-Request-Id: 67642637472188114400

{"error":"not_found","request_id":"","routine":"MIOROUTE"}HTTP/1.1 404 Not Found
Connection: keep-alive
Content-Length: 58
Content-Type: application/json
X-Request-Id: 67642637472198514400

{"error":"not_found","request_id":"","routine":"MIOROUTE"}HTTP/1.1 404 Not Found
Connection: keep-alive
Content-Length: 58
Content-Type: application/json
X-Request-Id: 67642637472208214400

{"error":"not_found","request_id":"","routine":"MIOROUTE"}HTTP/1.1 404 Not Found
Connection: keep-alive
Content-Length: 58
Content-Type: application/json
X-Request-Id: 67642637472218714400

{"error":"not_found","request_id":"","routine":"MIOROUTE"}HTTP/1.1 404 Not Found
Connection: keep-alive
Content-Length: 58
Content-Type: application/json
X-Request-Id: 67642637472228914400

{"error":"not_found","request_id":"","routine":"MIOROUTE"}HTTP/1.1 404 Not Found
Connection: keep-alive
Content-Length: 58
Content-Type: application/json
X-Request-Id: 67642637472237214400

{"error":"not_found","request_id":"","routine":"MIOROUTE"}HTTP/1.1 404 Not Found
Connection: keep-alive
Content-Length: 58
Content-Type: application/json
X-Request-Id: 67642637472244014400

{"error":"not_found","request_id":"","routine":"MIOROUTE"}HTTP/1.1 404 Not Found
Connection: keep-alive
Content-Length: 58
Content-Type: application/json
X-Request-Id: 67642637472255314400

{"error":"not_found","request_id":"","routine":"MIOROUTE"}HTTP/1.1 404 Not Found
Connection: keep-alive
Content-Length: 58
Content-Type: application/json
X-Request-Id: 67642637472266214400

{"error":"not_found","request_id":"","routine":"MIOROUTE"}HTTP/1.1 404 Not Found
Connection: keep-alive
Content-Length: 58
Content-Type: application/json
X-Request-Id: 67642637472276614400

{"error":"not_found","request_id":"","routine":"MIOROUTE"}HTTP/1.1 404 Not Found
Connection: keep-alive
Content-Length: 58
Content-Type: application/json
X-Request-Id: 67642637472287214400

{"error":"not_found","request_id":"","routine":"MIOROUTE"}HTTP/1.1 404 Not Found
Connection: keep-alive
Content-Length: 58
Content-Type: application/json
X-Request-Id: 67642637472296814400

{"error":"not_found","request_id":"","routine":"MIOROUTE"}HTTP/1.1 404 Not Found
Connection: keep-alive
Content-Length: 58
Content-Type: application/json
X-Request-Id: 67642637472307414400

{"error":"not_found","request_id":"","routine":"MIOROUTE"}HTTP/1.1 404 Not Found
Connection: keep-alive
Content-Length: 58
Content-Type: application/json
X-Request-Id: 67642637472317014400

{"error":"not_found","request_id":"","routine":"MIOROUTE"}HTTP/1.1 404 Not Found
Connection: keep-alive
Content-Length: 58
Content-Type: application/json
X-Request-Id: 67642637472326014400

{"error":"not_found","request_id":"","routine":"MIOROUTE"}HTTP/1.1 404 Not Found
Connection: keep-alive
Content-Length: 58
Content-Type: application/json
X-Request-Id: 67642637472336414400

{"error":"not_found","request_id":"","routine":"MIOROUTE"}HTTP/1.1 404 Not Found
Connection: keep-alive
Content-Length: 58
Content-Type: application/json
X-Request-Id: 67642637472346914400

{"error":"not_found","request_id":"","routine":"MIOROUTE"}HTTP/1.1 404 Not Found
Connection: keep-alive
Content-Length: 58
Content-Type: application/json
X-Request-Id: 67642637472357014400

{"error":"not_found","request_id":"","routine":"MIOROUTE"}HTTP/1.1 404 Not Found
Connection: keep-alive
Content-Length: 58
Content-Type: application/json
X-Request-Id: 67642637472368514400

{"error":"not_found","request_id":"","routine":"MIOROUTE"}HTTP/1.1 404 Not Found
Connection: keep-alive
Content-Length: 58
Content-Type: application/json
X-Request-Id: 67642637472378814400

{"error":"not_found","request_id":"","routine":"MIOROUTE"}HTTP/1.1 404 Not Found
Connection: keep-alive
Content-Length: 58
Content-Type: application/json
X-Request-Id: 67642637472389714400

{"error":"not_found","request_id":"","routine":"MIOROUTE"}HTTP/1.1 404 Not Found
Connection: keep-alive
Content-Length: 58
Content-Type: application/json
X-Request-Id: 67642637472401014400

{"error":"not_found","request_id":"","routine":"MIOROUTE"}HTTP/1.1 404 Not Found
Connection: keep-alive
Content-Length: 58
Content-Type: application/json
X-Request-Id: 67642637472411614400

{"error":"not_found","request_id":"","routine":"MIOROUTE"}HTTP/1.1 404 Not Found
Connection: keep-alive
Content-Length: 58
Content-Type: application/json
X-Request-Id: 67642637472421214400

{"error":"not_found","request_id":"","routine":"MIOROUTE"}HTTP/1.1 404 Not Found
Connection: keep-alive
Content-Length: 58
Content-Type: application/json
X-Request-Id: 67642637472431714400

{"error":"not_found","request_id":"","routine":"MIOROUTE"}HTTP/1.1 404 Not Found
Connection: keep-alive
Content-Length: 58
Content-Type: application/json
X-Request-Id: 67642637472446414400

{"error":"not_found","request_id":"","routine":"MIOROUTE"}HTTP/1.1 404 Not Found
Connection: keep-alive
Content-Length: 58
Content-Type: application/json
X-Request-Id: 67642637472459114400

{"error":"not_found","request_id":"","routine":"MIOROUTE"}HTTP/1.1 404 Not Found
Connection: keep-alive
Content-Length: 58
Content-Type: application/json
X-Request-Id: 67642637472483014400

{"error":"not_found","request_id":"","routine":"MIOROUTE"}HTTP/1.1 404 Not Found
Connection: keep-alive
Content-Length: 58
Content-Type: application/json
X-Request-Id: 67642637472493614400

{"error":"not_found","request_id":"","routine":"MIOROUTE"}HTTP/1.1 404 Not Found
Connection: keep-alive
Content-Length: 58
Content-Type: application/json
X-Request-Id: 67642637472504614400

{"error":"not_found","request_id":"","routine":"MIOROUTE"}HTTP/1.1 404 Not Found
Connection: keep-alive
Content-Length: 58
Content-Type: application/json
X-Request-Id: 67642637472514414400

{"error":"not_found","request_id":"","routine":"MIOROUTE"}HTTP/1.1 404 Not Found
Connection: keep-alive
Content-Length: 58
Content-Type: application/json
X-Request-Id: 67642637472524914400

{"error":"not_found","request_id":"","routine":"MIOROUTE"}HTTP/1.1 404 Not Found
Connection: keep-alive
Content-Length: 58
Content-Type: application/json
X-Request-Id: 67642637472536714400

{"error":"not_found","request_id":"","routine":"MIOROUTE"}HTTP/1.1 404 Not Found
Connection: keep-alive
Content-Length: 58
Content-Type: application/json
X-Request-Id: 67642637472547614400

{"error":"not_found","request_id":"","routine":"MIOROUTE"}HTTP/1.1 404 Not Found
Connection: keep-alive
Content-Length: 58
Content-Type: application/json
X-Request-Id: 67642637472558014400

{"error":"not_found","request_id":"","routine":"MIOROUTE"}HTTP/1.1 404 Not Found
Connection: keep-alive
Content-Length: 58
Content-Type: application/json
X-Request-Id: 67642637472568814400

{"error":"not_found","request_id":"","routine":"MIOROUTE"}HTTP/1.1 404 Not Found
Connection: keep-alive
Content-Length: 58
Content-Type: application/json
X-Request-Id: 67642637472578414400

{"error":"not_found","request_id":"","routine":"MIOROUTE"}HTTP/1.1 404 Not Found
Connection: keep-alive
Content-Length: 58
Content-Type: application/json
X-Request-Id: 67642637472588914400

{"error":"not_found","request_id":"","routine":"MIOROUTE"}HTTP/1.1 404 Not Found
Connection: keep-alive
Content-Length: 58
Content-Type: application/json
X-Request-Id: 67642637472598614400

{"error":"not_found","request_id":"","routine":"MIOROUTE"}HTTP/1.1 404 Not Found
Connection: keep-alive
Content-Length: 58
Content-Type: application/json
X-Request-Id: 67642637472609214400

{"error":"not_found","request_id":"","routine":"MIOROUTE"}HTTP/1.1 404 Not Found
Connection: keep-alive
Content-Length: 58
Content-Type: application/json
X-Request-Id: 67642637472618814400

{"error":"not_found","request_id":"","routine":"MIOROUTE"}HTTP/1.1 404 Not Found
Connection: keep-alive
Content-Length: 58
Content-Type: application/json
X-Request-Id: 67642637472629314400

{"error":"not_found","request_id":"","routine":"MIOROUTE"}HTTP/1.1 404 Not Found
Connection: keep-alive
Content-Length: 58
Content-Type: application/json
X-Request-Id: 67642637472638914400

{"error":"not_found","request_id":"","routine":"MIOROUTE"}HTTP/1.1 404 Not Found
Connection: keep-alive
Content-Length: 58
Content-Type: application/json
X-Request-Id: 67642637472649414400

{"error":"not_found","request_id":"","routine":"MIOROUTE"}HTTP/1.1 404 Not Found
Connection: keep-alive
Content-Length: 58
Content-Type: application/json
X-Request-Id: 67642637472659014400

{"error":"not_found","request_id":"","routine":"MIOROUTE"}HTTP/1.1 404 Not Found
Connection: keep-alive
Content-Length: 58
Content-Type: application/json
X-Request-Id: 67642637472669714400

{"error":"not_found","request_id":"","routine":"MIOROUTE"}HTTP/1.1 404 Not Found
Connection: keep-alive
Content-Length: 58
Content-Type: application/json
X-Request-Id: 67642637472680114400

{"error":"not_found","request_id":"","routine":"MIOROUTE"}HTTP/1.1 404 Not Found
Connection: keep-alive
Content-Length: 58
Content-Type: application/json
X-Request-Id: 67642637472691514400

{"error":"not_found","request_id":"","routine":"MIOROUTE"}HTTP/1.1 404 Not Found
Connection: keep-alive
Content-Length: 58
Content-Type: application/json
X-Request-Id: 67642637472701814400

{"error":"not_found","request_id":"","routine":"MIOROUTE"}HTTP/1.1 404 Not Found
Connection: keep-alive
Content-Length: 58
Content-Type: application/json
X-Request-Id: 67642637472712414400

{"error":"not_found","request_id":"","routine":"MIOROUTE"}HTTP/1.1 404 Not Found
Connection: keep-alive
Content-Length: 58
Content-Type: application/json
X-Request-Id: 67642637472721914400

{"error":"not_found","request_id":"","routine":"MIOROUTE"}HTTP/1.1 404 Not Found
Connection: keep-alive
Content-Length: 58
Content-Type: application/json
X-Request-Id: 67642637472731114400

{"error":"not_found","request_id":"","routine":"MIOROUTE"}HTTP/1.1 404 Not Found
Connection: keep-alive
Content-Length: 58
Content-Type: application/json
X-Request-Id: 67642637472741914400

{"error":"not_found","request_id":"","routine":"MIOROUTE"}HTTP/1.1 404 Not Found
Connection: keep-alive
Content-Length: 58
Content-Type: application/json
X-Request-Id: 67642637472752914400

{"error":"not_found","request_id":"","routine":"MIOROUTE"}HTTP/1.1 404 Not Found
Connection: keep-alive
Content-Length: 58
Content-Type: application/json
X-Request-Id: 67642637472767114400

{"error":"not_found","request_id":"","routine":"MIOROUTE"}HTTP/1.1 404 Not Found
Connection: keep-alive
Content-Length: 58
Content-Type: application/json
X-Request-Id: 67642637472777614400

{"error":"not_found","request_id":"","routine":"MIOROUTE"}HTTP/1.1 404 Not Found
Connection: keep-alive
Content-Length: 58
Content-Type: application/json
X-Request-Id: 67642637472789814400

{"error":"not_found","request_id":"","routine":"MIOROUTE"}HTTP/1.1 404 Not Found
Connection: keep-alive
Content-Length: 58
Content-Type: application/json
X-Request-Id: 67642637472805114400

{"error":"not_found","request_id":"","routine":"MIOROUTE"}HTTP/1.1 404 Not Found
Connection: keep-alive
Content-Length: 58
Content-Type: application/json
X-Request-Id: 67642637472816014400

{"error":"not_found","request_id":"","routine":"MIOROUTE"}HTTP/1.1 404 Not Found
Connection: keep-alive
Content-Length: 58
Content-Type: application/json
X-Request-Id: 67642637472833914400

{"error":"not_found","request_id":"","routine":"MIOROUTE"}HTTP/1.1 404 Not Found
Connection: keep-alive
Content-Length: 58
Content-Type: application/json
X-Request-Id: 67642637472843914400

{"error":"not_found","request_id":"","routine":"MIOROUTE"}HTTP/1.1 404 Not Found
Connection: keep-alive
Content-Length: 58
Content-Type: application/json
X-Request-Id: 67642637472854614400

{"error":"not_found","request_id":"","routine":"MIOROUTE"}HTTP/1.1 404 Not Found
Connection: keep-alive
Content-Length: 58
Content-Type: application/json
X-Request-Id: 67642637472864314400

{"error":"not_found","request_id":"","routine":"MIOROUTE"}HTTP/1.1 404 Not Found
Connection: keep-alive
Content-Length: 58
Content-Type: application/json
X-Request-Id: 67642637472874914400

{"error":"not_found","request_id":"","routine":"MIOROUTE"}HTTP/1.1 404 Not Found
Connection: keep-alive
Content-Length: 58
Content-Type: application/json
X-Request-Id: 67642637472884714400

{"error":"not_found","request_id":"","routine":"MIOROUTE"}HTTP/1.1 404 Not Found
Connection: keep-alive
Content-Length: 58
Content-Type: application/json
X-Request-Id: 67642637472895614400

{"error":"not_found","request_id":"","routine":"MIOROUTE"}HTTP/1.1 404 Not Found
Connection: keep-alive
Content-Length: 58
Content-Type: application/json
X-Request-Id: 67642637472906014400

{"error":"not_found","request_id":"","routine":"MIOROUTE"}HTTP/1.1 404 Not Found
Connection: keep-alive
Content-Length: 58
Content-Type: application/json
X-Request-Id: 67642637472916814400

{"error":"not_found","request_id":"","routine":"MIOROUTE"}HTTP/1.1 404 Not Found
Connection: keep-alive
Content-Length: 58
Content-Type: application/json
X-Request-Id: 67642637472927314400

{"error":"not_found","request_id":"","routine":"MIOROUTE"}HTTP/1.1 404 Not Found
Connection: keep-alive
Content-Length: 58
Content-Type: application/json
X-Request-Id: 67642637472938314400

{"error":"not_found","request_id":"","routine":"MIOROUTE"}HTTP/1.1 404 Not Found
Connection: keep-alive
Content-Length: 58
Content-Type: application/json
X-Request-Id: 67642637472948614400

{"error":"not_found","request_id":"","routine":"MIOROUTE"}HTTP/1.1 404 Not Found
Connection: keep-alive
Content-Length: 58
Content-Type: application/json
X-Request-Id: 67642637472959114400

{"error":"not_found","request_id":"","routine":"MIOROUTE"}HTTP/1.1 404 Not Found
Connection: keep-alive
Content-Length: 58
Content-Type: application/json
X-Request-Id: 67642637472968714400

{"error":"not_found","request_id":"","routine":"MIOROUTE"}HTTP/1.1 404 Not Found
Connection: keep-alive
Content-Length: 58
Content-Type: application/json
X-Request-Id: 67642637472979214400

{"error":"not_found","request_id":"","routine":"MIOROUTE"}HTTP/1.1 404 Not Found
Connection: keep-alive
Content-Length: 58
Content-Type: application/json
X-Request-Id: 67642637472988814400

{"error":"not_found","request_id":"","routine":"MIOROUTE"}HTTP/1.1 404 Not Found
Connection: keep-alive
Content-Length: 58
Content-Type: application/json
X-Request-Id: 67642637472999314400

{"error":"not_found","request_id":"","routine":"MIOROUTE"}HTTP/1.1 404 Not Found
Connection: keep-alive
Content-Length: 58
Content-Type: application/json
X-Request-Id: 67642637473008814400

{"error":"not_found","request_id":"","routine":"MIOROUTE"}HTTP/1.1 404 Not Found
Connection: keep-alive
Content-Length: 58
Content-Type: application/json
X-Request-Id: 67642637473018014400

{"error":"not_found","request_id":"","routine":"MIOROUTE"}HTTP/1.1 404 Not Found
Connection: keep-alive
Content-Length: 58
Content-Type: application/json
X-Request-Id: 67642637473028314400

{"error":"not_found","request_id":"","routine":"MIOROUTE"}HTTP/1.1 404 Not Found
Connection: keep-alive
Content-Length: 58
Content-Type: application/json
X-Request-Id: 67642637473038914400

{"error":"not_found","request_id":"","routine":"MIOROUTE"}HTTP/1.1 404 Not Found
Connection: keep-alive
Content-Length: 58
Content-Type: application/json
X-Request-Id: 67642637473052614400

{"error":"not_found","request_id":"","routine":"MIOROUTE"}HTTP/1.1 404 Not Found
Connection: keep-alive
Content-Length: 58
Content-Type: application/json
X-Request-Id: 67642637473064314400

{"error":"not_found","request_id":"","routine":"MIOROUTE"}HTTP/1.1 404 Not Found
Connection: keep-alive
Content-Length: 58
Content-Type: application/json
X-Request-Id: 67642637473074914400

{"error":"not_found","request_id":"","routine":"MIOROUTE"}HTTP/1.1 404 Not Found
Connection: keep-alive
Content-Length: 58
Content-Type: application/json
X-Request-Id: 67642637473084014400

{"error":"not_found","request_id":"","routine":"MIOROUTE"}HTTP/1.1 404 Not Found
Connection: keep-alive
Content-Length: 58
Content-Type: application/json
X-Request-Id: 67642637473095214400

{"error":"not_found","request_id":"","routine":"MIOROUTE"}HTTP/1.1 404 Not Found
Connection: keep-alive
Content-Length: 58
Content-Type: application/json
X-Request-Id: 67642637473105514400

{"error":"not_found","request_id":"","routine":"MIOROUTE"}HTTP/1.1 404 Not Found
Connection: keep-alive
Content-Length: 58
Content-Type: application/json
X-Request-Id: 67642637473116014400

{"error":"not_found","request_id":"","routine":"MIOROUTE"}HTTP/1.1 404 Not Found
Connection: keep-alive
Content-Length: 58
Content-Type: application/json
X-Request-Id: 67642637473125614400

{"error":"not_found","request_id":"","routine":"MIOROUTE"}HTTP/1.1 404 Not Found
Connection: keep-alive
Content-Length: 58
Content-Type: application/json
X-Request-Id: 67642637473136214400

{"error":"not_found","request_id":"","routine":"MIOROUTE"}HTTP/1.1 404 Not Found
Connection: keep-alive
Content-Length: 58
Content-Type: application/json
X-Request-Id: 67642637473146514400

{"error":"not_found","request_id":"","routine":"MIOROUTE"}HTTP/1.1 404 Not Found
Connection: keep-alive
Content-Length: 58
Content-Type: application/json
X-Request-Id: 67642637473157714400

{"error":"not_found","request_id":"","routine":"MIOROUTE"}HTTP/1.1 404 Not Found
Connection: keep-alive
Content-Length: 58
Content-Type: application/json
X-Request-Id: 67642637473167314400

{"error":"not_found","request_id":"","routine":"MIOROUTE"}HTTP/1.1 404 Not Found
Connection: keep-alive
Content-Length: 58
Content-Type: application/json
X-Request-Id: 67642637473185014400

{"error":"not_found","request_id":"","routine":"MIOROUTE"}HTTP/1.1 404 Not Found
Connection: keep-alive
Content-Length: 58
Content-Type: application/json
X-Request-Id: 67642637473198714400

{"error":"not_found","request_id":"","routine":"MIOROUTE"}HTTP/1.1 404 Not Found
Connection: keep-alive
Content-Length: 58
Content-Type: application/json
X-Request-Id: 67642637473210614400

{"error":"not_found","request_id":"","routine":"MIOROUTE"}HTTP/1.1 404 Not Found
Connection: keep-alive
Content-Length: 58
Content-Type: application/json
X-Request-Id: 67642637473221014400

{"error":"not_found","request_id":"","routine":"MIOROUTE"}HTTP/1.1 404 Not Found
Connection: keep-alive
Content-Length: 58
Content-Type: application/json
X-Request-Id: 67642637473231714400

{"error":"not_found","request_id":"","routine":"MIOROUTE"}HTTP/1.1 404 Not Found
Connection: keep-alive
Content-Length: 58
Content-Type: application/json
X-Request-Id: 67642637473241314400

{"error":"not_found","request_id":"","routine":"MIOROUTE"}HTTP/1.1 404 Not Found
Connection: keep-alive
Content-Length: 58
Content-Type: application/json
X-Request-Id: 67642637473251814400

{"error":"not_found","request_id":"","routine":"MIOROUTE"}HTTP/1.1 404 Not Found
Connection: keep-alive
Content-Length: 58
Content-Type: application/json
X-Request-Id: 67642637473261314400

{"error":"not_found","request_id":"","routine":"MIOROUTE"}HTTP/1.1 404 Not Found
Connection: keep-alive
Content-Length: 58
Content-Type: application/json
X-Request-Id: 67642637473270414400

{"error":"not_found","request_id":"","routine":"MIOROUTE"}HTTP/1.1 404 Not Found
Connection: keep-alive
Content-Length: 58
Content-Type: application/json
X-Request-Id: 67642637473280914400

{"error":"not_found","request_id":"","routine":"MIOROUTE"}HTTP/1.1 404 Not Found
Connection: keep-alive
Content-Length: 58
Content-Type: application/json
X-Request-Id: 67642637473291514400

{"error":"not_found","request_id":"","routine":"MIOROUTE"}HTTP/1.1 404 Not Found
Connection: keep-alive
Content-Length: 58
Content-Type: application/json
X-Request-Id: 67642637473301114400

{"error":"not_found","request_id":"","routine":"MIOROUTE"}HTTP/1.1 404 Not Found
Connection: keep-alive
Content-Length: 58
Content-Type: application/json
X-Request-Id: 67642637473311614400

{"error":"not_found","request_id":"","routine":"MIOROUTE"}HTTP/1.1 404 Not Found
Connection: keep-alive
Content-Length: 58
Content-Type: application/json
X-Request-Id: 67642637473321114400

{"error":"not_found","request_id":"","routine":"MIOROUTE"}HTTP/1.1 404 Not Found
Connection: keep-alive
Content-Length: 58
Content-Type: application/json
X-Request-Id: 67642637473333214400

{"error":"not_found","request_id":"","routine":"MIOROUTE"}HTTP/1.1 404 Not Found
Connection: keep-alive
Content-Length: 58
Content-Type: application/json
X-Request-Id: 67642637473342814400

{"error":"not_found","request_id":"","routine":"MIOROUTE"}HTTP/1.1 404 Not Found
Connection: keep-alive
Content-Length: 58
Content-Type: application/json
X-Request-Id: 67642637473353314400

{"error":"not_found","request_id":"","routine":"MIOROUTE"}HTTP/1.1 404 Not Found
Connection: keep-alive
Content-Length: 58
Content-Type: application/json
X-Request-Id: 67642637473363614400

{"error":"not_found","request_id":"","routine":"MIOROUTE"}HTTP/1.1 404 Not Found
Connection: keep-alive
Content-Length: 58
Content-Type: application/json
X-Request-Id: 67642637473375314400

{"error":"not_found","request_id":"","routine":"MIOROUTE"}HTTP/1.1 404 Not Found
Connection: keep-alive
Content-Length: 58
Content-Type: application/json
X-Request-Id: 67642637473385614400

{"error":"not_found","request_id":"","routine":"MIOROUTE"}HTTP/1.1 404 Not Found
Connection: keep-alive
Content-Length: 58
Content-Type: application/json
X-Request-Id: 67642637473396214400

{"error":"not_found","request_id":"","routine":"MIOROUTE"}HTTP/1.1 404 Not Found
Connection: keep-alive
Content-Length: 58
Content-Type: application/json
X-Request-Id: 67642637473406014400

{"error":"not_found","request_id":"","routine":"MIOROUTE"}HTTP/1.1 404 Not Found
Connection: keep-alive
Content-Length: 58
Content-Type: application/json
X-Request-Id: 67642637473431314400

{"error":"not_found","request_id":"","routine":"MIOROUTE"}HTTP/1.1 404 Not Found
Connection: keep-alive
Content-Length: 58
Content-Type: application/json
X-Request-Id: 67642637473440714400

{"error":"not_found","request_id":"","routine":"MIOROUTE"}HTTP/1.1 404 Not Found
Connection: keep-alive
Content-Length: 58
Content-Type: application/json
X-Request-Id: 67642637473451214400

{"error":"not_found","request_id":"","routine":"MIOROUTE"}HTTP/1.1 404 Not Found
Connection: keep-alive
Content-Length: 58
Content-Type: application/json
X-Request-Id: 67642637473460814400

{"error":"not_found","request_id":"","routine":"MIOROUTE"}HTTP/1.1 404 Not Found
Connection: keep-alive
Content-Length: 58
Content-Type: application/json
X-Request-Id: 67642637473471314400

{"error":"not_found","request_id":"","routine":"MIOROUTE"}HTTP/1.1 404 Not Found
Connection: keep-alive
Content-Length: 58
Content-Type: application/json
X-Request-Id: 67642637473480814400

{"error":"not_found","request_id":"","routine":"MIOROUTE"}HTTP/1.1 404 Not Found
Connection: keep-alive
Content-Length: 58
Content-Type: application/json
X-Request-Id: 67642637473489914400

{"error":"not_found","request_id":"","routine":"MIOROUTE"}HTTP/1.1 404 Not Found
Connection: keep-alive
Content-Length: 58
Content-Type: application/json
X-Request-Id: 67642637473500314400

{"error":"not_found","request_id":"","routine":"MIOROUTE"}HTTP/1.1 404 Not Found
Connection: keep-alive
Content-Length: 58
Content-Type: application/json
X-Request-Id: 67642637473510914400

{"error":"not_found","request_id":"","routine":"MIOROUTE"}HTTP/1.1 404 Not Found
Connection: keep-alive
Content-Length: 58
Content-Type: application/json
X-Request-Id: 67642637473522914400

{"error":"not_found","request_id":"","routine":"MIOROUTE"}HTTP/1.1 404 Not Found
Connection: keep-alive
Content-Length: 58
Content-Type: application/json
X-Request-Id: 67642637473545014400

{"error":"not_found","request_id":"","routine":"MIOROUTE"}HTTP/1.1 404 Not Found
Connection: keep-alive
Content-Length: 58
Content-Type: application/json
X-Request-Id: 67642637473556214400

{"error":"not_found","request_id":"","routine":"MIOROUTE"}HTTP/1.1 404 Not Found
Connection: keep-alive
Content-Length: 58
Content-Type: application/json
X-Request-Id: 67642637473566814400

{"error":"not_found","request_id":"","routine":"MIOROUTE"}HTTP/1.1 404 Not Found
Connection: keep-alive
Content-Length: 58
Content-Type: application/json
X-Request-Id: 67642637473577414400

{"error":"not_found","request_id":"","routine":"MIOROUTE"}HTTP/1.1 404 Not Found
Connection: keep-alive
Content-Length: 58
Content-Type: application/json
X-Request-Id: 67642637473587114400

{"error":"not_found","request_id":"","routine":"MIOROUTE"}HTTP/1.1 404 Not Found
Connection: keep-alive
Content-Length: 58
Content-Type: application/json
X-Request-Id: 67642637473601414400

{"error":"not_found","request_id":"","routine":"MIOROUTE"}HTTP/1.1 404 Not Found
Connection: keep-alive
Content-Length: 58
Content-Type: application/json
X-Request-Id: 67642637473613314400

{"error":"not_found","request_id":"","routine":"MIOROUTE"}HTTP/1.1 404 Not Found
Connection: keep-alive
Content-Length: 58
Content-Type: application/json
X-Request-Id: 67642637473623714400

{"error":"not_found","request_id":"","routine":"MIOROUTE"}HTTP/1.1 404 Not Found
Connection: keep-alive
Content-Length: 58
Content-Type: application/json
X-Request-Id: 67642637473636114400

{"error":"not_found","request_id":"","routine":"MIOROUTE"}HTTP/1.1 404 Not Found
Connection: keep-alive
Content-Length: 58
Content-Type: application/json
X-Request-Id: 67642637473646914400

{"error":"not_found","request_id":"","routine":"MIOROUTE"}HTTP/1.1 404 Not Found
Connection: keep-alive
Content-Length: 58
Content-Type: application/json
X-Request-Id: 67642637473657814400

{"error":"not_found","request_id":"","routine":"MIOROUTE"}HTTP/1.1 404 Not Found
Connection: keep-alive
Content-Length: 58
Content-Type: application/json
X-Request-Id: 67642637473668214400

{"error":"not_found","request_id":"","routine":"MIOROUTE"}HTTP/1.1 404 Not Found
Connection: keep-alive
Content-Length: 58
Content-Type: application/json
X-Request-Id: 67642637473678914400

{"error":"not_found","request_id":"","routine":"MIOROUTE"}HTTP/1.1 404 Not Found
Connection: keep-alive
Content-Length: 58
Content-Type: application/json
X-Request-Id: 67642637473688514400

{"error":"not_found","request_id":"","routine":"MIOROUTE"}HTTP/1.1 404 Not Found
Connection: keep-alive
Content-Length: 58
Content-Type: application/json
X-Request-Id: 67642637473699014400

{"error":"not_found","request_id":"","routine":"MIOROUTE"}HTTP/1.1 404 Not Found
Connection: keep-alive
Content-Length: 58
Content-Type: application/json
X-Request-Id: 67642637473708614400

{"error":"not_found","request_id":"","routine":"MIOROUTE"}HTTP/1.1 404 Not Found
Connection: keep-alive
Content-Length: 58
Content-Type: application/json
X-Request-Id: 67642637473720414400

{"error":"not_found","request_id":"","routine":"MIOROUTE"}HTTP/1.1 404 Not Found
Connection: keep-alive
Content-Length: 58
Content-Type: application/json
X-Request-Id: 67642637473730114400

{"error":"not_found","request_id":"","routine":"MIOROUTE"}HTTP/1.1 404 Not Found
Connection: keep-alive
Content-Length: 58
Content-Type: application/json
X-Request-Id: 67642637473740614400

{"error":"not_found","request_id":"","routine":"MIOROUTE"}HTTP/1.1 404 Not Found
Connection: keep-alive
Content-Length: 58
Content-Type: application/json
X-Request-Id: 67642637473750114400

{"error":"not_found","request_id":"","routine":"MIOROUTE"}HTTP/1.1 404 Not Found
Connection: keep-alive
Content-Length: 58
Content-Type: application/json
X-Request-Id: 67642637473758814400

{"error":"not_found","request_id":"","routine":"MIOROUTE"}HTTP/1.1 404 Not Found
Connection: keep-alive
Content-Length: 58
Content-Type: application/json
X-Request-Id: 67642637473767514400

{"error":"not_found","request_id":"","routine":"MIOROUTE"}HTTP/1.1 404 Not Found
Connection: keep-alive
Content-Length: 58
Content-Type: application/json
X-Request-Id: 67642637473779814400

{"error":"not_found","request_id":"","routine":"MIOROUTE"}HTTP/1.1 404 Not Found
Connection: keep-alive
Content-Length: 58
Content-Type: application/json
X-Request-Id: 67642637473790714400

{"error":"not_found","request_id":"","routine":"MIOROUTE"}HTTP/1.1 404 Not Found
Connection: keep-alive
Content-Length: 58
Content-Type: application/json
X-Request-Id: 67642637473800814400

{"error":"not_found","request_id":"","routine":"MIOROUTE"}HTTP/1.1 404 Not Found
Connection: keep-alive
Content-Length: 58
Content-Type: application/json
X-Request-Id: 67642637473812014400

{"error":"not_found","request_id":"","routine":"MIOROUTE"}HTTP/1.1 404 Not Found
Connection: keep-alive
Content-Length: 58
Content-Type: application/json
X-Request-Id: 67642637473822114400

{"error":"not_found","request_id":"","routine":"MIOROUTE"}HTTP/1.1 404 Not Found
Connection: keep-alive
Content-Length: 58
Content-Type: application/json
X-Request-Id: 67642637473832814400

{"error":"not_found","request_id":"","routine":"MIOROUTE"}HTTP/1.1 404 Not Found
Connection: keep-alive
Content-Length: 58
Content-Type: application/json
X-Request-Id: 67642637473843114400

{"error":"not_found","request_id":"","routine":"MIOROUTE"}HTTP/1.1 404 Not Found
Connection: keep-alive
Content-Length: 58
Content-Type: application/json
X-Request-Id: 67642637473853614400

{"error":"not_found","request_id":"","routine":"MIOROUTE"}HTTP/1.1 404 Not Found
Connection: keep-alive
Content-Length: 58
Content-Type: application/json
X-Request-Id: 67642637473863314400

{"error":"not_found","request_id":"","routine":"MIOROUTE"}HTTP/1.1 404 Not Found
Connection: keep-alive
Content-Length: 58
Content-Type: application/json
X-Request-Id: 67642637473873914400

{"error":"not_found","request_id":"","routine":"MIOROUTE"}HTTP/1.1 404 Not Found
Connection: keep-alive
Content-Length: 58
Content-Type: application/json
X-Request-Id: 67642637473883514400

{"error":"not_found","request_id":"","routine":"MIOROUTE"}HTTP/1.1 404 Not Found
Connection: keep-alive
Content-Length: 58
Content-Type: application/json
X-Request-Id: 67642637473902314400

{"error":"not_found","request_id":"","routine":"MIOROUTE"}HTTP/1.1 404 Not Found
Connection: keep-alive
Content-Length: 58
Content-Type: application/json
X-Request-Id: 67642637473912514400

{"error":"not_found","request_id":"","routine":"MIOROUTE"}HTTP/1.1 404 Not Found
Connection: keep-alive
Content-Length: 58
Content-Type: application/json
X-Request-Id: 67642637473923014400

{"error":"not_found","request_id":"","routine":"MIOROUTE"}HTTP/1.1 404 Not Found
Connection: keep-alive
Content-Length: 58
Content-Type: application/json
X-Request-Id: 67642637473933714400

{"error":"not_found","request_id":"","routine":"MIOROUTE"}HTTP/1.1 404 Not Found
Connection: keep-alive
Content-Length: 58
Content-Type: application/json
X-Request-Id: 67642637473944914400

{"error":"not_found","request_id":"","routine":"MIOROUTE"}HTTP/1.1 404 Not Found
Connection: keep-alive
Content-Length: 58
Content-Type: application/json
X-Request-Id: 67642637473956914400

{"error":"not_found","request_id":"","routine":"MIOROUTE"}HTTP/1.1 404 Not Found
Connection: keep-alive
Content-Length: 58
Content-Type: application/json
X-Request-Id: 67642637473970714400

{"error":"not_found","request_id":"","routine":"MIOROUTE"}HTTP/1.1 404 Not Found
Connection: keep-alive
Content-Length: 58
Content-Type: application/json
X-Request-Id: 67642637473980714400

{"error":"not_found","request_id":"","routine":"MIOROUTE"}HTTP/1.1 404 Not Found
Connection: keep-alive
Content-Length: 58
Content-Type: application/json
X-Request-Id: 67642637473995914400

{"error":"not_found","request_id":"","routine":"MIOROUTE"}HTTP/1.1 404 Not Found
Connection: keep-alive
Content-Length: 58
Content-Type: application/json
X-Request-Id: 67642637474006314400

{"error":"not_found","request_id":"","routine":"MIOROUTE"}HTTP/1.1 404 Not Found
Connection: keep-alive
Content-Length: 58
Content-Type: application/json
X-Request-Id: 67642637474017514400

{"error":"not_found","request_id":"","routine":"MIOROUTE"}HTTP/1.1 404 Not Found
Connection: keep-alive
Content-Length: 58
Content-Type: application/json
X-Request-Id: 67642637474028414400

{"error":"not_found","request_id":"","routine":"MIOROUTE"}HTTP/1.1 404 Not Found
Connection: keep-alive
Content-Length: 58
Content-Type: application/json
X-Request-Id: 67642637474039314400

{"error":"not_found","request_id":"","routine":"MIOROUTE"}HTTP/1.1 404 Not Found
Connection: keep-alive
Content-Length: 58
Content-Type: application/json
X-Request-Id: 67642637474049614400

{"error":"not_found","request_id":"","routine":"MIOROUTE"}HTTP/1.1 404 Not Found
Connection: keep-alive
Content-Length: 58
Content-Type: application/json
X-Request-Id: 67642637474060214400

{"error":"not_found","request_id":"","routine":"MIOROUTE"}HTTP/1.1 404 Not Found
Connection: keep-alive
Content-Length: 58
Content-Type: application/json
X-Request-Id: 67642637474071214400

{"error":"not_found","request_id":"","routine":"MIOROUTE"}HTTP/1.1 404 Not Found
Connection: keep-alive
Content-Length: 58
Content-Type: application/json
X-Request-Id: 67642637474086314400

{"error":"not_found","request_id":"","routine":"MIOROUTE"}HTTP/1.1 404 Not Found
Connection: keep-alive
Content-Length: 58
Content-Type: application/json
X-Request-Id: 67642637474099114400

{"error":"not_found","request_id":"","routine":"MIOROUTE"}HTTP/1.1 404 Not Found
Connection: keep-alive
Content-Length: 58
Content-Type: application/json
X-Request-Id: 67642637474110414400

{"error":"not_found","request_id":"","routine":"MIOROUTE"}HTTP/1.1 404 Not Found
Connection: keep-alive
Content-Length: 58
Content-Type: application/json
X-Request-Id: 67642637474120814400

{"error":"not_found","request_id":"","routine":"MIOROUTE"}HTTP/1.1 404 Not Found
Connection: keep-alive
Content-Length: 58
Content-Type: application/json
X-Request-Id: 67642637474131514400

{"error":"not_found","request_id":"","routine":"MIOROUTE"}HTTP/1.1 404 Not Found
Connection: keep-alive
Content-Length: 58
Content-Type: application/json
X-Request-Id: 67642637474141114400

{"error":"not_found","request_id":"","routine":"MIOROUTE"}HTTP/1.1 404 Not Found
Connection: keep-alive
Content-Length: 58
Content-Type: application/json
X-Request-Id: 67642637474151614400

{"error":"not_found","request_id":"","routine":"MIOROUTE"}HTTP/1.1 404 Not Found
Connection: keep-alive
Content-Length: 58
Content-Type: application/json
X-Request-Id: 67642637474161214400

{"error":"not_found","request_id":"","routine":"MIOROUTE"}HTTP/1.1 404 Not Found
Connection: keep-alive
Content-Length: 58
Content-Type: application/json
X-Request-Id: 67642637474170214400

{"error":"not_found","request_id":"","routine":"MIOROUTE"}HTTP/1.1 404 Not Found
Connection: keep-alive
Content-Length: 58
Content-Type: application/json
X-Request-Id: 67642637474182814400

{"error":"not_found","request_id":"","routine":"MIOROUTE"}HTTP/1.1 404 Not Found
Connection: keep-alive
Content-Length: 58
Content-Type: application/json
X-Request-Id: 67642637474193214400

{"error":"not_found","request_id":"","routine":"MIOROUTE"}HTTP/1.1 404 Not Found
Connection: keep-alive
Content-Length: 58
Content-Type: application/json
X-Request-Id: 67642637474203814400

{"error":"not_found","request_id":"","routine":"MIOROUTE"}HTTP/1.1 404 Not Found
Connection: keep-alive
Content-Length: 58
Content-Type: application/json
X-Request-Id: 67642637474213414400

{"error":"not_found","request_id":"","routine":"MIOROUTE"}HTTP/1.1 404 Not Found
Connection: keep-alive
Content-Length: 58
Content-Type: application/json
X-Request-Id: 67642637474223914400

{"error":"not_found","request_id":"","routine":"MIOROUTE"}HTTP/1.1 404 Not Found
Connection: keep-alive
Content-Length: 58
Content-Type: application/json
X-Request-Id: 67642637474233514400

{"error":"not_found","request_id":"","routine":"MIOROUTE"}HTTP/1.1 404 Not Found
Connection: keep-alive
Content-Length: 58
Content-Type: application/json
X-Request-Id: 67642637474244014400

{"error":"not_found","request_id":"","routine":"MIOROUTE"}HTTP/1.1 404 Not Found
Connection: keep-alive
Content-Length: 58
Content-Type: application/json
X-Request-Id: 67642637474263114400

{"error":"not_found","request_id":"","routine":"MIOROUTE"}HTTP/1.1 404 Not Found
Connection: keep-alive
Content-Length: 58
Content-Type: application/json
X-Request-Id: 67642637474274514400

{"error":"not_found","request_id":"","routine":"MIOROUTE"}HTTP/1.1 404 Not Found
Connection: keep-alive
Content-Length: 58
Content-Type: application/json
X-Request-Id: 67642637474285714400

{"error":"not_found","request_id":"","routine":"MIOROUTE"}HTTP/1.1 404 Not Found
Connection: keep-alive
Content-Length: 58
Content-Type: application/json
X-Request-Id: 67642637474297814400

{"error":"not_found","request_id":"","routine":"MIOROUTE"}HTTP/1.1 404 Not Found
Connection: keep-alive
Content-Length: 58
Content-Type: application/json
X-Request-Id: 67642637474308214400

{"error":"not_found","request_id":"","routine":"MIOROUTE"}HTTP/1.1 404 Not Found
Connection: keep-alive
Content-Length: 58
Content-Type: application/json
X-Request-Id: 67642637474319014400

{"error":"not_found","request_id":"","routine":"MIOROUTE"}HTTP/1.1 404 Not Found
Connection: keep-alive
Content-Length: 58
Content-Type: application/json
X-Request-Id: 67642637474328614400

{"error":"not_found","request_id":"","routine":"MIOROUTE"}HTTP/1.1 404 Not Found
Connection: keep-alive
Content-Length: 58
Content-Type: application/json
X-Request-Id: 67642637474339114400

{"error":"not_found","request_id":"","routine":"MIOROUTE"}HTTP/1.1 404 Not Found
Connection: keep-alive
Content-Length: 58
Content-Type: application/json
X-Request-Id: 67642637474352014400

{"error":"not_found","request_id":"","routine":"MIOROUTE"}HTTP/1.1 404 Not Found
Connection: keep-alive
Content-Length: 58
Content-Type: application/json
X-Request-Id: 67642637474363114400

{"error":"not_found","request_id":"","routine":"MIOROUTE"}HTTP/1.1 404 Not Found
Connection: keep-alive
Content-Length: 58
Content-Type: application/json
X-Request-Id: 67642637474374014400

{"error":"not_found","request_id":"","routine":"MIOROUTE"}HTTP/1.1 404 Not Found
Connection: keep-alive
Content-Length: 58
Content-Type: application/json
X-Request-Id: 67642637474383514400

{"error":"not_found","request_id":"","routine":"MIOROUTE"}HTTP/1.1 404 Not Found
Connection: keep-alive
Content-Length: 58
Content-Type: application/json
X-Request-Id: 67642637474396214400

{"error":"not_found","request_id":"","routine":"MIOROUTE"}HTTP/1.1 404 Not Found
Connection: keep-alive
Content-Length: 58
Content-Type: application/json
X-Request-Id: 67642637474407014400

{"error":"not_found","request_id":"","routine":"MIOROUTE"}HTTP/1.1 404 Not Found
Connection: keep-alive
Content-Length: 58
Content-Type: application/json
X-Request-Id: 67642637474417614400

{"error":"not_found","request_id":"","routine":"MIOROUTE"}HTTP/1.1 404 Not Found
Connection: keep-alive
Content-Length: 58
Content-Type: application/json
X-Request-Id: 67642637474427214400

{"error":"not_found","request_id":"","routine":"MIOROUTE"}HTTP/1.1 404 Not Found
Connection: keep-alive
Content-Length: 58
Content-Type: application/json
X-Request-Id: 67642637474437714400

{"error":"not_found","request_id":"","routine":"MIOROUTE"}HTTP/1.1 404 Not Found
Connection: keep-alive
Content-Length: 58
Content-Type: application/json
X-Request-Id: 67642637474447314400

{"error":"not_found","request_id":"","routine":"MIOROUTE"}HTTP/1.1 404 Not Found
Connection: keep-alive
Content-Length: 58
Content-Type: application/json
X-Request-Id: 67642637474458714400

{"error":"not_found","request_id":"","routine":"MIOROUTE"}HTTP/1.1 404 Not Found
Connection: keep-alive
Content-Length: 58
Content-Type: application/json
X-Request-Id: 67642637474469014400

{"error":"not_found","request_id":"","routine":"MIOROUTE"}HTTP/1.1 404 Not Found
Connection: keep-alive
Content-Length: 58
Content-Type: application/json
X-Request-Id: 67642637474479614400

{"error":"not_found","request_id":"","routine":"MIOROUTE"}HTTP/1.1 404 Not Found
Connection: keep-alive
Content-Length: 58
Content-Type: application/json
X-Request-Id: 67642637474489214400

{"error":"not_found","request_id":"","routine":"MIOROUTE"}HTTP/1.1 404 Not Found
Connection: keep-alive
Content-Length: 58
Content-Type: application/json
X-Request-Id: 67642637474498114400

{"error":"not_found","request_id":"","routine":"MIOROUTE"}HTTP/1.1 404 Not Found
Connection: keep-alive
Content-Length: 58
Content-Type: application/json
X-Request-Id: 67642637474508614400

{"error":"not_found","request_id":"","routine":"MIOROUTE"}HTTP/1.1 404 Not Found
Connection: keep-alive
Content-Length: 58
Content-Type: application/json
X-Request-Id: 67642637474518814400

{"error":"not_found","request_id":"","routine":"MIOROUTE"}HTTP/1.1 404 Not Found
Connection: keep-alive
Content-Length: 58
Content-Type: application/json
X-Request-Id: 67642637474529114400

{"error":"not_found","request_id":"","routine":"MIOROUTE"}HTTP/1.1 404 Not Found
Connection: keep-alive
Content-Length: 58
Content-Type: application/json
X-Request-Id: 67642637474539514400

{"error":"not_found","request_id":"","routine":"MIOROUTE"}HTTP/1.1 404 Not Found
Connection: keep-alive
Content-Length: 58
Content-Type: application/json
X-Request-Id: 67642637474550814400

{"error":"not_found","request_id":"","routine":"MIOROUTE"}HTTP/1.1 404 Not Found
Connection: keep-alive
Content-Length: 58
Content-Type: application/json
X-Request-Id: 67642637474561714400

{"error":"not_found","request_id":"","routine":"MIOROUTE"}HTTP/1.1 404 Not Found
Connection: keep-alive
Content-Length: 58
Content-Type: application/json
X-Request-Id: 67642637474572114400

{"error":"not_found","request_id":"","routine":"MIOROUTE"}HTTP/1.1 404 Not Found
Connection: keep-alive
Content-Length: 58
Content-Type: application/json
X-Request-Id: 67642637474582714400

{"error":"not_found","request_id":"","routine":"MIOROUTE"}HTTP/1.1 404 Not Found
Connection: keep-alive
Content-Length: 58
Content-Type: application/json
X-Request-Id: 67642637474592214400

{"error":"not_found","request_id":"","routine":"MIOROUTE"}HTTP/1.1 404 Not Found
Connection: keep-alive
Content-Length: 58
Content-Type: application/json
X-Request-Id: 67642637474601214400

{"error":"not_found","request_id":"","routine":"MIOROUTE"}HTTP/1.1 404 Not Found
Connection: keep-alive
Content-Length: 58
Content-Type: application/json
X-Request-Id: 67642637474620214400

{"error":"not_found","request_id":"","routine":"MIOROUTE"}HTTP/1.1 404 Not Found
Connection: keep-alive
Content-Length: 58
Content-Type: application/json
X-Request-Id: 67642637474630014400

{"error":"not_found","request_id":"","routine":"MIOROUTE"}HTTP/1.1 404 Not Found
Connection: keep-alive
Content-Length: 58
Content-Type: application/json
X-Request-Id: 67642637474642114400

{"error":"not_found","request_id":"","routine":"MIOROUTE"}HTTP/1.1 404 Not Found
Connection: keep-alive
Content-Length: 58
Content-Type: application/json
X-Request-Id: 67642637474651714400

{"error":"not_found","request_id":"","routine":"MIOROUTE"}HTTP/1.1 404 Not Found
Connection: keep-alive
Content-Length: 58
Content-Type: application/json
X-Request-Id: 67642637474662314400

{"error":"not_found","request_id":"","routine":"MIOROUTE"}HTTP/1.1 404 Not Found
Connection: keep-alive
Content-Length: 58
Content-Type: application/json
X-Request-Id: 67642637474671914400

{"error":"not_found","request_id":"","routine":"MIOROUTE"}HTTP/1.1 404 Not Found
Connection: keep-alive
Content-Length: 58
Content-Type: application/json
X-Request-Id: 67642637474682414400

{"error":"not_found","request_id":"","routine":"MIOROUTE"}HTTP/1.1 404 Not Found
Connection: keep-alive
Content-Length: 58
Content-Type: application/json
X-Request-Id: 67642637474692114400

{"error":"not_found","request_id":"","routine":"MIOROUTE"}HTTP/1.1 404 Not Found
Connection: keep-alive
Content-Length: 58
Content-Type: application/json
X-Request-Id: 67642637474702514400

{"error":"not_found","request_id":"","routine":"MIOROUTE"}HTTP/1.1 404 Not Found
Connection: keep-alive
Content-Length: 58
Content-Type: application/json
X-Request-Id: 67642637474712114400

{"error":"not_found","request_id":"","routine":"MIOROUTE"}HTTP/1.1 404 Not Found
Connection: keep-alive
Content-Length: 58
Content-Type: application/json
X-Request-Id: 67642637474724214400

{"error":"not_found","request_id":"","routine":"MIOROUTE"}HTTP/1.1 404 Not Found
Connection: keep-alive
Content-Length: 58
Content-Type: application/json
X-Request-Id: 67642637474733914400

{"error":"not_found","request_id":"","routine":"MIOROUTE"}HTTP/1.1 404 Not Found
Connection: keep-alive
Content-Length: 58
Content-Type: application/json
X-Request-Id: 67642637474743914400

{"error":"not_found","request_id":"","routine":"MIOROUTE"}HTTP/1.1 404 Not Found
Connection: keep-alive
Content-Length: 58
Content-Type: application/json
X-Request-Id: 67642637474754814400

{"error":"not_found","request_id":"","routine":"MIOROUTE"}HTTP/1.1 404 Not Found
Connection: keep-alive
Content-Length: 58
Content-Type: application/json
X-Request-Id: 67642637474766414400

{"error":"not_found","request_id":"","routine":"MIOROUTE"}HTTP/1.1 404 Not Found
Connection: keep-alive
Content-Length: 58
Content-Type: application/json
X-Request-Id: 67642637474777814400

{"error":"not_found","request_id":"","routine":"MIOROUTE"}HTTP/1.1 404 Not Found
Connection: keep-alive
Content-Length: 58
Content-Type: application/json
X-Request-Id: 67642637474788714400

{"error":"not_found","request_id":"","routine":"MIOROUTE"}HTTP/1.1 404 Not Found
Connection: keep-alive
Content-Length: 58
Content-Type: application/json
X-Request-Id: 67642637474803614400

{"error":"not_found","request_id":"","routine":"MIOROUTE"}HTTP/1.1 404 Not Found
Connection: keep-alive
Content-Length: 58
Content-Type: application/json
X-Request-Id: 67642637474814814400

{"error":"not_found","request_id":"","routine":"MIOROUTE"}HTTP/1.1 404 Not Found
Connection: keep-alive
Content-Length: 58
Content-Type: application/json
X-Request-Id: 67642637474825414400

{"error":"not_found","request_id":"","routine":"MIOROUTE"}HTTP/1.1 404 Not Found
Connection: keep-alive
Content-Length: 58
Content-Type: application/json
X-Request-Id: 67642637474835014400

{"error":"not_found","request_id":"","routine":"MIOROUTE"}HTTP/1.1 404 Not Found
Connection: keep-alive
Content-Length: 58
Content-Type: application/json
X-Request-Id: 67642637474844014400

{"error":"not_found","request_id":"","routine":"MIOROUTE"}HTTP/1.1 404 Not Found
Connection: keep-alive
Content-Length: 58
Content-Type: application/json
X-Request-Id: 67642637474854514400

{"error":"not_found","request_id":"","routine":"MIOROUTE"}HTTP/1.1 404 Not Found
Connection: keep-alive
Content-Length: 58
Content-Type: application/json
X-Request-Id: 67642637474865414400

{"error":"not_found","request_id":"","routine":"MIOROUTE"}HTTP/1.1 404 Not Found
Connection: keep-alive
Content-Length: 58
Content-Type: application/json
X-Request-Id: 67642637474876214400

{"error":"not_found","request_id":"","routine":"MIOROUTE"}HTTP/1.1 404 Not Found
Connection: keep-alive
Content-Length: 58
Content-Type: application/json
X-Request-Id: 67642637474887114400

{"error":"not_found","request_id":"","routine":"MIOROUTE"}HTTP/1.1 404 Not Found
Connection: keep-alive
Content-Length: 58
Content-Type: application/json
X-Request-Id: 67642637474897914400

{"error":"not_found","request_id":"","routine":"MIOROUTE"}HTTP/1.1 404 Not Found
Connection: keep-alive
Content-Length: 58
Content-Type: application/json
X-Request-Id: 67642637474913414400

{"error":"not_found","request_id":"","routine":"MIOROUTE"}HTTP/1.1 404 Not Found
Connection: keep-alive
Content-Length: 58
Content-Type: application/json
X-Request-Id: 67642637474925014400

{"error":"not_found","request_id":"","routine":"MIOROUTE"}HTTP/1.1 404 Not Found
Connection: keep-alive
Content-Length: 58
Content-Type: application/json
X-Request-Id: 67642637474939714400

{"error":"not_found","request_id":"","routine":"MIOROUTE"}HTTP/1.1 404 Not Found
Connection: keep-alive
Content-Length: 58
Content-Type: application/json
X-Request-Id: 67642637474951314400

{"error":"not_found","request_id":"","routine":"MIOROUTE"}HTTP/1.1 404 Not Found
Connection: keep-alive
Content-Length: 58
Content-Type: application/json
X-Request-Id: 67642637474965314400

{"error":"not_found","request_id":"","routine":"MIOROUTE"}HTTP/1.1 404 Not Found
Connection: keep-alive
Content-Length: 58
Content-Type: application/json
X-Request-Id: 67642637474986314400

{"error":"not_found","request_id":"","routine":"MIOROUTE"}HTTP/1.1 404 Not Found
Connection: keep-alive
Content-Length: 58
Content-Type: application/json
X-Request-Id: 67642637475000114400

{"error":"not_found","request_id":"","routine":"MIOROUTE"}HTTP/1.1 404 Not Found
Connection: keep-alive
Content-Length: 58
Content-Type: application/json
X-Request-Id: 67642637475009814400

{"error":"not_found","request_id":"","routine":"MIOROUTE"}HTTP/1.1 404 Not Found
Connection: keep-alive
Content-Length: 58
Content-Type: application/json
X-Request-Id: 67642637475020514400

{"error":"not_found","request_id":"","routine":"MIOROUTE"}HTTP/1.1 404 Not Found
Connection: keep-alive
Content-Length: 58
Content-Type: application/json
X-Request-Id: 67642637475030114400

{"error":"not_found","request_id":"","routine":"MIOROUTE"}HTTP/1.1 404 Not Found
Connection: keep-alive
Content-Length: 58
Content-Type: application/json
X-Request-Id: 67642637475040714400

{"error":"not_found","request_id":"","routine":"MIOROUTE"}HTTP/1.1 404 Not Found
Connection: keep-alive
Content-Length: 58
Content-Type: application/json
X-Request-Id: 67642637475050814400

{"error":"not_found","request_id":"","routine":"MIOROUTE"}HTTP/1.1 404 Not Found
Connection: keep-alive
Content-Length: 58
Content-Type: application/json
X-Request-Id: 67642637475061314400

{"error":"not_found","request_id":"","routine":"MIOROUTE"}HTTP/1.1 404 Not Found
Connection: keep-alive
Content-Length: 58
Content-Type: application/json
X-Request-Id: 67642637475071914400

{"error":"not_found","request_id":"","routine":"MIOROUTE"}HTTP/1.1 404 Not Found
Connection: keep-alive
Content-Length: 58
Content-Type: application/json
X-Request-Id: 67642637475083014400

{"error":"not_found","request_id":"","routine":"MIOROUTE"}HTTP/1.1 404 Not Found
Connection: keep-alive
Content-Length: 58
Content-Type: application/json
X-Request-Id: 67642637475093814400

{"error":"not_found","request_id":"","routine":"MIOROUTE"}HTTP/1.1 404 Not Found
Connection: keep-alive
Content-Length: 58
Content-Type: application/json
X-Request-Id: 67642637475103514400

{"error":"not_found","request_id":"","routine":"MIOROUTE"}HTTP/1.1 404 Not Found
Connection: keep-alive
Content-Length: 58
Content-Type: application/json
X-Request-Id: 67642637475114014400

{"error":"not_found","request_id":"","routine":"MIOROUTE"}HTTP/1.1 404 Not Found
Connection: keep-alive
Content-Length: 58
Content-Type: application/json
X-Request-Id: 67642637475123514400

{"error":"not_found","request_id":"","routine":"MIOROUTE"}HTTP/1.1 404 Not Found
Connection: keep-alive
Content-Length: 58
Content-Type: application/json
X-Request-Id: 67642637475134014400

{"error":"not_found","request_id":"","routine":"MIOROUTE"}HTTP/1.1 404 Not Found
Connection: keep-alive
Content-Length: 58
Content-Type: application/json
X-Request-Id: 67642637475144014400

{"error":"not_found","request_id":"","routine":"MIOROUTE"}HTTP/1.1 404 Not Found
Connection: keep-alive
Content-Length: 58
Content-Type: application/json
X-Request-Id: 67642637475156014400

{"error":"not_found","request_id":"","routine":"MIOROUTE"}HTTP/1.1 404 Not Found
Connection: keep-alive
Content-Length: 58
Content-Type: application/json
X-Request-Id: 67642637475166314400

{"error":"not_found","request_id":"","routine":"MIOROUTE"}HTTP/1.1 404 Not Found
Connection: keep-alive
Content-Length: 58
Content-Type: application/json
X-Request-Id: 67642637475178214400

{"error":"not_found","request_id":"","routine":"MIOROUTE"}HTTP/1.1 404 Not Found
Connection: keep-alive
Content-Length: 58
Content-Type: application/json
X-Request-Id: 67642637475189714400

{"error":"not_found","request_id":"","routine":"MIOROUTE"}HTTP/1.1 404 Not Found
Connection: keep-alive
Content-Length: 58
Content-Type: application/json
X-Request-Id: 67642637475204014400

{"error":"not_found","request_id":"","routine":"MIOROUTE"}HTTP/1.1 404 Not Found
Connection: keep-alive
Content-Length: 58
Content-Type: application/json
X-Request-Id: 67642637475214914400

{"error":"not_found","request_id":"","routine":"MIOROUTE"}HTTP/1.1 404 Not Found
Connection: keep-alive
Content-Length: 58
Content-Type: application/json
X-Request-Id: 67642637475225414400

{"error":"not_found","request_id":"","routine":"MIOROUTE"}HTTP/1.1 404 Not Found
Connection: keep-alive
Content-Length: 58
Content-Type: application/json
X-Request-Id: 67642637475236414400

{"error":"not_found","request_id":"","routine":"MIOROUTE"}HTTP/1.1 404 Not Found
Connection: keep-alive
Content-Length: 58
Content-Type: application/json
X-Request-Id: 67642637475247214400

{"error":"not_found","request_id":"","routine":"MIOROUTE"}HTTP/1.1 404 Not Found
Connection: keep-alive
Content-Length: 58
Content-Type: application/json
X-Request-Id: 67642637475258114400

{"error":"not_found","request_id":"","routine":"MIOROUTE"}HTTP/1.1 404 Not Found
Connection: keep-alive
Content-Length: 58
Content-Type: application/json
X-Request-Id: 67642637475270314400

{"error":"not_found","request_id":"","routine":"MIOROUTE"}HTTP/1.1 404 Not Found
Connection: keep-alive
Content-Length: 58
Content-Type: application/json
X-Request-Id: 67642637475281114400

{"error":"not_found","request_id":"","routine":"MIOROUTE"}HTTP/1.1 404 Not Found
Connection: keep-alive
Content-Length: 58
Content-Type: application/json
X-Request-Id: 67642637475291514400

{"error":"not_found","request_id":"","routine":"MIOROUTE"}HTTP/1.1 404 Not Found
Connection: keep-alive
Content-Length: 58
Content-Type: application/json
X-Request-Id: 67642637475302114400

{"error":"not_found","request_id":"","routine":"MIOROUTE"}HTTP/1.1 404 Not Found
Connection: keep-alive
Content-Length: 58
Content-Type: application/json
X-Request-Id: 67642637475311714400

{"error":"not_found","request_id":"","routine":"MIOROUTE"}HTTP/1.1 404 Not Found
Connection: keep-alive
Content-Length: 58
Content-Type: application/json
X-Request-Id: 67642637475322314400

{"error":"not_found","request_id":"","routine":"MIOROUTE"}HTTP/1.1 404 Not Found
Connection: keep-alive
Content-Length: 58
Content-Type: application/json
X-Request-Id: 67642637475331914400

{"error":"not_found","request_id":"","routine":"MIOROUTE"}HTTP/1.1 404 Not Found
Connection: keep-alive
Content-Length: 58
Content-Type: application/json
X-Request-Id: 67642637475349214400

{"error":"not_found","request_id":"","routine":"MIOROUTE"}HTTP/1.1 404 Not Found
Connection: keep-alive
Content-Length: 58
Content-Type: application/json
X-Request-Id: 67642637475362214400

{"error":"not_found","request_id":"","routine":"MIOROUTE"}HTTP/1.1 404 Not Found
Connection: keep-alive
Content-Length: 58
Content-Type: application/json
X-Request-Id: 67642637475372714400

{"error":"not_found","request_id":"","routine":"MIOROUTE"}HTTP/1.1 404 Not Found
Connection: keep-alive
Content-Length: 58
Content-Type: application/json
X-Request-Id: 67642637475383414400

{"error":"not_found","request_id":"","routine":"MIOROUTE"}HTTP/1.1 404 Not Found
Connection: keep-alive
Content-Length: 58
Content-Type: application/json
X-Request-Id: 67642637475398514400

{"error":"not_found","request_id":"","routine":"MIOROUTE"}HTTP/1.1 404 Not Found
Connection: keep-alive
Content-Length: 58
Content-Type: application/json
X-Request-Id: 67642637475411014400

{"error":"not_found","request_id":"","routine":"MIOROUTE"}HTTP/1.1 404 Not Found
Connection: keep-alive
Content-Length: 58
Content-Type: application/json
X-Request-Id: 67642637475422214400

{"error":"not_found","request_id":"","routine":"MIOROUTE"}HTTP/1.1 404 Not Found
Connection: keep-alive
Content-Length: 58
Content-Type: application/json
X-Request-Id: 67642637475433714400

{"error":"not_found","request_id":"","routine":"MIOROUTE"}HTTP/1.1 404 Not Found
Connection: keep-alive
Content-Length: 58
Content-Type: application/json
X-Request-Id: 67642637475454014400

{"error":"not_found","request_id":"","routine":"MIOROUTE"}HTTP/1.1 404 Not Found
Connection: keep-alive
Content-Length: 58
Content-Type: application/json
X-Request-Id: 67642637475461814400

{"error":"not_found","request_id":"","routine":"MIOROUTE"}HTTP/1.1 404 Not Found
Connection: keep-alive
Content-Length: 58
Content-Type: application/json
X-Request-Id: 67642637475469514400

{"error":"not_found","request_id":"","routine":"MIOROUTE"}HTTP/1.1 404 Not Found
Connection: keep-alive
Content-Length: 58
Content-Type: application/json
X-Request-Id: 67642637475479414400

{"error":"not_found","request_id":"","routine":"MIOROUTE"}HTTP/1.1 404 Not Found
Connection: keep-alive
Content-Length: 58
Content-Type: application/json
X-Request-Id: 67642637475490114400

{"error":"not_found","request_id":"","routine":"MIOROUTE"}HTTP/1.1 404 Not Found
Connection: keep-alive
Content-Length: 58
Content-Type: application/json
X-Request-Id: 67642637475500614400

{"error":"not_found","request_id":"","routine":"MIOROUTE"}HTTP/1.1 404 Not Found
Connection: keep-alive
Content-Length: 58
Content-Type: application/json
X-Request-Id: 67642637475511314400

{"error":"not_found","request_id":"","routine":"MIOROUTE"}HTTP/1.1 404 Not Found
Connection: keep-alive
Content-Length: 58
Content-Type: application/json
X-Request-Id: 67642637475521014400

{"error":"not_found","request_id":"","routine":"MIOROUTE"}HTTP/1.1 404 Not Found
Connection: keep-alive
Content-Length: 58
Content-Type: application/json
X-Request-Id: 67642637475533114400

{"error":"not_found","request_id":"","routine":"MIOROUTE"}HTTP/1.1 404 Not Found
Connection: keep-alive
Content-Length: 58
Content-Type: application/json
X-Request-Id: 67642637475543214400

{"error":"not_found","request_id":"","routine":"MIOROUTE"}HTTP/1.1 404 Not Found
Connection: keep-alive
Content-Length: 58
Content-Type: application/json
X-Request-Id: 67642637475555614400

{"error":"not_found","request_id":"","routine":"MIOROUTE"}HTTP/1.1 404 Not Found
Connection: keep-alive
Content-Length: 58
Content-Type: application/json
X-Request-Id: 67642637475570314400

{"error":"not_found","request_id":"","routine":"MIOROUTE"}HTTP/1.1 404 Not Found
Connection: keep-alive
Content-Length: 58
Content-Type: application/json
X-Request-Id: 67642637475583414400

{"error":"not_found","request_id":"","routine":"MIOROUTE"}HTTP/1.1 404 Not Found
Connection: keep-alive
Content-Length: 58
Content-Type: application/json
X-Request-Id: 67642637475595614400

{"error":"not_found","request_id":"","routine":"MIOROUTE"}HTTP/1.1 404 Not Found
Connection: keep-alive
Content-Length: 58
Content-Type: application/json
X-Request-Id: 67642637475607614400

{"error":"not_found","request_id":"","routine":"MIOROUTE"}HTTP/1.1 404 Not Found
Connection: keep-alive
Content-Length: 58
Content-Type: application/json
X-Request-Id: 67642637475617814400

{"error":"not_found","request_id":"","routine":"MIOROUTE"}HTTP/1.1 404 Not Found
Connection: keep-alive
Content-Length: 58
Content-Type: application/json
X-Request-Id: 67642637475628114400

{"error":"not_found","request_id":"","routine":"MIOROUTE"}HTTP/1.1 404 Not Found
Connection: keep-alive
Content-Length: 58
Content-Type: application/json
X-Request-Id: 67642637475637914400

{"error":"not_found","request_id":"","routine":"MIOROUTE"}HTTP/1.1 404 Not Found
Connection: keep-alive
Content-Length: 58
Content-Type: application/json
X-Request-Id: 67642637475648114400

{"error":"not_found","request_id":"","routine":"MIOROUTE"}HTTP/1.1 404 Not Found
Connection: keep-alive
Content-Length: 58
Content-Type: application/json
X-Request-Id: 67642637475657814400

{"error":"not_found","request_id":"","routine":"MIOROUTE"}HTTP/1.1 404 Not Found
Connection: keep-alive
Content-Length: 58
Content-Type: application/json
X-Request-Id: 67642637475668014400

{"error":"not_found","request_id":"","routine":"MIOROUTE"}HTTP/1.1 404 Not Found
Connection: keep-alive
Content-Length: 58
Content-Type: application/json
X-Request-Id: 67642637475678714400

{"error":"not_found","request_id":"","routine":"MIOROUTE"}HTTP/1.1 404 Not Found
Connection: keep-alive
Content-Length: 58
Content-Type: application/json
X-Request-Id: 67642637475689114400

{"error":"not_found","request_id":"","routine":"MIOROUTE"}HTTP/1.1 404 Not Found
Connection: keep-alive
Content-Length: 58
Content-Type: application/json
X-Request-Id: 67642637475700114400

{"error":"not_found","request_id":"","routine":"MIOROUTE"}HTTP/1.1 404 Not Found
Connection: keep-alive
Content-Length: 58
Content-Type: application/json
X-Request-Id: 67642637475721514400

{"error":"not_found","request_id":"","routine":"MIOROUTE"}HTTP/1.1 404 Not Found
Connection: keep-alive
Content-Length: 58
Content-Type: application/json
X-Request-Id: 67642637475731514400

{"error":"not_found","request_id":"","routine":"MIOROUTE"}HTTP/1.1 404 Not Found
Connection: keep-alive
Content-Length: 58
Content-Type: application/json
X-Request-Id: 67642637475742114400

{"error":"not_found","request_id":"","routine":"MIOROUTE"}HTTP/1.1 404 Not Found
Connection: keep-alive
Content-Length: 58
Content-Type: application/json
X-Request-Id: 67642637475752514400

{"error":"not_found","request_id":"","routine":"MIOROUTE"}HTTP/1.1 404 Not Found
Connection: keep-alive
Content-Length: 58
Content-Type: application/json
X-Request-Id: 67642637475762314400

{"error":"not_found","request_id":"","routine":"MIOROUTE"}HTTP/1.1 404 Not Found
Connection: keep-alive
Content-Length: 58
Content-Type: application/json
X-Request-Id: 67642637475773014400

{"error":"not_found","request_id":"","routine":"MIOROUTE"}HTTP/1.1 404 Not Found
Connection: keep-alive
Content-Length: 58
Content-Type: application/json
X-Request-Id: 67642637475783514400

{"error":"not_found","request_id":"","routine":"MIOROUTE"}HTTP/1.1 404 Not Found
Connection: keep-alive
Content-Length: 58
Content-Type: application/json
X-Request-Id: 67642637475793114400

{"error":"not_found","request_id":"","routine":"MIOROUTE"}HTTP/1.1 404 Not Found
Connection: keep-alive
Content-Length: 58
Content-Type: application/json
X-Request-Id: 67642637475804914400

{"error":"not_found","request_id":"","routine":"MIOROUTE"}HTTP/1.1 404 Not Found
Connection: keep-alive
Content-Length: 58
Content-Type: application/json
X-Request-Id: 67642637475815614400

{"error":"not_found","request_id":"","routine":"MIOROUTE"}HTTP/1.1 404 Not Found
Connection: keep-alive
Content-Length: 58
Content-Type: application/json
X-Request-Id: 67642637475825214400

{"error":"not_found","request_id":"","routine":"MIOROUTE"}HTTP/1.1 404 Not Found
Connection: keep-alive
Content-Length: 58
Content-Type: application/json
X-Request-Id: 67642637475835914400

{"error":"not_found","request_id":"","routine":"MIOROUTE"}HTTP/1.1 404 Not Found
Connection: keep-alive
Content-Length: 58
Content-Type: application/json
X-Request-Id: 67642637475846514400

{"error":"not_found","request_id":"","routine":"MIOROUTE"}HTTP/1.1 404 Not Found
Connection: keep-alive
Content-Length: 58
Content-Type: application/json
X-Request-Id: 67642637475856014400

{"error":"not_found","request_id":"","routine":"MIOROUTE"}HTTP/1.1 404 Not Found
Connection: keep-alive
Content-Length: 58
Content-Type: application/json
X-Request-Id: 67642637475868014400

{"error":"not_found","request_id":"","routine":"MIOROUTE"}HTTP/1.1 404 Not Found
Connection: keep-alive
Content-Length: 58
Content-Type: application/json
X-Request-Id: 67642637475878714400

{"error":"not_found","request_id":"","routine":"MIOROUTE"}HTTP/1.1 404 Not Found
Connection: keep-alive
Content-Length: 58
Content-Type: application/json
X-Request-Id: 67642637475888614400

{"error":"not_found","request_id":"","routine":"MIOROUTE"}HTTP/1.1 404 Not Found
Connection: keep-alive
Content-Length: 58
Content-Type: application/json
X-Request-Id: 67642637475899714400

{"error":"not_found","request_id":"","routine":"MIOROUTE"}HTTP/1.1 404 Not Found
Connection: keep-alive
Content-Length: 58
Content-Type: application/json
X-Request-Id: 67642637475908414400

{"error":"not_found","request_id":"","routine":"MIOROUTE"}HTTP/1.1 404 Not Found
Connection: keep-alive
Content-Length: 58
Content-Type: application/json
X-Request-Id: 67642637475919014400

{"error":"not_found","request_id":"","routine":"MIOROUTE"}HTTP/1.1 404 Not Found
Connection: keep-alive
Content-Length: 58
Content-Type: application/json
X-Request-Id: 67642637475930314400

{"error":"not_found","request_id":"","routine":"MIOROUTE"}HTTP/1.1 404 Not Found
Connection: keep-alive
Content-Length: 58
Content-Type: application/json
X-Request-Id: 67642637475940714400

{"error":"not_found","request_id":"","routine":"MIOROUTE"}HTTP/1.1 404 Not Found
Connection: keep-alive
Content-Length: 58
Content-Type: application/json
X-Request-Id: 67642637475950314400

{"error":"not_found","request_id":"","routine":"MIOROUTE"}HTTP/1.1 404 Not Found
Connection: keep-alive
Content-Length: 58
Content-Type: application/json
X-Request-Id: 67642637475960514400

{"error":"not_found","request_id":"","routine":"MIOROUTE"}HTTP/1.1 404 Not Found
Connection: keep-alive
Content-Length: 58
Content-Type: application/json
X-Request-Id: 67642637475970914400

{"error":"not_found","request_id":"","routine":"MIOROUTE"}HTTP/1.1 404 Not Found
Connection: keep-alive
Content-Length: 58
Content-Type: application/json
X-Request-Id: 67642637475983314400

{"error":"not_found","request_id":"","routine":"MIOROUTE"}HTTP/1.1 404 Not Found
Connection: keep-alive
Content-Length: 58
Content-Type: application/json
X-Request-Id: 67642637475995514400

{"error":"not_found","request_id":"","routine":"MIOROUTE"}HTTP/1.1 404 Not Found
Connection: keep-alive
Content-Length: 58
Content-Type: application/json
X-Request-Id: 67642637476006814400

{"error":"not_found","request_id":"","routine":"MIOROUTE"}HTTP/1.1 404 Not Found
Connection: keep-alive
Content-Length: 58
Content-Type: application/json
X-Request-Id: 67642637476016514400

{"error":"not_found","request_id":"","routine":"MIOROUTE"}HTTP/1.1 404 Not Found
Connection: keep-alive
Content-Length: 58
Content-Type: application/json
X-Request-Id: 67642637476026214400

{"error":"not_found","request_id":"","routine":"MIOROUTE"}HTTP/1.1 404 Not Found
Connection: keep-alive
Content-Length: 58
Content-Type: application/json
X-Request-Id: 67642637476036414400

{"error":"not_found","request_id":"","routine":"MIOROUTE"}HTTP/1.1 404 Not Found
Connection: keep-alive
Content-Length: 58
Content-Type: application/json
X-Request-Id: 67642637476047014400

{"error":"not_found","request_id":"","routine":"MIOROUTE"}HTTP/1.1 404 Not Found
Connection: keep-alive
Content-Length: 58
Content-Type: application/json
X-Request-Id: 67642637476057514400

{"error":"not_found","request_id":"","routine":"MIOROUTE"}HTTP/1.1 404 Not Found
Connection: keep-alive
Content-Length: 58
Content-Type: application/json
X-Request-Id: 67642637476076714400

{"error":"not_found","request_id":"","routine":"MIOROUTE"}HTTP/1.1 404 Not Found
Connection: keep-alive
Content-Length: 58
Content-Type: application/json
X-Request-Id: 67642637476086514400

{"error":"not_found","request_id":"","routine":"MIOROUTE"}HTTP/1.1 404 Not Found
Connection: keep-alive
Content-Length: 58
Content-Type: application/json
X-Request-Id: 67642637476095314400

{"error":"not_found","request_id":"","routine":"MIOROUTE"}HTTP/1.1 404 Not Found
Connection: keep-alive
Content-Length: 58
Content-Type: application/json
X-Request-Id: 67642637476106214400

{"error":"not_found","request_id":"","routine":"MIOROUTE"}HTTP/1.1 404 Not Found
Connection: keep-alive
Content-Length: 58
Content-Type: application/json
X-Request-Id: 67642637476116414400

{"error":"not_found","request_id":"","routine":"MIOROUTE"}HTTP/1.1 404 Not Found
Connection: keep-alive
Content-Length: 58
Content-Type: application/json
X-Request-Id: 67642637476126214400

{"error":"not_found","request_id":"","routine":"MIOROUTE"}HTTP/1.1 404 Not Found
Connection: keep-alive
Content-Length: 58
Content-Type: application/json
X-Request-Id: 67642637476136814400

{"error":"not_found","request_id":"","routine":"MIOROUTE"}HTTP/1.1 404 Not Found
Connection: keep-alive
Content-Length: 58
Content-Type: application/json
X-Request-Id: 67642637476145714400

{"error":"not_found","request_id":"","routine":"MIOROUTE"}HTTP/1.1 404 Not Found
Connection: keep-alive
Content-Length: 58
Content-Type: application/json
X-Request-Id: 67642637476156914400

{"error":"not_found","request_id":"","routine":"MIOROUTE"}HTTP/1.1 404 Not Found
Connection: keep-alive
Content-Length: 58
Content-Type: application/json
X-Request-Id: 67642637476169214400

{"error":"not_found","request_id":"","routine":"MIOROUTE"}HTTP/1.1 404 Not Found
Connection: keep-alive
Content-Length: 58
Content-Type: application/json
X-Request-Id: 67642637476178714400

{"error":"not_found","request_id":"","routine":"MIOROUTE"}HTTP/1.1 404 Not Found
Connection: keep-alive
Content-Length: 58
Content-Type: application/json
X-Request-Id: 67642637476188414400

{"error":"not_found","request_id":"","routine":"MIOROUTE"}HTTP/1.1 404 Not Found
Connection: keep-alive
Content-Length: 58
Content-Type: application/json
X-Request-Id: 67642637476202514400

{"error":"not_found","request_id":"","routine":"MIOROUTE"}HTTP/1.1 404 Not Found
Connection: keep-alive
Content-Length: 58
Content-Type: application/json
X-Request-Id: 67642637476213614400

{"error":"not_found","request_id":"","routine":"MIOROUTE"}HTTP/1.1 404 Not Found
Connection: keep-alive
Content-Length: 58
Content-Type: application/json
X-Request-Id: 67642637476224914400

{"error":"not_found","request_id":"","routine":"MIOROUTE"}HTTP/1.1 404 Not Found
Connection: keep-alive
Content-Length: 58
Content-Type: application/json
X-Request-Id: 67642637476235514400

{"error":"not_found","request_id":"","routine":"MIOROUTE"}HTTP/1.1 404 Not Found
Connection: keep-alive
Content-Length: 58
Content-Type: application/json
X-Request-Id: 67642637476246314400

{"error":"not_found","request_id":"","routine":"MIOROUTE"}HTTP/1.1 404 Not Found
Connection: keep-alive
Content-Length: 58
Content-Type: application/json
X-Request-Id: 67642637476257814400

{"error":"not_found","request_id":"","routine":"MIOROUTE"}HTTP/1.1 404 Not Found
Connection: keep-alive
Content-Length: 58
Content-Type: application/json
X-Request-Id: 67642637476268214400

{"error":"not_found","request_id":"","routine":"MIOROUTE"}HTTP/1.1 404 Not Found
Connection: keep-alive
Content-Length: 58
Content-Type: application/json
X-Request-Id: 67642637476278714400

{"error":"not_found","request_id":"","routine":"MIOROUTE"}HTTP/1.1 404 Not Found
Connection: keep-alive
Content-Length: 58
Content-Type: application/json
X-Request-Id: 67642637476288414400

{"error":"not_found","request_id":"","routine":"MIOROUTE"}HTTP/1.1 404 Not Found
Connection: keep-alive
Content-Length: 58
Content-Type: application/json
X-Request-Id: 67642637476298814400

{"error":"not_found","request_id":"","routine":"MIOROUTE"}HTTP/1.1 404 Not Found
Connection: keep-alive
Content-Length: 58
Content-Type: application/json
X-Request-Id: 67642637476308514400

{"error":"not_found","request_id":"","routine":"MIOROUTE"}HTTP/1.1 404 Not Found
Connection: keep-alive
Content-Length: 58
Content-Type: application/json
X-Request-Id: 67642637476319114400

{"error":"not_found","request_id":"","routine":"MIOROUTE"}HTTP/1.1 404 Not Found
Connection: keep-alive
Content-Length: 58
Content-Type: application/json
X-Request-Id: 67642637476328614400

{"error":"not_found","request_id":"","routine":"MIOROUTE"}HTTP/1.1 404 Not Found
Connection: keep-alive
Content-Length: 58
Content-Type: application/json
X-Request-Id: 67642637476337614400

{"error":"not_found","request_id":"","routine":"MIOROUTE"}HTTP/1.1 404 Not Found
Connection: keep-alive
Content-Length: 58
Content-Type: application/json
X-Request-Id: 67642637476351214400

{"error":"not_found","request_id":"","routine":"MIOROUTE"}HTTP/1.1 404 Not Found
Connection: keep-alive
Content-Length: 58
Content-Type: application/json
X-Request-Id: 67642637476363914400

{"error":"not_found","request_id":"","routine":"MIOROUTE"}HTTP/1.1 404 Not Found
Connection: keep-alive
Content-Length: 58
Content-Type: application/json
X-Request-Id: 67642637476374414400

{"error":"not_found","request_id":"","routine":"MIOROUTE"}HTTP/1.1 404 Not Found
Connection: keep-alive
Content-Length: 58
Content-Type: application/json
X-Request-Id: 67642637476385714400

{"error":"not_found","request_id":"","routine":"MIOROUTE"}HTTP/1.1 404 Not Found
Connection: keep-alive
Content-Length: 58
Content-Type: application/json
X-Request-Id: 67642637476398014400

{"error":"not_found","request_id":"","routine":"MIOROUTE"}HTTP/1.1 404 Not Found
Connection: keep-alive
Content-Length: 58
Content-Type: application/json
X-Request-Id: 67642637476409514400

{"error":"not_found","request_id":"","routine":"MIOROUTE"}HTTP/1.1 404 Not Found
Connection: keep-alive
Content-Length: 58
Content-Type: application/json
X-Request-Id: 67642637476429214400

{"error":"not_found","request_id":"","routine":"MIOROUTE"}HTTP/1.1 404 Not Found
Connection: keep-alive
Content-Length: 58
Content-Type: application/json
X-Request-Id: 67642637476440714400

{"error":"not_found","request_id":"","routine":"MIOROUTE"}HTTP/1.1 404 Not Found
Connection: keep-alive
Content-Length: 58
Content-Type: application/json
X-Request-Id: 67642637476451314400

{"error":"not_found","request_id":"","routine":"MIOROUTE"}HTTP/1.1 404 Not Found
Connection: keep-alive
Content-Length: 58
Content-Type: application/json
X-Request-Id: 67642637476463714400

{"error":"not_found","request_id":"","routine":"MIOROUTE"}HTTP/1.1 404 Not Found
Connection: keep-alive
Content-Length: 58
Content-Type: application/json
X-Request-Id: 67642637476475214400

{"error":"not_found","request_id":"","routine":"MIOROUTE"}HTTP/1.1 404 Not Found
Connection: keep-alive
Content-Length: 58
Content-Type: application/json
X-Request-Id: 67642637476485614400

{"error":"not_found","request_id":"","routine":"MIOROUTE"}HTTP/1.1 404 Not Found
Connection: keep-alive
Content-Length: 58
Content-Type: application/json
X-Request-Id: 67642637476496214400

{"error":"not_found","request_id":"","routine":"MIOROUTE"}HTTP/1.1 404 Not Found
Connection: keep-alive
Content-Length: 58
Content-Type: application/json
X-Request-Id: 67642637476505014400

{"error":"not_found","request_id":"","routine":"MIOROUTE"}HTTP/1.1 404 Not Found
Connection: keep-alive
Content-Length: 58
Content-Type: application/json
X-Request-Id: 67642637476515614400

{"error":"not_found","request_id":"","routine":"MIOROUTE"}HTTP/1.1 404 Not Found
Connection: keep-alive
Content-Length: 58
Content-Type: application/json
X-Request-Id: 67642637476527014400

{"error":"not_found","request_id":"","routine":"MIOROUTE"}HTTP/1.1 404 Not Found
Connection: keep-alive
Content-Length: 58
Content-Type: application/json
X-Request-Id: 67642637476537114400

{"error":"not_found","request_id":"","routine":"MIOROUTE"}HTTP/1.1 404 Not Found
Connection: keep-alive
Content-Length: 58
Content-Type: application/json
X-Request-Id: 67642637476547714400

{"error":"not_found","request_id":"","routine":"MIOROUTE"}HTTP/1.1 404 Not Found
Connection: keep-alive
Content-Length: 58
Content-Type: application/json
X-Request-Id: 67642637476558214400

{"error":"not_found","request_id":"","routine":"MIOROUTE"}HTTP/1.1 404 Not Found
Connection: keep-alive
Content-Length: 58
Content-Type: application/json
X-Request-Id: 67642637476567814400

{"error":"not_found","request_id":"","routine":"MIOROUTE"}HTTP/1.1 404 Not Found
Connection: keep-alive
Content-Length: 58
Content-Type: application/json
X-Request-Id: 67642637476577614400

{"error":"not_found","request_id":"","routine":"MIOROUTE"}HTTP/1.1 404 Not Found
Connection: keep-alive
Content-Length: 58
Content-Type: application/json
X-Request-Id: 67642637476587614400

{"error":"not_found","request_id":"","routine":"MIOROUTE"}HTTP/1.1 404 Not Found
Connection: keep-alive
Content-Length: 58
Content-Type: application/json
X-Request-Id: 67642637476598414400

{"error":"not_found","request_id":"","routine":"MIOROUTE"}HTTP/1.1 404 Not Found
Connection: keep-alive
Content-Length: 58
Content-Type: application/json
X-Request-Id: 67642637476609714400

{"error":"not_found","request_id":"","routine":"MIOROUTE"}HTTP/1.1 404 Not Found
Connection: keep-alive
Content-Length: 58
Content-Type: application/json
X-Request-Id: 67642637476621614400

{"error":"not_found","request_id":"","routine":"MIOROUTE"}HTTP/1.1 404 Not Found
Connection: keep-alive
Content-Length: 58
Content-Type: application/json
X-Request-Id: 67642637476631814400

{"error":"not_found","request_id":"","routine":"MIOROUTE"}HTTP/1.1 404 Not Found
Connection: keep-alive
Content-Length: 58
Content-Type: application/json
X-Request-Id: 67642637476641614400

{"error":"not_found","request_id":"","routine":"MIOROUTE"}HTTP/1.1 404 Not Found
Connection: keep-alive
Content-Length: 58
Content-Type: application/json
X-Request-Id: 67642637476652114400

{"error":"not_found","request_id":"","routine":"MIOROUTE"}HTTP/1.1 404 Not Found
Connection: keep-alive
Content-Length: 58
Content-Type: application/json
X-Request-Id: 67642637476660914400

{"error":"not_found","request_id":"","routine":"MIOROUTE"}HTTP/1.1 404 Not Found
Connection: keep-alive
Content-Length: 58
Content-Type: application/json
X-Request-Id: 67642637476671514400

{"error":"not_found","request_id":"","routine":"MIOROUTE"}HTTP/1.1 404 Not Found
Connection: keep-alive
Content-Length: 58
Content-Type: application/json
X-Request-Id: 67642637476680314400

{"error":"not_found","request_id":"","routine":"MIOROUTE"}HTTP/1.1 404 Not Found
Connection: keep-alive
Content-Length: 58
Content-Type: application/json
X-Request-Id: 67642637476691014400

{"error":"not_found","request_id":"","routine":"MIOROUTE"}HTTP/1.1 404 Not Found
Connection: keep-alive
Content-Length: 58
Content-Type: application/json
X-Request-Id: 67642637476702714400

{"error":"not_found","request_id":"","routine":"MIOROUTE"}HTTP/1.1 404 Not Found
Connection: keep-alive
Content-Length: 58
Content-Type: application/json
X-Request-Id: 67642637476712414400

{"error":"not_found","request_id":"","routine":"MIOROUTE"}HTTP/1.1 404 Not Found
Connection: keep-alive
Content-Length: 58
Content-Type: application/json
X-Request-Id: 67642637476722914400

{"error":"not_found","request_id":"","routine":"MIOROUTE"}HTTP/1.1 404 Not Found
Connection: keep-alive
Content-Length: 58
Content-Type: application/json
X-Request-Id: 67642637476731714400

{"error":"not_found","request_id":"","routine":"MIOROUTE"}HTTP/1.1 404 Not Found
Connection: keep-alive
Content-Length: 58
Content-Type: application/json
X-Request-Id: 67642637476742214400

{"error":"not_found","request_id":"","routine":"MIOROUTE"}HTTP/1.1 404 Not Found
Connection: keep-alive
Content-Length: 58
Content-Type: application/json
X-Request-Id: 67642637476748814400

{"error":"not_found","request_id":"","routine":"MIOROUTE"}HTTP/1.1 404 Not Found
Connection: keep-alive
Content-Length: 58
Content-Type: application/json
X-Request-Id: 67642637476760614400

{"error":"not_found","request_id":"","routine":"MIOROUTE"}HTTP/1.1 404 Not Found
Connection: keep-alive
Content-Length: 58
Content-Type: application/json
X-Request-Id: 67642637476779414400

{"error":"not_found","request_id":"","routine":"MIOROUTE"}HTTP/1.1 404 Not Found
Connection: keep-alive
Content-Length: 58
Content-Type: application/json
X-Request-Id: 67642637476794914400

{"error":"not_found","request_id":"","routine":"MIOROUTE"}HTTP/1.1 404 Not Found
Connection: keep-alive
Content-Length: 58
Content-Type: application/json
X-Request-Id: 67642637476805414400

{"error":"not_found","request_id":"","routine":"MIOROUTE"}HTTP/1.1 404 Not Found
Connection: keep-alive
Content-Length: 58
Content-Type: application/json
X-Request-Id: 67642637476816014400

{"error":"not_found","request_id":"","routine":"MIOROUTE"}HTTP/1.1 404 Not Found
Connection: keep-alive
Content-Length: 58
Content-Type: application/json
X-Request-Id: 67642637476826614400

{"error":"not_found","request_id":"","routine":"MIOROUTE"}HTTP/1.1 404 Not Found
Connection: keep-alive
Content-Length: 58
Content-Type: application/json
X-Request-Id: 67642637476837514400

{"error":"not_found","request_id":"","routine":"MIOROUTE"}HTTP/1.1 404 Not Found
Connection: keep-alive
Content-Length: 58
Content-Type: application/json
X-Request-Id: 67642637476847914400

{"error":"not_found","request_id":"","routine":"MIOROUTE"}HTTP/1.1 404 Not Found
Connection: keep-alive
Content-Length: 58
Content-Type: application/json
X-Request-Id: 67642637476858514400

{"error":"not_found","request_id":"","routine":"MIOROUTE"}HTTP/1.1 404 Not Found
Connection: keep-alive
Content-Length: 58
Content-Type: application/json
X-Request-Id: 67642637476870014400

{"error":"not_found","request_id":"","routine":"MIOROUTE"}HTTP/1.1 404 Not Found
Connection: keep-alive
Content-Length: 58
Content-Type: application/json
X-Request-Id: 67642637476879614400

{"error":"not_found","request_id":"","routine":"MIOROUTE"}HTTP/1.1 404 Not Found
Connection: keep-alive
Content-Length: 58
Content-Type: application/json
X-Request-Id: 67642637476889914400

{"error":"not_found","request_id":"","routine":"MIOROUTE"}HTTP/1.1 404 Not Found
Connection: keep-alive
Content-Length: 58
Content-Type: application/json
X-Request-Id: 67642637476900614400

{"error":"not_found","request_id":"","routine":"MIOROUTE"}HTTP/1.1 404 Not Found
Connection: keep-alive
Content-Length: 58
Content-Type: application/json
X-Request-Id: 67642637476911214400

{"error":"not_found","request_id":"","routine":"MIOROUTE"}HTTP/1.1 404 Not Found
Connection: keep-alive
Content-Length: 58
Content-Type: application/json
X-Request-Id: 67642637476921214400

{"error":"not_found","request_id":"","routine":"MIOROUTE"}HTTP/1.1 404 Not Found
Connection: keep-alive
Content-Length: 58
Content-Type: application/json
X-Request-Id: 67642637476931214400

{"error":"not_found","request_id":"","routine":"MIOROUTE"}HTTP/1.1 404 Not Found
Connection: keep-alive
Content-Length: 58
Content-Type: application/json
X-Request-Id: 67642637476941714400

{"error":"not_found","request_id":"","routine":"MIOROUTE"}HTTP/1.1 404 Not Found
Connection: keep-alive
Content-Length: 58
Content-Type: application/json
X-Request-Id: 67642637476951214400

{"error":"not_found","request_id":"","routine":"MIOROUTE"}HTTP/1.1 404 Not Found
Connection: keep-alive
Content-Length: 58
Content-Type: application/json
X-Request-Id: 67642637476964414400

{"error":"not_found","request_id":"","routine":"MIOROUTE"}HTTP/1.1 404 Not Found
Connection: keep-alive
Content-Length: 58
Content-Type: application/json
X-Request-Id: 67642637476978914400

{"error":"not_found","request_id":"","routine":"MIOROUTE"}HTTP/1.1 404 Not Found
Connection: keep-alive
Content-Length: 58
Content-Type: application/json
X-Request-Id: 67642637476991614400

{"error":"not_found","request_id":"","routine":"MIOROUTE"}HTTP/1.1 404 Not Found
Connection: keep-alive
Content-Length: 58
Content-Type: application/json
X-Request-Id: 67642637477006014400

{"error":"not_found","request_id":"","routine":"MIOROUTE"}HTTP/1.1 404 Not Found
Connection: keep-alive
Content-Length: 58
Content-Type: application/json
X-Request-Id: 67642637477020514400

{"error":"not_found","request_id":"","routine":"MIOROUTE"}HTTP/1.1 404 Not Found
Connection: keep-alive
Content-Length: 58
Content-Type: application/json
X-Request-Id: 67642637477032314400

{"error":"not_found","request_id":"","routine":"MIOROUTE"}HTTP/1.1 404 Not Found
Connection: keep-alive
Content-Length: 58
Content-Type: application/json
X-Request-Id: 67642637477043014400

{"error":"not_found","request_id":"","routine":"MIOROUTE"}HTTP/1.1 404 Not Found
Connection: keep-alive
Content-Length: 58
Content-Type: application/json
X-Request-Id: 67642637477053814400

{"error":"not_found","request_id":"","routine":"MIOROUTE"}HTTP/1.1 404 Not Found
Connection: keep-alive
Content-Length: 58
Content-Type: application/json
X-Request-Id: 67642637477065514400

{"error":"not_found","request_id":"","routine":"MIOROUTE"}HTTP/1.1 404 Not Found
Connection: keep-alive
Content-Length: 58
Content-Type: application/json
X-Request-Id: 67642637477077714400

{"error":"not_found","request_id":"","routine":"MIOROUTE"}HTTP/1.1 404 Not Found
Connection: keep-alive
Content-Length: 58
Content-Type: application/json
X-Request-Id: 67642637477088014400

{"error":"not_found","request_id":"","routine":"MIOROUTE"}HTTP/1.1 404 Not Found
Connection: keep-alive
Content-Length: 58
Content-Type: application/json
X-Request-Id: 67642637477098614400

{"error":"not_found","request_id":"","routine":"MIOROUTE"}HTTP/1.1 404 Not Found
Connection: keep-alive
Content-Length: 58
Content-Type: application/json
X-Request-Id: 67642637477108214400

{"error":"not_found","request_id":"","routine":"MIOROUTE"}HTTP/1.1 404 Not Found
Connection: keep-alive
Content-Length: 58
Content-Type: application/json
X-Request-Id: 67642637477118714400

{"error":"not_found","request_id":"","routine":"MIOROUTE"}HTTP/1.1 404 Not Found
Connection: keep-alive
Content-Length: 58
Content-Type: application/json
X-Request-Id: 67642637477128314400

{"error":"not_found","request_id":"","routine":"MIOROUTE"}HTTP/1.1 404 Not Found
Connection: keep-alive
Content-Length: 58
Content-Type: application/json
X-Request-Id: 67642637477146914400

{"error":"not_found","request_id":"","routine":"MIOROUTE"}HTTP/1.1 404 Not Found
Connection: keep-alive
Content-Length: 58
Content-Type: application/json
X-Request-Id: 67642637477158314400

{"error":"not_found","request_id":"","routine":"MIOROUTE"}HTTP/1.1 404 Not Found
Connection: keep-alive
Content-Length: 58
Content-Type: application/json
X-Request-Id: 67642637477168714400

{"error":"not_found","request_id":"","routine":"MIOROUTE"}HTTP/1.1 404 Not Found
Connection: keep-alive
Content-Length: 58
Content-Type: application/json
X-Request-Id: 67642637477179214400

{"error":"not_found","request_id":"","routine":"MIOROUTE"}HTTP/1.1 404 Not Found
Connection: keep-alive
Content-Length: 58
Content-Type: application/json
X-Request-Id: 67642637477190114400

{"error":"not_found","request_id":"","routine":"MIOROUTE"}HTTP/1.1 404 Not Found
Connection: keep-alive
Content-Length: 58
Content-Type: application/json
X-Request-Id: 67642637477204314400

{"error":"not_found","request_id":"","routine":"MIOROUTE"}HTTP/1.1 404 Not Found
Connection: keep-alive
Content-Length: 58
Content-Type: application/json
X-Request-Id: 67642637477214914400

{"error":"not_found","request_id":"","routine":"MIOROUTE"}HTTP/1.1 404 Not Found
Connection: keep-alive
Content-Length: 58
Content-Type: application/json
X-Request-Id: 67642637477224514400

{"error":"not_found","request_id":"","routine":"MIOROUTE"}HTTP/1.1 404 Not Found
Connection: keep-alive
Content-Length: 58
Content-Type: application/json
X-Request-Id: 67642637477234914400

{"error":"not_found","request_id":"","routine":"MIOROUTE"}HTTP/1.1 404 Not Found
Connection: keep-alive
Content-Length: 58
Content-Type: application/json
X-Request-Id: 67642637477244514400

{"error":"not_found","request_id":"","routine":"MIOROUTE"}HTTP/1.1 404 Not Found
Connection: keep-alive
Content-Length: 58
Content-Type: application/json
X-Request-Id: 67642637477253614400

{"error":"not_found","request_id":"","routine":"MIOROUTE"}HTTP/1.1 404 Not Found
Connection: keep-alive
Content-Length: 58
Content-Type: application/json
X-Request-Id: 67642637477264514400

{"error":"not_found","request_id":"","routine":"MIOROUTE"}HTTP/1.1 404 Not Found
Connection: keep-alive
Content-Length: 58
Content-Type: application/json
X-Request-Id: 67642637477275414400

{"error":"not_found","request_id":"","routine":"MIOROUTE"}HTTP/1.1 404 Not Found
Connection: keep-alive
Content-Length: 58
Content-Type: application/json
X-Request-Id: 67642637477285814400

{"error":"not_found","request_id":"","routine":"MIOROUTE"}HTTP/1.1 404 Not Found
Connection: keep-alive
Content-Length: 58
Content-Type: application/json
X-Request-Id: 67642637477298414400

{"error":"not_found","request_id":"","routine":"MIOROUTE"}HTTP/1.1 404 Not Found
Connection: keep-alive
Content-Length: 58
Content-Type: application/json
X-Request-Id: 67642637477308614400

{"error":"not_found","request_id":"","routine":"MIOROUTE"}HTTP/1.1 404 Not Found
Connection: keep-alive
Content-Length: 58
Content-Type: application/json
X-Request-Id: 67642637477320214400

{"error":"not_found","request_id":"","routine":"MIOROUTE"}HTTP/1.1 404 Not Found
Connection: keep-alive
Content-Length: 58
Content-Type: application/json
X-Request-Id: 67642637477330414400

{"error":"not_found","request_id":"","routine":"MIOROUTE"}HTTP/1.1 404 Not Found
Connection: keep-alive
Content-Length: 58
Content-Type: application/json
X-Request-Id: 67642637477341014400

{"error":"not_found","request_id":"","routine":"MIOROUTE"}HTTP/1.1 404 Not Found
Connection: keep-alive
Content-Length: 58
Content-Type: application/json
X-Request-Id: 67642637477350614400

{"error":"not_found","request_id":"","routine":"MIOROUTE"}HTTP/1.1 404 Not Found
Connection: keep-alive
Content-Length: 58
Content-Type: application/json
X-Request-Id: 67642637477360314400

{"error":"not_found","request_id":"","routine":"MIOROUTE"}HTTP/1.1 404 Not Found
Connection: keep-alive
Content-Length: 58
Content-Type: application/json
X-Request-Id: 67642637477369714400

{"error":"not_found","request_id":"","routine":"MIOROUTE"}HTTP/1.1 404 Not Found
Connection: keep-alive
Content-Length: 58
Content-Type: application/json
X-Request-Id: 67642637477378714400

{"error":"not_found","request_id":"","routine":"MIOROUTE"}HTTP/1.1 404 Not Found
Connection: keep-alive
Content-Length: 58
Content-Type: application/json
X-Request-Id: 67642637477390614400

{"error":"not_found","request_id":"","routine":"MIOROUTE"}HTTP/1.1 404 Not Found
Connection: keep-alive
Content-Length: 58
Content-Type: application/json
X-Request-Id: 67642637477401114400

{"error":"not_found","request_id":"","routine":"MIOROUTE"}HTTP/1.1 404 Not Found
Connection: keep-alive
Content-Length: 58
Content-Type: application/json
X-Request-Id: 67642637477411014400

{"error":"not_found","request_id":"","routine":"MIOROUTE"}HTTP/1.1 404 Not Found
Connection: keep-alive
Content-Length: 58
Content-Type: application/json
X-Request-Id: 67642637477421914400

{"error":"not_found","request_id":"","routine":"MIOROUTE"}HTTP/1.1 404 Not Found
Connection: keep-alive
Content-Length: 58
Content-Type: application/json
X-Request-Id: 67642637477432214400

{"error":"not_found","request_id":"","routine":"MIOROUTE"}HTTP/1.1 404 Not Found
Connection: keep-alive
Content-Length: 58
Content-Type: application/json
X-Request-Id: 67642637477442814400

{"error":"not_found","request_id":"","routine":"MIOROUTE"}HTTP/1.1 404 Not Found
Connection: keep-alive
Content-Length: 58
Content-Type: application/json
X-Request-Id: 67642637477452614400

{"error":"not_found","request_id":"","routine":"MIOROUTE"}HTTP/1.1 404 Not Found
Connection: keep-alive
Content-Length: 58
Content-Type: application/json
X-Request-Id: 67642637477463414400

{"error":"not_found","request_id":"","routine":"MIOROUTE"}HTTP/1.1 404 Not Found
Connection: keep-alive
Content-Length: 58
Content-Type: application/json
X-Request-Id: 67642637477473714400

{"error":"not_found","request_id":"","routine":"MIOROUTE"}HTTP/1.1 404 Not Found
Connection: keep-alive
Content-Length: 58
Content-Type: application/json
X-Request-Id: 67642637477484414400

{"error":"not_found","request_id":"","routine":"MIOROUTE"}HTTP/1.1 404 Not Found
Connection: keep-alive
Content-Length: 58
Content-Type: application/json
X-Request-Id: 67642637477502514400

{"error":"not_found","request_id":"","routine":"MIOROUTE"}HTTP/1.1 404 Not Found
Connection: keep-alive
Content-Length: 58
Content-Type: application/json
X-Request-Id: 67642637477512314400

{"error":"not_found","request_id":"","routine":"MIOROUTE"}HTTP/1.1 404 Not Found
Connection: keep-alive
Content-Length: 58
Content-Type: application/json
X-Request-Id: 67642637477522814400

{"error":"not_found","request_id":"","routine":"MIOROUTE"}HTTP/1.1 404 Not Found
Connection: keep-alive
Content-Length: 58
Content-Type: application/json
X-Request-Id: 67642637477534114400

{"error":"not_found","request_id":"","routine":"MIOROUTE"}HTTP/1.1 404 Not Found
Connection: keep-alive
Content-Length: 58
Content-Type: application/json
X-Request-Id: 67642637477548214400

{"error":"not_found","request_id":"","routine":"MIOROUTE"}HTTP/1.1 404 Not Found
Connection: keep-alive
Content-Length: 58
Content-Type: application/json
X-Request-Id: 67642637477562114400

{"error":"not_found","request_id":"","routine":"MIOROUTE"}HTTP/1.1 404 Not Found
Connection: keep-alive
Content-Length: 58
Content-Type: application/json
X-Request-Id: 67642637477572914400

{"error":"not_found","request_id":"","routine":"MIOROUTE"}HTTP/1.1 404 Not Found
Connection: keep-alive
Content-Length: 58
Content-Type: application/json
X-Request-Id: 67642637477582914400

{"error":"not_found","request_id":"","routine":"MIOROUTE"}HTTP/1.1 404 Not Found
Connection: keep-alive
Content-Length: 58
Content-Type: application/json
X-Request-Id: 67642637477596614400

{"error":"not_found","request_id":"","routine":"MIOROUTE"}HTTP/1.1 404 Not Found
Connection: keep-alive
Content-Length: 58
Content-Type: application/json
X-Request-Id: 67642637477607914400

{"error":"not_found","request_id":"","routine":"MIOROUTE"}HTTP/1.1 404 Not Found
Connection: keep-alive
Content-Length: 58
Content-Type: application/json
X-Request-Id: 67642637477618514400

{"error":"not_found","request_id":"","routine":"MIOROUTE"}HTTP/1.1 404 Not Found
Connection: keep-alive
Content-Length: 58
Content-Type: application/json
X-Request-Id: 67642637477628114400

{"error":"not_found","request_id":"","routine":"MIOROUTE"}HTTP/1.1 404 Not Found
Connection: keep-alive
Content-Length: 58
Content-Type: application/json
X-Request-Id: 67642637477637314400

{"error":"not_found","request_id":"","routine":"MIOROUTE"}HTTP/1.1 404 Not Found
Connection: keep-alive
Content-Length: 58
Content-Type: application/json
X-Request-Id: 67642637477647714400

{"error":"not_found","request_id":"","routine":"MIOROUTE"}HTTP/1.1 404 Not Found
Connection: keep-alive
Content-Length: 58
Content-Type: application/json
X-Request-Id: 67642637477658214400

{"error":"not_found","request_id":"","routine":"MIOROUTE"}HTTP/1.1 404 Not Found
Connection: keep-alive
Content-Length: 58
Content-Type: application/json
X-Request-Id: 67642637477668314400

{"error":"not_found","request_id":"","routine":"MIOROUTE"}HTTP/1.1 404 Not Found
Connection: keep-alive
Content-Length: 58
Content-Type: application/json
X-Request-Id: 67642637477679214400

{"error":"not_found","request_id":"","routine":"MIOROUTE"}HTTP/1.1 404 Not Found
Connection: keep-alive
Content-Length: 58
Content-Type: application/json
X-Request-Id: 67642637477689614400

{"error":"not_found","request_id":"","routine":"MIOROUTE"}HTTP/1.1 404 Not Found
Connection: keep-alive
Content-Length: 58
Content-Type: application/json
X-Request-Id: 67642637477700114400

{"error":"not_found","request_id":"","routine":"MIOROUTE"}HTTP/1.1 404 Not Found
Connection: keep-alive
Content-Length: 58
Content-Type: application/json
X-Request-Id: 67642637477709814400

{"error":"not_found","request_id":"","routine":"MIOROUTE"}HTTP/1.1 404 Not Found
Connection: keep-alive
Content-Length: 58
Content-Type: application/json
X-Request-Id: 67642637477719114400

{"error":"not_found","request_id":"","routine":"MIOROUTE"}HTTP/1.1 404 Not Found
Connection: keep-alive
Content-Length: 58
Content-Type: application/json
X-Request-Id: 67642637477730214400

{"error":"not_found","request_id":"","routine":"MIOROUTE"}HTTP/1.1 404 Not Found
Connection: keep-alive
Content-Length: 58
Content-Type: application/json
X-Request-Id: 67642637477742214400

{"error":"not_found","request_id":"","routine":"MIOROUTE"}HTTP/1.1 404 Not Found
Connection: keep-alive
Content-Length: 58
Content-Type: application/json
X-Request-Id: 67642637477752514400

{"error":"not_found","request_id":"","routine":"MIOROUTE"}HTTP/1.1 404 Not Found
Connection: keep-alive
Content-Length: 58
Content-Type: application/json
X-Request-Id: 67642637477763414400

{"error":"not_found","request_id":"","routine":"MIOROUTE"}HTTP/1.1 404 Not Found
Connection: keep-alive
Content-Length: 58
Content-Type: application/json
X-Request-Id: 67642637477773714400

{"error":"not_found","request_id":"","routine":"MIOROUTE"}HTTP/1.1 404 Not Found
Connection: keep-alive
Content-Length: 58
Content-Type: application/json
X-Request-Id: 67642637477784214400

{"error":"not_found","request_id":"","routine":"MIOROUTE"}HTTP/1.1 404 Not Found
Connection: keep-alive
Content-Length: 58
Content-Type: application/json
X-Request-Id: 67642637477793714400

{"error":"not_found","request_id":"","routine":"MIOROUTE"}HTTP/1.1 404 Not Found
Connection: keep-alive
Content-Length: 58
Content-Type: application/json
X-Request-Id: 67642637477804114400

{"error":"not_found","request_id":"","routine":"MIOROUTE"}HTTP/1.1 404 Not Found
Connection: keep-alive
Content-Length: 58
Content-Type: application/json
X-Request-Id: 67642637477814114400

{"error":"not_found","request_id":"","routine":"MIOROUTE"}HTTP/1.1 404 Not Found
Connection: keep-alive
Content-Length: 58
Content-Type: application/json
X-Request-Id: 67642637477824514400

{"error":"not_found","request_id":"","routine":"MIOROUTE"}HTTP/1.1 404 Not Found
Connection: keep-alive
Content-Length: 58
Content-Type: application/json
X-Request-Id: 67642637477835114400

{"error":"not_found","request_id":"","routine":"MIOROUTE"}HTTP/1.1 404 Not Found
Connection: keep-alive
Content-Length: 58
Content-Type: application/json
X-Request-Id: 67642637477854014400

{"error":"not_found","request_id":"","routine":"MIOROUTE"}HTTP/1.1 404 Not Found
Connection: keep-alive
Content-Length: 58
Content-Type: application/json
X-Request-Id: 67642637477874214400

{"error":"not_found","request_id":"","routine":"MIOROUTE"}HTTP/1.1 404 Not Found
Connection: keep-alive
Content-Length: 58
Content-Type: application/json
X-Request-Id: 67642637477884814400

{"error":"not_found","request_id":"","routine":"MIOROUTE"}HTTP/1.1 404 Not Found
Connection: keep-alive
Content-Length: 58
Content-Type: application/json
X-Request-Id: 67642637477896014400

{"error":"not_found","request_id":"","routine":"MIOROUTE"}HTTP/1.1 404 Not Found
Connection: keep-alive
Content-Length: 58
Content-Type: application/json
X-Request-Id: 67642637477908214400

{"error":"not_found","request_id":"","routine":"MIOROUTE"}HTTP/1.1 404 Not Found
Connection: keep-alive
Content-Length: 58
Content-Type: application/json
X-Request-Id: 67642637477919414400

{"error":"not_found","request_id":"","routine":"MIOROUTE"}HTTP/1.1 404 Not Found
Connection: keep-alive
Content-Length: 58
Content-Type: application/json
X-Request-Id: 67642637477930614400

{"error":"not_found","request_id":"","routine":"MIOROUTE"}HTTP/1.1 404 Not Found
Connection: keep-alive
Content-Length: 58
Content-Type: application/json
X-Request-Id: 67642637477941714400

{"error":"not_found","request_id":"","routine":"MIOROUTE"}HTTP/1.1 404 Not Found
Connection: keep-alive
Content-Length: 58
Content-Type: application/json
X-Request-Id: 67642637477953614400

{"error":"not_found","request_id":"","routine":"MIOROUTE"}HTTP/1.1 404 Not Found
Connection: keep-alive
Content-Length: 58
Content-Type: application/json
X-Request-Id: 67642637477964614400

{"error":"not_found","request_id":"","routine":"MIOROUTE"}HTTP/1.1 404 Not Found
Connection: keep-alive
Content-Length: 58
Content-Type: application/json
X-Request-Id: 67642637477975514400

{"error":"not_found","request_id":"","routine":"MIOROUTE"}HTTP/1.1 404 Not Found
Connection: keep-alive
Content-Length: 58
Content-Type: application/json
X-Request-Id: 67642637477986414400

{"error":"not_found","request_id":"","routine":"MIOROUTE"}HTTP/1.1 404 Not Found
Connection: keep-alive
Content-Length: 58
Content-Type: application/json
X-Request-Id: 67642637478000814400

{"error":"not_found","request_id":"","routine":"MIOROUTE"}HTTP/1.1 404 Not Found
Connection: keep-alive
Content-Length: 58
Content-Type: application/json
X-Request-Id: 67642637478012014400

{"error":"not_found","request_id":"","routine":"MIOROUTE"}HTTP/1.1 404 Not Found
Connection: keep-alive
Content-Length: 58
Content-Type: application/json
X-Request-Id: 67642637478022714400

{"error":"not_found","request_id":"","routine":"MIOROUTE"}HTTP/1.1 404 Not Found
Connection: keep-alive
Content-Length: 58
Content-Type: application/json
X-Request-Id: 67642637478033714400

{"error":"not_found","request_id":"","routine":"MIOROUTE"}HTTP/1.1 404 Not Found
Connection: keep-alive
Content-Length: 58
Content-Type: application/json
X-Request-Id: 67642637478045014400

{"error":"not_found","request_id":"","routine":"MIOROUTE"}HTTP/1.1 404 Not Found
Connection: keep-alive
Content-Length: 58
Content-Type: application/json
X-Request-Id: 67642637478056014400

{"error":"not_found","request_id":"","routine":"MIOROUTE"}HTTP/1.1 404 Not Found
Connection: keep-alive
Content-Length: 58
Content-Type: application/json
X-Request-Id: 67642637478067014400

{"error":"not_found","request_id":"","routine":"MIOROUTE"}HTTP/1.1 404 Not Found
Connection: keep-alive
Content-Length: 58
Content-Type: application/json
X-Request-Id: 67642637478077914400

{"error":"not_found","request_id":"","routine":"MIOROUTE"}HTTP/1.1 404 Not Found
Connection: keep-alive
Content-Length: 58
Content-Type: application/json
X-Request-Id: 67642637478089014400

{"error":"not_found","request_id":"","routine":"MIOROUTE"}HTTP/1.1 404 Not Found
Connection: keep-alive
Content-Length: 58
Content-Type: application/json
X-Request-Id: 67642637478099914400

{"error":"not_found","request_id":"","routine":"MIOROUTE"}HTTP/1.1 404 Not Found
Connection: keep-alive
Content-Length: 58
Content-Type: application/json
X-Request-Id: 67642637478110914400

{"error":"not_found","request_id":"","routine":"MIOROUTE"}HTTP/1.1 404 Not Found
Connection: keep-alive
Content-Length: 58
Content-Type: application/json
X-Request-Id: 67642637478121814400

{"error":"not_found","request_id":"","routine":"MIOROUTE"}HTTP/1.1 404 Not Found
Connection: keep-alive
Content-Length: 58
Content-Type: application/json
X-Request-Id: 67642637478132714400

{"error":"not_found","request_id":"","routine":"MIOROUTE"}HTTP/1.1 404 Not Found
Connection: keep-alive
Content-Length: 58
Content-Type: application/json
X-Request-Id: 67642637478143714400

{"error":"not_found","request_id":"","routine":"MIOROUTE"}HTTP/1.1 404 Not Found
Connection: keep-alive
Content-Length: 58
Content-Type: application/json
X-Request-Id: 67642637478154514400

{"error":"not_found","request_id":"","routine":"MIOROUTE"}HTTP/1.1 404 Not Found
Connection: keep-alive
Content-Length: 58
Content-Type: application/json
X-Request-Id: 67642637478165514400

{"error":"not_found","request_id":"","routine":"MIOROUTE"}HTTP/1.1 404 Not Found
Connection: keep-alive
Content-Length: 58
Content-Type: application/json
X-Request-Id: 67642637478179814400

{"error":"not_found","request_id":"","routine":"MIOROUTE"}HTTP/1.1 404 Not Found
Connection: keep-alive
Content-Length: 58
Content-Type: application/json
X-Request-Id: 67642637478191214400

{"error":"not_found","request_id":"","routine":"MIOROUTE"}HTTP/1.1 404 Not Found
Connection: keep-alive
Content-Length: 58
Content-Type: application/json
X-Request-Id: 67642637478200414400

{"error":"not_found","request_id":"","routine":"MIOROUTE"}HTTP/1.1 404 Not Found
Connection: keep-alive
Content-Length: 58
Content-Type: application/json
X-Request-Id: 67642637478211814400

{"error":"not_found","request_id":"","routine":"MIOROUTE"}HTTP/1.1 404 Not Found
Connection: keep-alive
Content-Length: 58
Content-Type: application/json
X-Request-Id: 67642637478222714400

{"error":"not_found","request_id":"","routine":"MIOROUTE"}HTTP/1.1 404 Not Found
Connection: keep-alive
Content-Length: 58
Content-Type: application/json
X-Request-Id: 67642637478243014400

{"error":"not_found","request_id":"","routine":"MIOROUTE"}HTTP/1.1 404 Not Found
Connection: keep-alive
Content-Length: 58
Content-Type: application/json
X-Request-Id: 67642637478254714400

{"error":"not_found","request_id":"","routine":"MIOROUTE"}HTTP/1.1 404 Not Found
Connection: keep-alive
Content-Length: 58
Content-Type: application/json
X-Request-Id: 67642637478265814400

{"error":"not_found","request_id":"","routine":"MIOROUTE"}HTTP/1.1 404 Not Found
Connection: keep-alive
Content-Length: 58
Content-Type: application/json
X-Request-Id: 67642637478276714400

{"error":"not_found","request_id":"","routine":"MIOROUTE"}HTTP/1.1 404 Not Found
Connection: keep-alive
Content-Length: 58
Content-Type: application/json
X-Request-Id: 67642637478287714400

{"error":"not_found","request_id":"","routine":"MIOROUTE"}HTTP/1.1 404 Not Found
Connection: keep-alive
Content-Length: 58
Content-Type: application/json
X-Request-Id: 67642637478298714400

{"error":"not_found","request_id":"","routine":"MIOROUTE"}HTTP/1.1 404 Not Found
Connection: keep-alive
Content-Length: 58
Content-Type: application/json
X-Request-Id: 67642637478309714400

{"error":"not_found","request_id":"","routine":"MIOROUTE"}HTTP/1.1 404 Not Found
Connection: keep-alive
Content-Length: 58
Content-Type: application/json
X-Request-Id: 67642637478320514400

{"error":"not_found","request_id":"","routine":"MIOROUTE"}HTTP/1.1 404 Not Found
Connection: keep-alive
Content-Length: 58
Content-Type: application/json
X-Request-Id: 67642637478331614400

{"error":"not_found","request_id":"","routine":"MIOROUTE"}HTTP/1.1 404 Not Found
Connection: keep-alive
Content-Length: 58
Content-Type: application/json
X-Request-Id: 67642637478342614400

{"error":"not_found","request_id":"","routine":"MIOROUTE"}HTTP/1.1 404 Not Found
Connection: keep-alive
Content-Length: 58
Content-Type: application/json
X-Request-Id: 67642637478354614400

{"error":"not_found","request_id":"","routine":"MIOROUTE"}HTTP/1.1 404 Not Found
Connection: keep-alive
Content-Length: 58
Content-Type: application/json
X-Request-Id: 67642637478365614400

{"error":"not_found","request_id":"","routine":"MIOROUTE"}HTTP/1.1 404 Not Found
Connection: keep-alive
Content-Length: 58
Content-Type: application/json
X-Request-Id: 67642637478376614400

{"error":"not_found","request_id":"","routine":"MIOROUTE"}HTTP/1.1 404 Not Found
Connection: keep-alive
Content-Length: 58
Content-Type: application/json
X-Request-Id: 67642637478387814400

{"error":"not_found","request_id":"","routine":"MIOROUTE"}HTTP/1.1 404 Not Found
Connection: keep-alive
Content-Length: 58
Content-Type: application/json
X-Request-Id: 67642637478401614400

{"error":"not_found","request_id":"","routine":"MIOROUTE"}HTTP/1.1 404 Not Found
Connection: keep-alive
Content-Length: 58
Content-Type: application/json
X-Request-Id: 67642637478412114400

{"error":"not_found","request_id":"","routine":"MIOROUTE"}HTTP/1.1 404 Not Found
Connection: keep-alive
Content-Length: 58
Content-Type: application/json
X-Request-Id: 67642637478423214400

{"error":"not_found","request_id":"","routine":"MIOROUTE"}HTTP/1.1 404 Not Found
Connection: keep-alive
Content-Length: 58
Content-Type: application/json
X-Request-Id: 67642637478434114400

{"error":"not_found","request_id":"","routine":"MIOROUTE"}HTTP/1.1 404 Not Found
Connection: keep-alive
Content-Length: 58
Content-Type: application/json
X-Request-Id: 67642637478448714400

{"error":"not_found","request_id":"","routine":"MIOROUTE"}HTTP/1.1 404 Not Found
Connection: keep-alive
Content-Length: 58
Content-Type: application/json
X-Request-Id: 67642637478467614400

{"error":"not_found","request_id":"","routine":"MIOROUTE"}HTTP/1.1 404 Not Found
Connection: keep-alive
Content-Length: 58
Content-Type: application/json
X-Request-Id: 67642637478480614400

{"error":"not_found","request_id":"","routine":"MIOROUTE"}HTTP/1.1 404 Not Found
Connection: keep-alive
Content-Length: 58
Content-Type: application/json
X-Request-Id: 67642637478491814400

{"error":"not_found","request_id":"","routine":"MIOROUTE"}HTTP/1.1 404 Not Found
Connection: keep-alive
Content-Length: 58
Content-Type: application/json
X-Request-Id: 67642637478503514400

{"error":"not_found","request_id":"","routine":"MIOROUTE"}HTTP/1.1 404 Not Found
Connection: keep-alive
Content-Length: 58
Content-Type: application/json
X-Request-Id: 67642637478513314400

{"error":"not_found","request_id":"","routine":"MIOROUTE"}HTTP/1.1 404 Not Found
Connection: keep-alive
Content-Length: 58
Content-Type: application/json
X-Request-Id: 67642637478523714400

{"error":"not_found","request_id":"","routine":"MIOROUTE"}HTTP/1.1 404 Not Found
Connection: keep-alive
Content-Length: 58
Content-Type: application/json
X-Request-Id: 67642637478536714400

{"error":"not_found","request_id":"","routine":"MIOROUTE"}HTTP/1.1 404 Not Found
Connection: keep-alive
Content-Length: 58
Content-Type: application/json
X-Request-Id: 67642637478550514400

{"error":"not_found","request_id":"","routine":"MIOROUTE"}HTTP/1.1 404 Not Found
Connection: keep-alive
Content-Length: 58
Content-Type: application/json
X-Request-Id: 67642637478562014400

{"error":"not_found","request_id":"","routine":"MIOROUTE"}HTTP/1.1 404 Not Found
Connection: keep-alive
Content-Length: 58
Content-Type: application/json
X-Request-Id: 67642637478572614400

{"error":"not_found","request_id":"","routine":"MIOROUTE"}HTTP/1.1 404 Not Found
Connection: keep-alive
Content-Length: 58
Content-Type: application/json
X-Request-Id: 67642637478583114400

{"error":"not_found","request_id":"","routine":"MIOROUTE"}HTTP/1.1 404 Not Found
Connection: keep-alive
Content-Length: 58
Content-Type: application/json
X-Request-Id: 67642637478592914400

{"error":"not_found","request_id":"","routine":"MIOROUTE"}HTTP/1.1 404 Not Found
Connection: keep-alive
Content-Length: 58
Content-Type: application/json
X-Request-Id: 67642637478603414400

{"error":"not_found","request_id":"","routine":"MIOROUTE"}HTTP/1.1 404 Not Found
Connection: keep-alive
Content-Length: 58
Content-Type: application/json
X-Request-Id: 67642637478622414400

{"error":"not_found","request_id":"","routine":"MIOROUTE"}HTTP/1.1 404 Not Found
Connection: keep-alive
Content-Length: 58
Content-Type: application/json
X-Request-Id: 67642637478632214400

{"error":"not_found","request_id":"","routine":"MIOROUTE"}HTTP/1.1 404 Not Found
Connection: keep-alive
Content-Length: 58
Content-Type: application/json
X-Request-Id: 67642637478642814400

{"error":"not_found","request_id":"","routine":"MIOROUTE"}HTTP/1.1 404 Not Found
Connection: keep-alive
Content-Length: 58
Content-Type: application/json
X-Request-Id: 67642637478652614400

{"error":"not_found","request_id":"","routine":"MIOROUTE"}HTTP/1.1 404 Not Found
Connection: keep-alive
Content-Length: 58
Content-Type: application/json
X-Request-Id: 67642637478662814400

{"error":"not_found","request_id":"","routine":"MIOROUTE"}HTTP/1.1 404 Not Found
Connection: keep-alive
Content-Length: 58
Content-Type: application/json
X-Request-Id: 67642637478672814400

{"error":"not_found","request_id":"","routine":"MIOROUTE"}HTTP/1.1 404 Not Found
Connection: keep-alive
Content-Length: 58
Content-Type: application/json
X-Request-Id: 67642637478681814400

{"error":"not_found","request_id":"","routine":"MIOROUTE"}HTTP/1.1 404 Not Found
Connection: keep-alive
Content-Length: 58
Content-Type: application/json
X-Request-Id: 67642637478692214400

{"error":"not_found","request_id":"","routine":"MIOROUTE"}HTTP/1.1 404 Not Found
Connection: keep-alive
Content-Length: 58
Content-Type: application/json
X-Request-Id: 67642637478702814400

{"error":"not_found","request_id":"","routine":"MIOROUTE"}HTTP/1.1 404 Not Found
Connection: keep-alive
Content-Length: 58
Content-Type: application/json
X-Request-Id: 67642637478712414400

{"error":"not_found","request_id":"","routine":"MIOROUTE"}HTTP/1.1 404 Not Found
Connection: keep-alive
Content-Length: 58
Content-Type: application/json
X-Request-Id: 67642637478722814400

{"error":"not_found","request_id":"","routine":"MIOROUTE"}HTTP/1.1 404 Not Found
Connection: keep-alive
Content-Length: 58
Content-Type: application/json
X-Request-Id: 67642637478733014400

{"error":"not_found","request_id":"","routine":"MIOROUTE"}HTTP/1.1 404 Not Found
Connection: keep-alive
Content-Length: 58
Content-Type: application/json
X-Request-Id: 67642637478742014400

{"error":"not_found","request_id":"","routine":"MIOROUTE"}HTTP/1.1 404 Not Found
Connection: keep-alive
Content-Length: 58
Content-Type: application/json
X-Request-Id: 67642637478753114400

{"error":"not_found","request_id":"","routine":"MIOROUTE"}HTTP/1.1 404 Not Found
Connection: keep-alive
Content-Length: 58
Content-Type: application/json
X-Request-Id: 67642637478764714400

{"error":"not_found","request_id":"","routine":"MIOROUTE"}HTTP/1.1 404 Not Found
Connection: keep-alive
Content-Length: 58
Content-Type: application/json
X-Request-Id: 67642637478775014400

{"error":"not_found","request_id":"","routine":"MIOROUTE"}HTTP/1.1 404 Not Found
Connection: keep-alive
Content-Length: 58
Content-Type: application/json
X-Request-Id: 67642637478785614400

{"error":"not_found","request_id":"","routine":"MIOROUTE"}HTTP/1.1 404 Not Found
Connection: keep-alive
Content-Length: 58
Content-Type: application/json
X-Request-Id: 67642637478799014400

{"error":"not_found","request_id":"","routine":"MIOROUTE"}HTTP/1.1 404 Not Found
Connection: keep-alive
Content-Length: 58
Content-Type: application/json
X-Request-Id: 67642637478820514400

{"error":"not_found","request_id":"","routine":"MIOROUTE"}HTTP/1.1 404 Not Found
Connection: keep-alive
Content-Length: 58
Content-Type: application/json
X-Request-Id: 67642637478831214400

{"error":"not_found","request_id":"","routine":"MIOROUTE"}HTTP/1.1 404 Not Found
Connection: keep-alive
Content-Length: 58
Content-Type: application/json
X-Request-Id: 67642637478841114400

{"error":"not_found","request_id":"","routine":"MIOROUTE"}HTTP/1.1 404 Not Found
Connection: keep-alive
Content-Length: 58
Content-Type: application/json
X-Request-Id: 67642637478854114400

{"error":"not_found","request_id":"","routine":"MIOROUTE"}HTTP/1.1 404 Not Found
Connection: keep-alive
Content-Length: 58
Content-Type: application/json
X-Request-Id: 67642637478866914400

{"error":"not_found","request_id":"","routine":"MIOROUTE"}HTTP/1.1 404 Not Found
Connection: keep-alive
Content-Length: 58
Content-Type: application/json
X-Request-Id: 67642637478879914400

{"error":"not_found","request_id":"","routine":"MIOROUTE"}HTTP/1.1 404 Not Found
Connection: keep-alive
Content-Length: 58
Content-Type: application/json
X-Request-Id: 67642637478889914400

{"error":"not_found","request_id":"","routine":"MIOROUTE"}HTTP/1.1 404 Not Found
Connection: keep-alive
Content-Length: 58
Content-Type: application/json
X-Request-Id: 67642637478899814400

{"error":"not_found","request_id":"","routine":"MIOROUTE"}HTTP/1.1 404 Not Found
Connection: keep-alive
Content-Length: 58
Content-Type: application/json
X-Request-Id: 67642637478911514400

{"error":"not_found","request_id":"","routine":"MIOROUTE"}HTTP/1.1 404 Not Found
Connection: keep-alive
Content-Length: 58
Content-Type: application/json
X-Request-Id: 67642637478923314400

{"error":"not_found","request_id":"","routine":"MIOROUTE"}HTTP/1.1 404 Not Found
Connection: keep-alive
Content-Length: 58
Content-Type: application/json
X-Request-Id: 67642637478935414400

{"error":"not_found","request_id":"","routine":"MIOROUTE"}HTTP/1.1 404 Not Found
Connection: keep-alive
Content-Length: 58
Content-Type: application/json
X-Request-Id: 67642637478946714400

{"error":"not_found","request_id":"","routine":"MIOROUTE"}HTTP/1.1 404 Not Found
Connection: keep-alive
Content-Length: 58
Content-Type: application/json
X-Request-Id: 67642637478957614400

{"error":"not_found","request_id":"","routine":"MIOROUTE"}HTTP/1.1 404 Not Found
Connection: keep-alive
Content-Length: 58
Content-Type: application/json
X-Request-Id: 67642637478968414400

{"error":"not_found","request_id":"","routine":"MIOROUTE"}HTTP/1.1 404 Not Found
Connection: keep-alive
Content-Length: 58
Content-Type: application/json
X-Request-Id: 67642637478978914400

{"error":"not_found","request_id":"","routine":"MIOROUTE"}HTTP/1.1 404 Not Found
Connection: keep-alive
Content-Length: 58
Content-Type: application/json
X-Request-Id: 67642637479001114400

{"error":"not_found","request_id":"","routine":"MIOROUTE"}HTTP/1.1 404 Not Found
Connection: keep-alive
Content-Length: 58
Content-Type: application/json
X-Request-Id: 67642637479011114400

{"error":"not_found","request_id":"","routine":"MIOROUTE"}HTTP/1.1 404 Not Found
Connection: keep-alive
Content-Length: 58
Content-Type: application/json
X-Request-Id: 67642637479022014400

{"error":"not_found","request_id":"","routine":"MIOROUTE"}HTTP/1.1 404 Not Found
Connection: keep-alive
Content-Length: 58
Content-Type: application/json
X-Request-Id: 67642637479031114400

{"error":"not_found","request_id":"","routine":"MIOROUTE"}HTTP/1.1 404 Not Found
Connection: keep-alive
Content-Length: 58
Content-Type: application/json
X-Request-Id: 67642637479041814400

{"error":"not_found","request_id":"","routine":"MIOROUTE"}HTTP/1.1 404 Not Found
Connection: keep-alive
Content-Length: 58
Content-Type: application/json
X-Request-Id: 67642637479052114400

{"error":"not_found","request_id":"","routine":"MIOROUTE"}HTTP/1.1 404 Not Found
Connection: keep-alive
Content-Length: 58
Content-Type: application/json
X-Request-Id: 67642637479062014400

{"error":"not_found","request_id":"","routine":"MIOROUTE"}HTTP/1.1 404 Not Found
Connection: keep-alive
Content-Length: 58
Content-Type: application/json
X-Request-Id: 67642637479070714400

{"error":"not_found","request_id":"","routine":"MIOROUTE"}HTTP/1.1 404 Not Found
Connection: keep-alive
Content-Length: 58
Content-Type: application/json
X-Request-Id: 67642637479082214400

{"error":"not_found","request_id":"","routine":"MIOROUTE"}HTTP/1.1 404 Not Found
Connection: keep-alive
Content-Length: 58
Content-Type: application/json
X-Request-Id: 67642637479092714400

{"error":"not_found","request_id":"","routine":"MIOROUTE"}HTTP/1.1 404 Not Found
Connection: keep-alive
Content-Length: 58
Content-Type: application/json
X-Request-Id: 67642637479102714400

{"error":"not_found","request_id":"","routine":"MIOROUTE"}HTTP/1.1 404 Not Found
Connection: keep-alive
Content-Length: 58
Content-Type: application/json
X-Request-Id: 67642637479112814400

{"error":"not_found","request_id":"","routine":"MIOROUTE"}HTTP/1.1 404 Not Found
Connection: keep-alive
Content-Length: 58
Content-Type: application/json
X-Request-Id: 67642637479123614400

{"error":"not_found","request_id":"","routine":"MIOROUTE"}HTTP/1.1 404 Not Found
Connection: keep-alive
Content-Length: 58
Content-Type: application/json
X-Request-Id: 67642637479134214400

{"error":"not_found","request_id":"","routine":"MIOROUTE"}HTTP/1.1 404 Not Found
Connection: keep-alive
Content-Length: 58
Content-Type: application/json
X-Request-Id: 67642637479144114400

{"error":"not_found","request_id":"","routine":"MIOROUTE"}HTTP/1.1 404 Not Found
Connection: keep-alive
Content-Length: 58
Content-Type: application/json
X-Request-Id: 67642637479155514400

{"error":"not_found","request_id":"","routine":"MIOROUTE"}HTTP/1.1 404 Not Found
Connection: keep-alive
Content-Length: 58
Content-Type: application/json
X-Request-Id: 67642637479168014400

{"error":"not_found","request_id":"","routine":"MIOROUTE"}HTTP/1.1 404 Not Found
Connection: keep-alive
Content-Length: 58
Content-Type: application/json
X-Request-Id: 67642637479175014400

{"error":"not_found","request_id":"","routine":"MIOROUTE"}HTTP/1.1 404 Not Found
Connection: keep-alive
Content-Length: 58
Content-Type: application/json
X-Request-Id: 67642637479185414400

{"error":"not_found","request_id":"","routine":"MIOROUTE"}HTTP/1.1 404 Not Found
Connection: keep-alive
Content-Length: 58
Content-Type: application/json
X-Request-Id: 67642637479200014400

{"error":"not_found","request_id":"","routine":"MIOROUTE"}HTTP/1.1 404 Not Found
Connection: keep-alive
Content-Length: 58
Content-Type: application/json
X-Request-Id: 67642637479211214400

{"error":"not_found","request_id":"","routine":"MIOROUTE"}HTTP/1.1 404 Not Found
Connection: keep-alive
Content-Length: 58
Content-Type: application/json
X-Request-Id: 67642637479221614400

{"error":"not_found","request_id":"","routine":"MIOROUTE"}HTTP/1.1 404 Not Found
Connection: keep-alive
Content-Length: 58
Content-Type: application/json
X-Request-Id: 67642637479231514400

{"error":"not_found","request_id":"","routine":"MIOROUTE"}HTTP/1.1 404 Not Found
Connection: keep-alive
Content-Length: 58
Content-Type: application/json
X-Request-Id: 67642637479241214400

{"error":"not_found","request_id":"","routine":"MIOROUTE"}HTTP/1.1 404 Not Found
Connection: keep-alive
Content-Length: 58
Content-Type: application/json
X-Request-Id: 67642637479251514400

{"error":"not_found","request_id":"","routine":"MIOROUTE"}HTTP/1.1 404 Not Found
Connection: keep-alive
Content-Length: 58
Content-Type: application/json
X-Request-Id: 67642637479261314400

{"error":"not_found","request_id":"","routine":"MIOROUTE"}HTTP/1.1 404 Not Found
Connection: keep-alive
Content-Length: 58
Content-Type: application/json
X-Request-Id: 67642637479271514400

{"error":"not_found","request_id":"","routine":"MIOROUTE"}HTTP/1.1 404 Not Found
Connection: keep-alive
Content-Length: 58
Content-Type: application/json
X-Request-Id: 67642637479280214400

{"error":"not_found","request_id":"","routine":"MIOROUTE"}HTTP/1.1 404 Not Found
Connection: keep-alive
Content-Length: 58
Content-Type: application/json
X-Request-Id: 67642637479291114400

{"error":"not_found","request_id":"","routine":"MIOROUTE"}HTTP/1.1 404 Not Found
Connection: keep-alive
Content-Length: 58
Content-Type: application/json
X-Request-Id: 67642637479301814400

{"error":"not_found","request_id":"","routine":"MIOROUTE"}HTTP/1.1 404 Not Found
Connection: keep-alive
Content-Length: 58
Content-Type: application/json
X-Request-Id: 67642637479312214400

{"error":"not_found","request_id":"","routine":"MIOROUTE"}HTTP/1.1 404 Not Found
Connection: keep-alive
Content-Length: 58
Content-Type: application/json
X-Request-Id: 67642637479323614400

{"error":"not_found","request_id":"","routine":"MIOROUTE"}HTTP/1.1 404 Not Found
Connection: keep-alive
Content-Length: 58
Content-Type: application/json
X-Request-Id: 67642637479341614400

{"error":"not_found","request_id":"","routine":"MIOROUTE"}HTTP/1.1 404 Not Found
Connection: keep-alive
Content-Length: 58
Content-Type: application/json
X-Request-Id: 67642637479351714400

{"error":"not_found","request_id":"","routine":"MIOROUTE"}HTTP/1.1 404 Not Found
Connection: keep-alive
Content-Length: 58
Content-Type: application/json
X-Request-Id: 67642637479362614400

{"error":"not_found","request_id":"","routine":"MIOROUTE"}HTTP/1.1 404 Not Found
Connection: keep-alive
Content-Length: 58
Content-Type: application/json
X-Request-Id: 67642637479373214400

{"error":"not_found","request_id":"","routine":"MIOROUTE"}HTTP/1.1 404 Not Found
Connection: keep-alive
Content-Length: 58
Content-Type: application/json
X-Request-Id: 67642637479382914400

{"error":"not_found","request_id":"","routine":"MIOROUTE"}HTTP/1.1 404 Not Found
Connection: keep-alive
Content-Length: 58
Content-Type: application/json
X-Request-Id: 67642637479392714400

{"error":"not_found","request_id":"","routine":"MIOROUTE"}HTTP/1.1 404 Not Found
Connection: keep-alive
Content-Length: 58
Content-Type: application/json
X-Request-Id: 67642637479402914400

{"error":"not_found","request_id":"","routine":"MIOROUTE"}HTTP/1.1 404 Not Found
Connection: keep-alive
Content-Length: 58
Content-Type: application/json
X-Request-Id: 67642637479412714400

{"error":"not_found","request_id":"","routine":"MIOROUTE"}HTTP/1.1 404 Not Found
Connection: keep-alive
Content-Length: 58
Content-Type: application/json
X-Request-Id: 67642637479423514400

{"error":"not_found","request_id":"","routine":"MIOROUTE"}HTTP/1.1 404 Not Found
Connection: keep-alive
Content-Length: 58
Content-Type: application/json
X-Request-Id: 67642637479434114400

{"error":"not_found","request_id":"","routine":"MIOROUTE"}HTTP/1.1 404 Not Found
Connection: keep-alive
Content-Length: 58
Content-Type: application/json
X-Request-Id: 67642637479443814400

{"error":"not_found","request_id":"","routine":"MIOROUTE"}HTTP/1.1 404 Not Found
Connection: keep-alive
Content-Length: 58
Content-Type: application/json
X-Request-Id: 67642637479453614400

{"error":"not_found","request_id":"","routine":"MIOROUTE"}HTTP/1.1 404 Not Found
Connection: keep-alive
Content-Length: 58
Content-Type: application/json
X-Request-Id: 67642637479463814400

{"error":"not_found","request_id":"","routine":"MIOROUTE"}HTTP/1.1 404 Not Found
Connection: keep-alive
Content-Length: 58
Content-Type: application/json
X-Request-Id: 67642637479474514400

{"error":"not_found","request_id":"","routine":"MIOROUTE"}HTTP/1.1 404 Not Found
Connection: keep-alive
Content-Length: 58
Content-Type: application/json
X-Request-Id: 67642637479484714400

{"error":"not_found","request_id":"","routine":"MIOROUTE"}HTTP/1.1 404 Not Found
Connection: keep-alive
Content-Length: 58
Content-Type: application/json
X-Request-Id: 67642637479494514400

{"error":"not_found","request_id":"","routine":"MIOROUTE"}HTTP/1.1 404 Not Found
Connection: keep-alive
Content-Length: 58
Content-Type: application/json
X-Request-Id: 67642637479504214400

{"error":"not_found","request_id":"","routine":"MIOROUTE"}HTTP/1.1 404 Not Found
Connection: keep-alive
Content-Length: 58
Content-Type: application/json
X-Request-Id: 67642637479514414400

{"error":"not_found","request_id":"","routine":"MIOROUTE"}HTTP/1.1 404 Not Found
Connection: keep-alive
Content-Length: 58
Content-Type: application/json
X-Request-Id: 67642637479525014400

{"error":"not_found","request_id":"","routine":"MIOROUTE"}HTTP/1.1 404 Not Found
Connection: keep-alive
Content-Length: 58
Content-Type: application/json
X-Request-Id: 67642637479535414400

{"error":"not_found","request_id":"","routine":"MIOROUTE"}HTTP/1.1 404 Not Found
Connection: keep-alive
Content-Length: 58
Content-Type: application/json
X-Request-Id: 67642637479545114400

{"error":"not_found","request_id":"","routine":"MIOROUTE"}HTTP/1.1 404 Not Found
Connection: keep-alive
Content-Length: 58
Content-Type: application/json
X-Request-Id: 67642637479554714400

{"error":"not_found","request_id":"","routine":"MIOROUTE"}HTTP/1.1 404 Not Found
Connection: keep-alive
Content-Length: 58
Content-Type: application/json
X-Request-Id: 67642637479565314400

{"error":"not_found","request_id":"","routine":"MIOROUTE"}HTTP/1.1 404 Not Found
Connection: keep-alive
Content-Length: 58
Content-Type: application/json
X-Request-Id: 67642637479575214400

{"error":"not_found","request_id":"","routine":"MIOROUTE"}HTTP/1.1 404 Not Found
Connection: keep-alive
Content-Length: 58
Content-Type: application/json
X-Request-Id: 67642637479585214400

{"error":"not_found","request_id":"","routine":"MIOROUTE"}HTTP/1.1 404 Not Found
Connection: keep-alive
Content-Length: 58
Content-Type: application/json
X-Request-Id: 67642637479599214400

{"error":"not_found","request_id":"","routine":"MIOROUTE"}HTTP/1.1 404 Not Found
Connection: keep-alive
Content-Length: 58
Content-Type: application/json
X-Request-Id: 67642637479610214400

{"error":"not_found","request_id":"","routine":"MIOROUTE"}HTTP/1.1 404 Not Found
Connection: keep-alive
Content-Length: 58
Content-Type: application/json
X-Request-Id: 67642637479619114400

{"error":"not_found","request_id":"","routine":"MIOROUTE"}HTTP/1.1 404 Not Found
Connection: keep-alive
Content-Length: 58
Content-Type: application/json
X-Request-Id: 67642637479632714400

{"error":"not_found","request_id":"","routine":"MIOROUTE"}HTTP/1.1 404 Not Found
Connection: keep-alive
Content-Length: 58
Content-Type: application/json
X-Request-Id: 67642637479644314400

{"error":"not_found","request_id":"","routine":"MIOROUTE"}HTTP/1.1 404 Not Found
Connection: keep-alive
Content-Length: 58
Content-Type: application/json
X-Request-Id: 67642637479654314400

{"error":"not_found","request_id":"","routine":"MIOROUTE"}HTTP/1.1 404 Not Found
Connection: keep-alive
Content-Length: 58
Content-Type: application/json
X-Request-Id: 67642637479664114400

{"error":"not_found","request_id":"","routine":"MIOROUTE"}HTTP/1.1 404 Not Found
Connection: keep-alive
Content-Length: 58
Content-Type: application/json
X-Request-Id: 67642637479674514400

{"error":"not_found","request_id":"","routine":"MIOROUTE"}HTTP/1.1 404 Not Found
Connection: keep-alive
Content-Length: 58
Content-Type: application/json
X-Request-Id: 67642637479694214400

{"error":"not_found","request_id":"","routine":"MIOROUTE"}HTTP/1.1 404 Not Found
Connection: keep-alive
Content-Length: 58
Content-Type: application/json
X-Request-Id: 67642637479704114400

{"error":"not_found","request_id":"","routine":"MIOROUTE"}HTTP/1.1 404 Not Found
Connection: keep-alive
Content-Length: 58
Content-Type: application/json
X-Request-Id: 67642637479714314400

{"error":"not_found","request_id":"","routine":"MIOROUTE"}HTTP/1.1 404 Not Found
Connection: keep-alive
Content-Length: 58
Content-Type: application/json
X-Request-Id: 67642637479724314400

{"error":"not_found","request_id":"","routine":"MIOROUTE"}HTTP/1.1 404 Not Found
Connection: keep-alive
Content-Length: 58
Content-Type: application/json
X-Request-Id: 67642637479732914400

{"error":"not_found","request_id":"","routine":"MIOROUTE"}HTTP/1.1 404 Not Found
Connection: keep-alive
Content-Length: 58
Content-Type: application/json
X-Request-Id: 67642637479743814400

{"error":"not_found","request_id":"","routine":"MIOROUTE"}HTTP/1.1 404 Not Found
Connection: keep-alive
Content-Length: 58
Content-Type: application/json
X-Request-Id: 67642637479754114400

{"error":"not_found","request_id":"","routine":"MIOROUTE"}HTTP/1.1 404 Not Found
Connection: keep-alive
Content-Length: 58
Content-Type: application/json
X-Request-Id: 67642637479763914400

{"error":"not_found","request_id":"","routine":"MIOROUTE"}HTTP/1.1 404 Not Found
Connection: keep-alive
Content-Length: 58
Content-Type: application/json
X-Request-Id: 67642637479773714400

{"error":"not_found","request_id":"","routine":"MIOROUTE"}HTTP/1.1 404 Not Found
Connection: keep-alive
Content-Length: 58
Content-Type: application/json
X-Request-Id: 67642637479784014400

{"error":"not_found","request_id":"","routine":"MIOROUTE"}HTTP/1.1 404 Not Found
Connection: keep-alive
Content-Length: 58
Content-Type: application/json
X-Request-Id: 67642637479794014400

{"error":"not_found","request_id":"","routine":"MIOROUTE"}HTTP/1.1 404 Not Found
Connection: keep-alive
Content-Length: 58
Content-Type: application/json
X-Request-Id: 67642637479804014400

{"error":"not_found","request_id":"","routine":"MIOROUTE"}HTTP/1.1 404 Not Found
Connection: keep-alive
Content-Length: 58
Content-Type: application/json
X-Request-Id: 67642637479811714400

{"error":"not_found","request_id":"","routine":"MIOROUTE"}HTTP/1.1 404 Not Found
Connection: keep-alive
Content-Length: 58
Content-Type: application/json
X-Request-Id: 67642637479822014400

{"error":"not_found","request_id":"","routine":"MIOROUTE"}HTTP/1.1 404 Not Found
Connection: keep-alive
Content-Length: 58
Content-Type: application/json
X-Request-Id: 67642637479832814400

{"error":"not_found","request_id":"","routine":"MIOROUTE"}HTTP/1.1 404 Not Found
Connection: keep-alive
Content-Length: 58
Content-Type: application/json
X-Request-Id: 67642637479843414400

{"error":"not_found","request_id":"","routine":"MIOROUTE"}HTTP/1.1 404 Not Found
Connection: keep-alive
Content-Length: 58
Content-Type: application/json
X-Request-Id: 67642637479853414400

{"error":"not_found","request_id":"","routine":"MIOROUTE"}HTTP/1.1 404 Not Found
Connection: keep-alive
Content-Length: 58
Content-Type: application/json
X-Request-Id: 67642637479864514400

{"error":"not_found","request_id":"","routine":"MIOROUTE"}HTTP/1.1 404 Not Found
Connection: keep-alive
Content-Length: 58
Content-Type: application/json
X-Request-Id: 67642637479875014400

{"error":"not_found","request_id":"","routine":"MIOROUTE"}HTTP/1.1 404 Not Found
Connection: keep-alive
Content-Length: 58
Content-Type: application/json
X-Request-Id: 67642637479885014400

{"error":"not_found","request_id":"","routine":"MIOROUTE"}HTTP/1.1 404 Not Found
Connection: keep-alive
Content-Length: 58
Content-Type: application/json
X-Request-Id: 67642637479895114400

{"error":"not_found","request_id":"","routine":"MIOROUTE"}HTTP/1.1 404 Not Found
Connection: keep-alive
Content-Length: 58
Content-Type: application/json
X-Request-Id: 67642637479903914400

{"error":"not_found","request_id":"","routine":"MIOROUTE"}HTTP/1.1 404 Not Found
Connection: keep-alive
Content-Length: 58
Content-Type: application/json
X-Request-Id: 67642637479914714400

{"error":"not_found","request_id":"","routine":"MIOROUTE"}HTTP/1.1 404 Not Found
Connection: keep-alive
Content-Length: 58
Content-Type: application/json
X-Request-Id: 67642637479925314400

{"error":"not_found","request_id":"","routine":"MIOROUTE"}HTTP/1.1 404 Not Found
Connection: keep-alive
Content-Length: 58
Content-Type: application/json
X-Request-Id: 67642637479936014400

{"error":"not_found","request_id":"","routine":"MIOROUTE"}HTTP/1.1 404 Not Found
Connection: keep-alive
Content-Length: 58
Content-Type: application/json
X-Request-Id: 67642637479944814400

{"error":"not_found","request_id":"","routine":"MIOROUTE"}HTTP/1.1 404 Not Found
Connection: keep-alive
Content-Length: 58
Content-Type: application/json
X-Request-Id: 67642637479960114400

{"error":"not_found","request_id":"","routine":"MIOROUTE"}HTTP/1.1 404 Not Found
Connection: keep-alive
Content-Length: 58
Content-Type: application/json
X-Request-Id: 67642637479975014400

{"error":"not_found","request_id":"","routine":"MIOROUTE"}HTTP/1.1 404 Not Found
Connection: keep-alive
Content-Length: 58
Content-Type: application/json
X-Request-Id: 67642637479985714400

{"error":"not_found","request_id":"","routine":"MIOROUTE"}HTTP/1.1 404 Not Found
Connection: keep-alive
Content-Length: 58
Content-Type: application/json
X-Request-Id: 676426374710000114400

{"error":"not_found","request_id":"","routine":"MIOROUTE"}HTTP/1.1 404 Not Found
Connection: keep-alive
Content-Length: 58
Content-Type: application/json
X-Request-Id: 676426374710011314400

{"error":"not_found","request_id":"","routine":"MIOROUTE"}HTTP/1.1 404 Not Found
Connection: keep-alive
Content-Length: 58
Content-Type: application/json
X-Request-Id: 676426374710023114400

{"error":"not_found","request_id":"","routine":"MIOROUTE"}HTTP/1.1 404 Not Found
Connection: keep-alive
Content-Length: 58
Content-Type: application/json
X-Request-Id: 676426374710042414400

{"error":"not_found","request_id":"","routine":"MIOROUTE"}HTTP/1.1 404 Not Found
Connection: keep-alive
Content-Length: 58
Content-Type: application/json
X-Request-Id: 676426374710053014400

{"error":"not_found","request_id":"","routine":"MIOROUTE"}HTTP/1.1 404 Not Found
Connection: keep-alive
Content-Length: 58
Content-Type: application/json
X-Request-Id: 676426374710064014400

{"error":"not_found","request_id":"","routine":"MIOROUTE"}HTTP/1.1 404 Not Found
Connection: keep-alive
Content-Length: 58
Content-Type: application/json
X-Request-Id: 676426374710075014400

{"error":"not_found","request_id":"","routine":"MIOROUTE"}HTTP/1.1 404 Not Found
Connection: keep-alive
Content-Length: 58
Content-Type: application/json
X-Request-Id: 676426374710085914400

{"error":"not_found","request_id":"","routine":"MIOROUTE"}HTTP/1.1 404 Not Found
Connection: keep-alive
Content-Length: 58
Content-Type: application/json
X-Request-Id: 676426374710096914400

{"error":"not_found","request_id":"","routine":"MIOROUTE"}HTTP/1.1 404 Not Found
Connection: keep-alive
Content-Length: 58
Content-Type: application/json
X-Request-Id: 676426374710108914400

{"error":"not_found","request_id":"","routine":"MIOROUTE"}HTTP/1.1 404 Not Found
Connection: keep-alive
Content-Length: 58
Content-Type: application/json
X-Request-Id: 676426374710119814400

{"error":"not_found","request_id":"","routine":"MIOROUTE"}HTTP/1.1 404 Not Found
Connection: keep-alive
Content-Length: 58
Content-Type: application/json
X-Request-Id: 676426374710130814400

{"error":"not_found","request_id":"","routine":"MIOROUTE"}HTTP/1.1 404 Not Found
Connection: keep-alive
Content-Length: 58
Content-Type: application/json
X-Request-Id: 676426374710141714400

{"error":"not_found","request_id":"","routine":"MIOROUTE"}HTTP/1.1 404 Not Found
Connection: keep-alive
Content-Length: 58
Content-Type: application/json
X-Request-Id: 676426374710152714400

{"error":"not_found","request_id":"","routine":"MIOROUTE"}HTTP/1.1 404 Not Found
Connection: keep-alive
Content-Length: 58
Content-Type: application/json
X-Request-Id: 676426374710163614400

{"error":"not_found","request_id":"","routine":"MIOROUTE"}HTTP/1.1 404 Not Found
Connection: keep-alive
Content-Length: 58
Content-Type: application/json
X-Request-Id: 676426374710174614400

{"error":"not_found","request_id":"","routine":"MIOROUTE"}HTTP/1.1 404 Not Found
Connection: keep-alive
Content-Length: 58
Content-Type: application/json
X-Request-Id: 676426374710185514400

{"error":"not_found","request_id":"","routine":"MIOROUTE"}HTTP/1.1 404 Not Found
Connection: keep-alive
Content-Length: 58
Content-Type: application/json
X-Request-Id: 676426374710196414400

{"error":"not_found","request_id":"","routine":"MIOROUTE"}HTTP/1.1 404 Not Found
Connection: keep-alive
Content-Length: 58
Content-Type: application/json
X-Request-Id: 676426374710207514400

{"error":"not_found","request_id":"","routine":"MIOROUTE"}HTTP/1.1 404 Not Found
Connection: keep-alive
Content-Length: 58
Content-Type: application/json
X-Request-Id: 676426374710218314400

{"error":"not_found","request_id":"","routine":"MIOROUTE"}HTTP/1.1 404 Not Found
Connection: keep-alive
Content-Length: 58
Content-Type: application/json
X-Request-Id: 676426374710229214400

{"error":"not_found","request_id":"","routine":"MIOROUTE"}HTTP/1.1 404 Not Found
Connection: keep-alive
Content-Length: 58
Content-Type: application/json
X-Request-Id: 676426374710240114400

{"error":"not_found","request_id":"","routine":"MIOROUTE"}HTTP/1.1 404 Not Found
Connection: keep-alive
Content-Length: 58
Content-Type: application/json
X-Request-Id: 676426374710252414400

{"error":"not_found","request_id":"","routine":"MIOROUTE"}HTTP/1.1 404 Not Found
Connection: keep-alive
Content-Length: 58
Content-Type: application/json
X-Request-Id: 676426374710263314400

{"error":"not_found","request_id":"","routine":"MIOROUTE"}HTTP/1.1 404 Not Found
Connection: keep-alive
Content-Length: 58
Content-Type: application/json
X-Request-Id: 676426374710274314400

{"error":"not_found","request_id":"","routine":"MIOROUTE"}HTTP/1.1 404 Not Found
Connection: keep-alive
Content-Length: 58
Content-Type: application/json
X-Request-Id: 676426374710285214400

{"error":"not_found","request_id":"","routine":"MIOROUTE"}HTTP/1.1 404 Not Found
Connection: keep-alive
Content-Length: 58
Content-Type: application/json
X-Request-Id: 676426374710296114400

{"error":"not_found","request_id":"","routine":"MIOROUTE"}HTTP/1.1 404 Not Found
Connection: keep-alive
Content-Length: 58
Content-Type: application/json
X-Request-Id: 676426374710306914400

{"error":"not_found","request_id":"","routine":"MIOROUTE"}HTTP/1.1 404 Not Found
Connection: keep-alive
Content-Length: 58
Content-Type: application/json
X-Request-Id: 676426374710325914400

{"error":"not_found","request_id":"","routine":"MIOROUTE"}HTTP/1.1 404 Not Found
Connection: keep-alive
Content-Length: 58
Content-Type: application/json
X-Request-Id: 676426374710335214400

{"error":"not_found","request_id":"","routine":"MIOROUTE"}HTTP/1.1 404 Not Found
Connection: keep-alive
Content-Length: 58
Content-Type: application/json
X-Request-Id: 676426374710351014400

{"error":"not_found","request_id":"","routine":"MIOROUTE"}HTTP/1.1 404 Not Found
Connection: keep-alive
Content-Length: 58
Content-Type: application/json
X-Request-Id: 676426374710365314400

{"error":"not_found","request_id":"","routine":"MIOROUTE"}HTTP/1.1 404 Not Found
Connection: keep-alive
Content-Length: 58
Content-Type: application/json
X-Request-Id: 676426374710376714400

{"error":"not_found","request_id":"","routine":"MIOROUTE"}HTTP/1.1 404 Not Found
Connection: keep-alive
Content-Length: 58
Content-Type: application/json
X-Request-Id: 676426374710388114400

{"error":"not_found","request_id":"","routine":"MIOROUTE"}HTTP/1.1 404 Not Found
Connection: keep-alive
Content-Length: 58
Content-Type: application/json
X-Request-Id: 676426374710399614400

{"error":"not_found","request_id":"","routine":"MIOROUTE"}HTTP/1.1 404 Not Found
Connection: keep-alive
Content-Length: 58
Content-Type: application/json
X-Request-Id: 676426374710419714400

{"error":"not_found","request_id":"","routine":"MIOROUTE"}HTTP/1.1 404 Not Found
Connection: keep-alive
Content-Length: 58
Content-Type: application/json
X-Request-Id: 676426374710429914400

{"error":"not_found","request_id":"","routine":"MIOROUTE"}HTTP/1.1 404 Not Found
Connection: keep-alive
Content-Length: 58
Content-Type: application/json
X-Request-Id: 676426374710440214400

{"error":"not_found","request_id":"","routine":"MIOROUTE"}HTTP/1.1 404 Not Found
Connection: keep-alive
Content-Length: 58
Content-Type: application/json
X-Request-Id: 676426374710451614400

{"error":"not_found","request_id":"","routine":"MIOROUTE"}HTTP/1.1 404 Not Found
Connection: keep-alive
Content-Length: 58
Content-Type: application/json
X-Request-Id: 676426374710461414400

{"error":"not_found","request_id":"","routine":"MIOROUTE"}HTTP/1.1 404 Not Found
Connection: keep-alive
Content-Length: 58
Content-Type: application/json
X-Request-Id: 676426374710471914400

{"error":"not_found","request_id":"","routine":"MIOROUTE"}HTTP/1.1 404 Not Found
Connection: keep-alive
Content-Length: 58
Content-Type: application/json
X-Request-Id: 676426374710481814400

{"error":"not_found","request_id":"","routine":"MIOROUTE"}HTTP/1.1 404 Not Found
Connection: keep-alive
Content-Length: 58
Content-Type: application/json
X-Request-Id: 676426374710492014400

{"error":"not_found","request_id":"","routine":"MIOROUTE"}HTTP/1.1 404 Not Found
Connection: keep-alive
Content-Length: 58
Content-Type: application/json
X-Request-Id: 676426374710501814400

{"error":"not_found","request_id":"","routine":"MIOROUTE"}HTTP/1.1 404 Not Found
Connection: keep-alive
Content-Length: 58
Content-Type: application/json
X-Request-Id: 676426374710512114400

{"error":"not_found","request_id":"","routine":"MIOROUTE"}HTTP/1.1 404 Not Found
Connection: keep-alive
Content-Length: 58
Content-Type: application/json
X-Request-Id: 676426374710522914400

{"error":"not_found","request_id":"","routine":"MIOROUTE"}HTTP/1.1 404 Not Found
Connection: keep-alive
Content-Length: 58
Content-Type: application/json
X-Request-Id: 676426374710533414400

{"error":"not_found","request_id":"","routine":"MIOROUTE"}HTTP/1.1 404 Not Found
Connection: keep-alive
Content-Length: 58
Content-Type: application/json
X-Request-Id: 676426374710543114400

{"error":"not_found","request_id":"","routine":"MIOROUTE"}HTTP/1.1 404 Not Found
Connection: keep-alive
Content-Length: 58
Content-Type: application/json
X-Request-Id: 676426374710552914400

{"error":"not_found","request_id":"","routine":"MIOROUTE"}HTTP/1.1 404 Not Found
Connection: keep-alive
Content-Length: 58
Content-Type: application/json
X-Request-Id: 676426374710563014400

{"error":"not_found","request_id":"","routine":"MIOROUTE"}HTTP/1.1 404 Not Found
Connection: keep-alive
Content-Length: 58
Content-Type: application/json
X-Request-Id: 676426374710574314400

{"error":"not_found","request_id":"","routine":"MIOROUTE"}HTTP/1.1 404 Not Found
Connection: keep-alive
Content-Length: 58
Content-Type: application/json
X-Request-Id: 676426374710584114400

{"error":"not_found","request_id":"","routine":"MIOROUTE"}HTTP/1.1 404 Not Found
Connection: keep-alive
Content-Length: 58
Content-Type: application/json
X-Request-Id: 676426374710593914400

{"error":"not_found","request_id":"","routine":"MIOROUTE"}HTTP/1.1 404 Not Found
Connection: keep-alive
Content-Length: 58
Content-Type: application/json
X-Request-Id: 676426374710604214400

{"error":"not_found","request_id":"","routine":"MIOROUTE"}HTTP/1.1 404 Not Found
Connection: keep-alive
Content-Length: 58
Content-Type: application/json
X-Request-Id: 676426374710614014400

{"error":"not_found","request_id":"","routine":"MIOROUTE"}HTTP/1.1 404 Not Found
Connection: keep-alive
Content-Length: 58
Content-Type: application/json
X-Request-Id: 676426374710624314400

{"error":"not_found","request_id":"","routine":"MIOROUTE"}HTTP/1.1 404 Not Found
Connection: keep-alive
Content-Length: 58
Content-Type: application/json
X-Request-Id: 676426374710634114400

{"error":"not_found","request_id":"","routine":"MIOROUTE"}HTTP/1.1 404 Not Found
Connection: keep-alive
Content-Length: 58
Content-Type: application/json
X-Request-Id: 676426374710644314400

{"error":"not_found","request_id":"","routine":"MIOROUTE"}HTTP/1.1 404 Not Found
Connection: keep-alive
Content-Length: 58
Content-Type: application/json
X-Request-Id: 676426374710653114400

{"error":"not_found","request_id":"","routine":"MIOROUTE"}HTTP/1.1 404 Not Found
Connection: keep-alive
Content-Length: 58
Content-Type: application/json
X-Request-Id: 676426374710663914400

{"error":"not_found","request_id":"","routine":"MIOROUTE"}HTTP/1.1 404 Not Found
Connection: keep-alive
Content-Length: 58
Content-Type: application/json
X-Request-Id: 676426374710674614400

{"error":"not_found","request_id":"","routine":"MIOROUTE"}HTTP/1.1 404 Not Found
Connection: keep-alive
Content-Length: 58
Content-Type: application/json
X-Request-Id: 676426374710685414400

{"error":"not_found","request_id":"","routine":"MIOROUTE"}HTTP/1.1 404 Not Found
Connection: keep-alive
Content-Length: 58
Content-Type: application/json
X-Request-Id: 676426374710695114400

{"error":"not_found","request_id":"","routine":"MIOROUTE"}HTTP/1.1 404 Not Found
Connection: keep-alive
Content-Length: 58
Content-Type: application/json
X-Request-Id: 676426374710710914400

{"error":"not_found","request_id":"","routine":"MIOROUTE"}HTTP/1.1 404 Not Found
Connection: keep-alive
Content-Length: 58
Content-Type: application/json
X-Request-Id: 676426374710724214400

{"error":"not_found","request_id":"","routine":"MIOROUTE"}HTTP/1.1 404 Not Found
Connection: keep-alive
Content-Length: 58
Content-Type: application/json
X-Request-Id: 676426374710734114400

{"error":"not_found","request_id":"","routine":"MIOROUTE"}HTTP/1.1 404 Not Found
Connection: keep-alive
Content-Length: 58
Content-Type: application/json
X-Request-Id: 676426374710745714400

{"error":"not_found","request_id":"","routine":"MIOROUTE"}HTTP/1.1 404 Not Found
Connection: keep-alive
Content-Length: 58
Content-Type: application/json
X-Request-Id: 676426374710757814400

{"error":"not_found","request_id":"","routine":"MIOROUTE"}HTTP/1.1 404 Not Found
Connection: keep-alive
Content-Length: 58
Content-Type: application/json
X-Request-Id: 676426374710776814400

{"error":"not_found","request_id":"","routine":"MIOROUTE"}HTTP/1.1 404 Not Found
Connection: keep-alive
Content-Length: 58
Content-Type: application/json
X-Request-Id: 676426374710793214400

{"error":"not_found","request_id":"","routine":"MIOROUTE"}HTTP/1.1 404 Not Found
Connection: keep-alive
Content-Length: 58
Content-Type: application/json
X-Request-Id: 676426374710806214400

{"error":"not_found","request_id":"","routine":"MIOROUTE"}HTTP/1.1 404 Not Found
Connection: keep-alive
Content-Length: 58
Content-Type: application/json
X-Request-Id: 676426374710819014400

{"error":"not_found","request_id":"","routine":"MIOROUTE"}HTTP/1.1 404 Not Found
Connection: keep-alive
Content-Length: 58
Content-Type: application/json
X-Request-Id: 676426374710830114400

{"error":"not_found","request_id":"","routine":"MIOROUTE"}HTTP/1.1 404 Not Found
Connection: keep-alive
Content-Length: 58
Content-Type: application/json
X-Request-Id: 676426374710841114400

{"error":"not_found","request_id":"","routine":"MIOROUTE"}HTTP/1.1 404 Not Found
Connection: keep-alive
Content-Length: 58
Content-Type: application/json
X-Request-Id: 676426374710851914400

{"error":"not_found","request_id":"","routine":"MIOROUTE"}HTTP/1.1 404 Not Found
Connection: keep-alive
Content-Length: 58
Content-Type: application/json
X-Request-Id: 676426374710862814400

{"error":"not_found","request_id":"","routine":"MIOROUTE"}HTTP/1.1 404 Not Found
Connection: keep-alive
Content-Length: 58
Content-Type: application/json
X-Request-Id: 676426374710873814400

{"error":"not_found","request_id":"","routine":"MIOROUTE"}HTTP/1.1 404 Not Found
Connection: keep-alive
Content-Length: 58
Content-Type: application/json
X-Request-Id: 676426374710884814400

{"error":"not_found","request_id":"","routine":"MIOROUTE"}HTTP/1.1 404 Not Found
Connection: keep-alive
Content-Length: 58
Content-Type: application/json
X-Request-Id: 676426374710895714400

{"error":"not_found","request_id":"","routine":"MIOROUTE"}HTTP/1.1 404 Not Found
Connection: keep-alive
Content-Length: 58
Content-Type: application/json
X-Request-Id: 676426374710906714400

{"error":"not_found","request_id":"","routine":"MIOROUTE"}HTTP/1.1 404 Not Found
Connection: keep-alive
Content-Length: 58
Content-Type: application/json
X-Request-Id: 676426374710917314400

{"error":"not_found","request_id":"","routine":"MIOROUTE"}HTTP/1.1 404 Not Found
Connection: keep-alive
Content-Length: 58
Content-Type: application/json
X-Request-Id: 676426374710928514400

{"error":"not_found","request_id":"","routine":"MIOROUTE"}HTTP/1.1 404 Not Found
Connection: keep-alive
Content-Length: 58
Content-Type: application/json
X-Request-Id: 676426374710939414400

{"error":"not_found","request_id":"","routine":"MIOROUTE"}HTTP/1.1 404 Not Found
Connection: keep-alive
Content-Length: 58
Content-Type: application/json
X-Request-Id: 676426374710950414400

{"error":"not_found","request_id":"","routine":"MIOROUTE"}HTTP/1.1 404 Not Found
Connection: keep-alive
Content-Length: 58
Content-Type: application/json
X-Request-Id: 676426374710961414400

{"error":"not_found","request_id":"","routine":"MIOROUTE"}HTTP/1.1 404 Not Found
Connection: keep-alive
Content-Length: 58
Content-Type: application/json
X-Request-Id: 676426374710972314400

{"error":"not_found","request_id":"","routine":"MIOROUTE"}HTTP/1.1 404 Not Found
Connection: keep-alive
Content-Length: 58
Content-Type: application/json
X-Request-Id: 676426374710983314400

{"error":"not_found","request_id":"","routine":"MIOROUTE"}HTTP/1.1 404 Not Found
Connection: keep-alive
Content-Length: 58
Content-Type: application/json
X-Request-Id: 676426374710994114400

{"error":"not_found","request_id":"","routine":"MIOROUTE"}HTTP/1.1 404 Not Found
Connection: keep-alive
Content-Length: 58
Content-Type: application/json
X-Request-Id: 676426374711005114400

{"error":"not_found","request_id":"","routine":"MIOROUTE"}HTTP/1.1 404 Not Found
Connection: keep-alive
Content-Length: 58
Content-Type: application/json
X-Request-Id: 676426374711015814400

{"error":"not_found","request_id":"","routine":"MIOROUTE"}HTTP/1.1 404 Not Found
Connection: keep-alive
Content-Length: 58
Content-Type: application/json
X-Request-Id: 676426374711026814400

{"error":"not_found","request_id":"","routine":"MIOROUTE"}HTTP/1.1 404 Not Found
Connection: keep-alive
Content-Length: 58
Content-Type: application/json
X-Request-Id: 676426374711037614400

{"error":"not_found","request_id":"","routine":"MIOROUTE"}HTTP/1.1 404 Not Found
Connection: keep-alive
Content-Length: 58
Content-Type: application/json
X-Request-Id: 676426374711049614400

{"error":"not_found","request_id":"","routine":"MIOROUTE"}HTTP/1.1 404 Not Found
Connection: keep-alive
Content-Length: 58
Content-Type: application/json
X-Request-Id: 676426374711059214400

{"error":"not_found","request_id":"","routine":"MIOROUTE"}HTTP/1.1 404 Not Found
Connection: keep-alive
Content-Length: 58
Content-Type: application/json
X-Request-Id: 676426374711069914400

{"error":"not_found","request_id":"","routine":"MIOROUTE"}HTTP/1.1 404 Not Found
Connection: keep-alive
Content-Length: 58
Content-Type: application/json
X-Request-Id: 676426374711079814400

{"error":"not_found","request_id":"","routine":"MIOROUTE"}HTTP/1.1 404 Not Found
Connection: keep-alive
Content-Length: 58
Content-Type: application/json
X-Request-Id: 676426374711090314400

{"error":"not_found","request_id":"","routine":"MIOROUTE"}HTTP/1.1 404 Not Found
Connection: keep-alive
Content-Length: 58
Content-Type: application/json
X-Request-Id: 676426374711100614400

{"error":"not_found","request_id":"","routine":"MIOROUTE"}HTTP/1.1 404 Not Found
Connection: keep-alive
Content-Length: 58
Content-Type: application/json
X-Request-Id: 676426374711111514400

{"error":"not_found","request_id":"","routine":"MIOROUTE"}HTTP/1.1 404 Not Found
Connection: keep-alive
Content-Length: 58
Content-Type: application/json
X-Request-Id: 676426374711122514400

{"error":"not_found","request_id":"","routine":"MIOROUTE"}HTTP/1.1 404 Not Found
Connection: keep-alive
Content-Length: 58
Content-Type: application/json
X-Request-Id: 676426374711141514400

{"error":"not_found","request_id":"","routine":"MIOROUTE"}HTTP/1.1 404 Not Found
Connection: keep-alive
Content-Length: 58
Content-Type: application/json
X-Request-Id: 676426374711152814400

{"error":"not_found","request_id":"","routine":"MIOROUTE"}HTTP/1.1 404 Not Found
Connection: keep-alive
Content-Length: 58
Content-Type: application/json
X-Request-Id: 676426374711163914400

{"error":"not_found","request_id":"","routine":"MIOROUTE"}HTTP/1.1 404 Not Found
Connection: keep-alive
Content-Length: 58
Content-Type: application/json
X-Request-Id: 676426374711176114400

{"error":"not_found","request_id":"","routine":"MIOROUTE"}HTTP/1.1 404 Not Found
Connection: keep-alive
Content-Length: 58
Content-Type: application/json
X-Request-Id: 676426374711187014400

{"error":"not_found","request_id":"","routine":"MIOROUTE"}HTTP/1.1 404 Not Found
Connection: keep-alive
Content-Length: 58
Content-Type: application/json
X-Request-Id: 676426374711202214400

{"error":"not_found","request_id":"","routine":"MIOROUTE"}HTTP/1.1 404 Not Found
Connection: keep-alive
Content-Length: 58
Content-Type: application/json
X-Request-Id: 676426374711213114400

{"error":"not_found","request_id":"","routine":"MIOROUTE"}HTTP/1.1 404 Not Found
Connection: keep-alive
Content-Length: 58
Content-Type: application/json
X-Request-Id: 676426374711224014400

{"error":"not_found","request_id":"","routine":"MIOROUTE"}HTTP/1.1 404 Not Found
Connection: keep-alive
Content-Length: 58
Content-Type: application/json
X-Request-Id: 676426374711234914400

{"error":"not_found","request_id":"","routine":"MIOROUTE"}HTTP/1.1 404 Not Found
Connection: keep-alive
Content-Length: 58
Content-Type: application/json
X-Request-Id: 676426374711245814400

{"error":"not_found","request_id":"","routine":"MIOROUTE"}HTTP/1.1 404 Not Found
Connection: keep-alive
Content-Length: 58
Content-Type: application/json
X-Request-Id: 676426374711256714400

{"error":"not_found","request_id":"","routine":"MIOROUTE"}HTTP/1.1 404 Not Found
Connection: keep-alive
Content-Length: 58
Content-Type: application/json
X-Request-Id: 676426374711267514400

{"error":"not_found","request_id":"","routine":"MIOROUTE"}HTTP/1.1 404 Not Found
Connection: keep-alive
Content-Length: 58
Content-Type: application/json
X-Request-Id: 676426374711278414400

{"error":"not_found","request_id":"","routine":"MIOROUTE"}HTTP/1.1 404 Not Found
Connection: keep-alive
Content-Length: 58
Content-Type: application/json
X-Request-Id: 676426374711290414400

{"error":"not_found","request_id":"","routine":"MIOROUTE"}HTTP/1.1 404 Not Found
Connection: keep-alive
Content-Length: 58
Content-Type: application/json
X-Request-Id: 676426374711301214400

{"error":"not_found","request_id":"","routine":"MIOROUTE"}HTTP/1.1 404 Not Found
Connection: keep-alive
Content-Length: 58
Content-Type: application/json
X-Request-Id: 676426374711312014400

{"error":"not_found","request_id":"","routine":"MIOROUTE"}HTTP/1.1 404 Not Found
Connection: keep-alive
Content-Length: 58
Content-Type: application/json
X-Request-Id: 676426374711328714400

{"error":"not_found","request_id":"","routine":"MIOROUTE"}HTTP/1.1 404 Not Found
Connection: keep-alive
Content-Length: 58
Content-Type: application/json
X-Request-Id: 676426374711343214400

{"error":"not_found","request_id":"","routine":"MIOROUTE"}HTTP/1.1 404 Not Found
Connection: keep-alive
Content-Length: 58
Content-Type: application/json
X-Request-Id: 676426374711354414400

{"error":"not_found","request_id":"","routine":"MIOROUTE"}HTTP/1.1 404 Not Found
Connection: keep-alive
Content-Length: 58
Content-Type: application/json
X-Request-Id: 676426374711365114400

{"error":"not_found","request_id":"","routine":"MIOROUTE"}HTTP/1.1 404 Not Found
Connection: keep-alive
Content-Length: 58
Content-Type: application/json
X-Request-Id: 676426374711374914400

{"error":"not_found","request_id":"","routine":"MIOROUTE"}HTTP/1.1 404 Not Found
Connection: keep-alive
Content-Length: 58
Content-Type: application/json
X-Request-Id: 676426374711384114400

{"error":"not_found","request_id":"","routine":"MIOROUTE"}HTTP/1.1 404 Not Found
Connection: keep-alive
Content-Length: 58
Content-Type: application/json
X-Request-Id: 676426374711395314400

{"error":"not_found","request_id":"","routine":"MIOROUTE"}HTTP/1.1 404 Not Found
Connection: keep-alive
Content-Length: 58
Content-Type: application/json
X-Request-Id: 676426374711405614400

{"error":"not_found","request_id":"","routine":"MIOROUTE"}HTTP/1.1 404 Not Found
Connection: keep-alive
Content-Length: 58
Content-Type: application/json
X-Request-Id: 676426374711415614400

{"error":"not_found","request_id":"","routine":"MIOROUTE"}HTTP/1.1 404 Not Found
Connection: keep-alive
Content-Length: 58
Content-Type: application/json
X-Request-Id: 676426374711425714400

{"error":"not_found","request_id":"","routine":"MIOROUTE"}HTTP/1.1 404 Not Found
Connection: keep-alive
Content-Length: 58
Content-Type: application/json
X-Request-Id: 676426374711436214400

{"error":"not_found","request_id":"","routine":"MIOROUTE"}HTTP/1.1 404 Not Found
Connection: keep-alive
Content-Length: 58
Content-Type: application/json
X-Request-Id: 676426374711446914400

{"error":"not_found","request_id":"","routine":"MIOROUTE"}HTTP/1.1 404 Not Found
Connection: keep-alive
Content-Length: 58
Content-Type: application/json
X-Request-Id: 676426374711454014400

{"error":"not_found","request_id":"","routine":"MIOROUTE"}HTTP/1.1 404 Not Found
Connection: keep-alive
Content-Length: 58
Content-Type: application/json
X-Request-Id: 676426374711466714400

{"error":"not_found","request_id":"","routine":"MIOROUTE"}HTTP/1.1 404 Not Found
Connection: keep-alive
Content-Length: 58
Content-Type: application/json
X-Request-Id: 676426374711482314400

{"error":"not_found","request_id":"","routine":"MIOROUTE"}HTTP/1.1 404 Not Found
Connection: keep-alive
Content-Length: 58
Content-Type: application/json
X-Request-Id: 676426374711494814400

{"error":"not_found","request_id":"","routine":"MIOROUTE"}HTTP/1.1 404 Not Found
Connection: keep-alive
Content-Length: 58
Content-Type: application/json
X-Request-Id: 676426374711506514400

{"error":"not_found","request_id":"","routine":"MIOROUTE"}HTTP/1.1 404 Not Found
Connection: keep-alive
Content-Length: 58
Content-Type: application/json
X-Request-Id: 676426374711527914400

{"error":"not_found","request_id":"","routine":"MIOROUTE"}HTTP/1.1 404 Not Found
Connection: keep-alive
Content-Length: 58
Content-Type: application/json
X-Request-Id: 676426374711539914400

{"error":"not_found","request_id":"","routine":"MIOROUTE"}HTTP/1.1 404 Not Found
Connection: keep-alive
Content-Length: 58
Content-Type: application/json
X-Request-Id: 676426374711551314400

{"error":"not_found","request_id":"","routine":"MIOROUTE"}HTTP/1.1 404 Not Found
Connection: keep-alive
Content-Length: 58
Content-Type: application/json
X-Request-Id: 676426374711562614400

{"error":"not_found","request_id":"","routine":"MIOROUTE"}HTTP/1.1 404 Not Found
Connection: keep-alive
Content-Length: 58
Content-Type: application/json
X-Request-Id: 676426374711573414400

{"error":"not_found","request_id":"","routine":"MIOROUTE"}HTTP/1.1 404 Not Found
Connection: keep-alive
Content-Length: 58
Content-Type: application/json
X-Request-Id: 676426374711583214400

{"error":"not_found","request_id":"","routine":"MIOROUTE"}HTTP/1.1 404 Not Found
Connection: keep-alive
Content-Length: 58
Content-Type: application/json
X-Request-Id: 676426374711596614400

{"error":"not_found","request_id":"","routine":"MIOROUTE"}HTTP/1.1 404 Not Found
Connection: keep-alive
Content-Length: 58
Content-Type: application/json
X-Request-Id: 676426374711610914400

{"error":"not_found","request_id":"","routine":"MIOROUTE"}HTTP/1.1 404 Not Found
Connection: keep-alive
Content-Length: 58
Content-Type: application/json
X-Request-Id: 676426374711621814400

{"error":"not_found","request_id":"","routine":"MIOROUTE"}HTTP/1.1 404 Not Found
Connection: keep-alive
Content-Length: 58
Content-Type: application/json
X-Request-Id: 676426374711635414400

{"error":"not_found","request_id":"","routine":"MIOROUTE"}HTTP/1.1 404 Not Found
Connection: keep-alive
Content-Length: 58
Content-Type: application/json
X-Request-Id: 676426374711645214400

{"error":"not_found","request_id":"","routine":"MIOROUTE"}HTTP/1.1 404 Not Found
Connection: keep-alive
Content-Length: 58
Content-Type: application/json
X-Request-Id: 676426374711655814400

{"error":"not_found","request_id":"","routine":"MIOROUTE"}HTTP/1.1 404 Not Found
Connection: keep-alive
Content-Length: 58
Content-Type: application/json
X-Request-Id: 676426374711665514400

{"error":"not_found","request_id":"","routine":"MIOROUTE"}HTTP/1.1 404 Not Found
Connection: keep-alive
Content-Length: 58
Content-Type: application/json
X-Request-Id: 676426374711676214400

{"error":"not_found","request_id":"","routine":"MIOROUTE"}HTTP/1.1 404 Not Found
Connection: keep-alive
Content-Length: 58
Content-Type: application/json
X-Request-Id: 676426374711685714400

{"error":"not_found","request_id":"","routine":"MIOROUTE"}HTTP/1.1 404 Not Found
Connection: keep-alive
Content-Length: 58
Content-Type: application/json
X-Request-Id: 676426374711696314400

{"error":"not_found","request_id":"","routine":"MIOROUTE"}HTTP/1.1 404 Not Found
Connection: keep-alive
Content-Length: 58
Content-Type: application/json
X-Request-Id: 676426374711705914400

{"error":"not_found","request_id":"","routine":"MIOROUTE"}HTTP/1.1 404 Not Found
Connection: keep-alive
Content-Length: 58
Content-Type: application/json
X-Request-Id: 676426374711715114400

{"error":"not_found","request_id":"","routine":"MIOROUTE"}HTTP/1.1 404 Not Found
Connection: keep-alive
Content-Length: 58
Content-Type: application/json
X-Request-Id: 676426374711725614400

{"error":"not_found","request_id":"","routine":"MIOROUTE"}HTTP/1.1 404 Not Found
Connection: keep-alive
Content-Length: 58
Content-Type: application/json
X-Request-Id: 676426374711736314400

{"error":"not_found","request_id":"","routine":"MIOROUTE"}HTTP/1.1 404 Not Found
Connection: keep-alive
Content-Length: 58
Content-Type: application/json
X-Request-Id: 676426374711745814400

{"error":"not_found","request_id":"","routine":"MIOROUTE"}HTTP/1.1 404 Not Found
Connection: keep-alive
Content-Length: 58
Content-Type: application/json
X-Request-Id: 676426374711756214400

{"error":"not_found","request_id":"","routine":"MIOROUTE"}HTTP/1.1 404 Not Found
Connection: keep-alive
Content-Length: 58
Content-Type: application/json
X-Request-Id: 676426374711766514400

{"error":"not_found","request_id":"","routine":"MIOROUTE"}HTTP/1.1 404 Not Found
Connection: keep-alive
Content-Length: 58
Content-Type: application/json
X-Request-Id: 676426374711777014400

{"error":"not_found","request_id":"","routine":"MIOROUTE"}HTTP/1.1 404 Not Found
Connection: keep-alive
Content-Length: 58
Content-Type: application/json
X-Request-Id: 676426374711786514400

{"error":"not_found","request_id":"","routine":"MIOROUTE"}HTTP/1.1 404 Not Found
Connection: keep-alive
Content-Length: 58
Content-Type: application/json
X-Request-Id: 676426374711797014400

{"error":"not_found","request_id":"","routine":"MIOROUTE"}HTTP/1.1 404 Not Found
Connection: keep-alive
Content-Length: 58
Content-Type: application/json
X-Request-Id: 676426374711806614400

{"error":"not_found","request_id":"","routine":"MIOROUTE"}HTTP/1.1 404 Not Found
Connection: keep-alive
Content-Length: 58
Content-Type: application/json
X-Request-Id: 676426374711817214400

{"error":"not_found","request_id":"","routine":"MIOROUTE"}HTTP/1.1 404 Not Found
Connection: keep-alive
Content-Length: 58
Content-Type: application/json
X-Request-Id: 676426374711826714400

{"error":"not_found","request_id":"","routine":"MIOROUTE"}HTTP/1.1 404 Not Found
Connection: keep-alive
Content-Length: 58
Content-Type: application/json
X-Request-Id: 676426374711835814400

{"error":"not_found","request_id":"","routine":"MIOROUTE"}HTTP/1.1 404 Not Found
Connection: keep-alive
Content-Length: 58
Content-Type: application/json
X-Request-Id: 676426374711846214400

{"error":"not_found","request_id":"","routine":"MIOROUTE"}HTTP/1.1 404 Not Found
Connection: keep-alive
Content-Length: 58
Content-Type: application/json
X-Request-Id: 676426374711861314400

{"error":"not_found","request_id":"","routine":"MIOROUTE"}HTTP/1.1 404 Not Found
Connection: keep-alive
Content-Length: 58
Content-Type: application/json
X-Request-Id: 676426374711882314400

{"error":"not_found","request_id":"","routine":"MIOROUTE"}HTTP/1.1 404 Not Found
Connection: keep-alive
Content-Length: 58
Content-Type: application/json
X-Request-Id: 676426374711892414400

{"error":"not_found","request_id":"","routine":"MIOROUTE"}HTTP/1.1 404 Not Found
Connection: keep-alive
Content-Length: 58
Content-Type: application/json
X-Request-Id: 676426374711902814400

{"error":"not_found","request_id":"","routine":"MIOROUTE"}HTTP/1.1 404 Not Found
Connection: keep-alive
Content-Length: 58
Content-Type: application/json
X-Request-Id: 676426374711912914400

{"error":"not_found","request_id":"","routine":"MIOROUTE"}HTTP/1.1 404 Not Found
Connection: keep-alive
Content-Length: 58
Content-Type: application/json
X-Request-Id: 676426374711923514400

{"error":"not_found","request_id":"","routine":"MIOROUTE"}HTTP/1.1 404 Not Found
Connection: keep-alive
Content-Length: 58
Content-Type: application/json
X-Request-Id: 676426374711933114400

{"error":"not_found","request_id":"","routine":"MIOROUTE"}HTTP/1.1 404 Not Found
Connection: keep-alive
Content-Length: 58
Content-Type: application/json
X-Request-Id: 676426374711942214400

{"error":"not_found","request_id":"","routine":"MIOROUTE"}HTTP/1.1 404 Not Found
Connection: keep-alive
Content-Length: 58
Content-Type: application/json
X-Request-Id: 676426374711953414400

{"error":"not_found","request_id":"","routine":"MIOROUTE"}HTTP/1.1 404 Not Found
Connection: keep-alive
Content-Length: 58
Content-Type: application/json
X-Request-Id: 676426374711966214400

{"error":"not_found","request_id":"","routine":"MIOROUTE"}HTTP/1.1 404 Not Found
Connection: keep-alive
Content-Length: 58
Content-Type: application/json
X-Request-Id: 676426374711976514400

{"error":"not_found","request_id":"","routine":"MIOROUTE"}HTTP/1.1 404 Not Found
Connection: keep-alive
Content-Length: 58
Content-Type: application/json
X-Request-Id: 676426374711988114400

{"error":"not_found","request_id":"","routine":"MIOROUTE"}HTTP/1.1 404 Not Found
Connection: keep-alive
Content-Length: 58
Content-Type: application/json
X-Request-Id: 676426374712002014400

{"error":"not_found","request_id":"","routine":"MIOROUTE"}HTTP/1.1 404 Not Found
Connection: keep-alive
Content-Length: 58
Content-Type: application/json
X-Request-Id: 676426374712012314400

{"error":"not_found","request_id":"","routine":"MIOROUTE"}HTTP/1.1 404 Not Found
Connection: keep-alive
Content-Length: 58
Content-Type: application/json
X-Request-Id: 676426374712022914400

{"error":"not_found","request_id":"","routine":"MIOROUTE"}HTTP/1.1 404 Not Found
Connection: keep-alive
Content-Length: 58
Content-Type: application/json
X-Request-Id: 676426374712032514400

{"error":"not_found","request_id":"","routine":"MIOROUTE"}HTTP/1.1 404 Not Found
Connection: keep-alive
Content-Length: 58
Content-Type: application/json
X-Request-Id: 676426374712043114400

{"error":"not_found","request_id":"","routine":"MIOROUTE"}HTTP/1.1 404 Not Found
Connection: keep-alive
Content-Length: 58
Content-Type: application/json
X-Request-Id: 676426374712054414400

{"error":"not_found","request_id":"","routine":"MIOROUTE"}HTTP/1.1 404 Not Found
Connection: keep-alive
Content-Length: 58
Content-Type: application/json
X-Request-Id: 676426374712064714400

{"error":"not_found","request_id":"","routine":"MIOROUTE"}HTTP/1.1 404 Not Found
Connection: keep-alive
Content-Length: 58
Content-Type: application/json
X-Request-Id: 676426374712075314400

{"error":"not_found","request_id":"","routine":"MIOROUTE"}HTTP/1.1 404 Not Found
Connection: keep-alive
Content-Length: 58
Content-Type: application/json
X-Request-Id: 676426374712084914400

{"error":"not_found","request_id":"","routine":"MIOROUTE"}HTTP/1.1 404 Not Found
Connection: keep-alive
Content-Length: 58
Content-Type: application/json
X-Request-Id: 676426374712094014400

{"error":"not_found","request_id":"","routine":"MIOROUTE"}HTTP/1.1 404 Not Found
Connection: keep-alive
Content-Length: 58
Content-Type: application/json
X-Request-Id: 676426374712104414400

{"error":"not_found","request_id":"","routine":"MIOROUTE"}HTTP/1.1 404 Not Found
Connection: keep-alive
Content-Length: 58
Content-Type: application/json
X-Request-Id: 676426374712115014400

{"error":"not_found","request_id":"","routine":"MIOROUTE"}HTTP/1.1 404 Not Found
Connection: keep-alive
Content-Length: 58
Content-Type: application/json
X-Request-Id: 676426374712124914400

{"error":"not_found","request_id":"","routine":"MIOROUTE"}HTTP/1.1 404 Not Found
Connection: keep-alive
Content-Length: 58
Content-Type: application/json
X-Request-Id: 676426374712136814400

{"error":"not_found","request_id":"","routine":"MIOROUTE"}HTTP/1.1 404 Not Found
Connection: keep-alive
Content-Length: 58
Content-Type: application/json
X-Request-Id: 676426374712148014400

{"error":"not_found","request_id":"","routine":"MIOROUTE"}HTTP/1.1 404 Not Found
Connection: keep-alive
Content-Length: 58
Content-Type: application/json
X-Request-Id: 676426374712158314400

{"error":"not_found","request_id":"","routine":"MIOROUTE"}HTTP/1.1 404 Not Found
Connection: keep-alive
Content-Length: 58
Content-Type: application/json
X-Request-Id: 676426374712169814400

{"error":"not_found","request_id":"","routine":"MIOROUTE"}HTTP/1.1 404 Not Found
Connection: keep-alive
Content-Length: 58
Content-Type: application/json
X-Request-Id: 676426374712179314400

{"error":"not_found","request_id":"","routine":"MIOROUTE"}HTTP/1.1 404 Not Found
Connection: keep-alive
Content-Length: 58
Content-Type: application/json
X-Request-Id: 676426374712189914400

{"error":"not_found","request_id":"","routine":"MIOROUTE"}HTTP/1.1 404 Not Found
Connection: keep-alive
Content-Length: 58
Content-Type: application/json
X-Request-Id: 676426374712199414400

{"error":"not_found","request_id":"","routine":"MIOROUTE"}HTTP/1.1 404 Not Found
Connection: keep-alive
Content-Length: 58
Content-Type: application/json
X-Request-Id: 676426374712209614400

{"error":"not_found","request_id":"","routine":"MIOROUTE"}HTTP/1.1 404 Not Found
Connection: keep-alive
Content-Length: 58
Content-Type: application/json
X-Request-Id: 676426374712230914400

{"error":"not_found","request_id":"","routine":"MIOROUTE"}HTTP/1.1 404 Not Found
Connection: keep-alive
Content-Length: 58
Content-Type: application/json
X-Request-Id: 676426374712241614400

{"error":"not_found","request_id":"","routine":"MIOROUTE"}HTTP/1.1 404 Not Found
Connection: keep-alive
Content-Length: 58
Content-Type: application/json
X-Request-Id: 676426374712252614400

{"error":"not_found","request_id":"","routine":"MIOROUTE"}HTTP/1.1 404 Not Found
Connection: keep-alive
Content-Length: 58
Content-Type: application/json
X-Request-Id: 676426374712263014400

{"error":"not_found","request_id":"","routine":"MIOROUTE"}HTTP/1.1 404 Not Found
Connection: keep-alive
Content-Length: 58
Content-Type: application/json
X-Request-Id: 676426374712273614400

{"error":"not_found","request_id":"","routine":"MIOROUTE"}HTTP/1.1 404 Not Found
Connection: keep-alive
Content-Length: 58
Content-Type: application/json
X-Request-Id: 676426374712283214400

{"error":"not_found","request_id":"","routine":"MIOROUTE"}HTTP/1.1 404 Not Found
Connection: keep-alive
Content-Length: 58
Content-Type: application/json
X-Request-Id: 676426374712293714400

{"error":"not_found","request_id":"","routine":"MIOROUTE"}HTTP/1.1 404 Not Found
Connection: keep-alive
Content-Length: 58
Content-Type: application/json
X-Request-Id: 676426374712303414400

{"error":"not_found","request_id":"","routine":"MIOROUTE"}HTTP/1.1 404 Not Found
Connection: keep-alive
Content-Length: 58
Content-Type: application/json
X-Request-Id: 676426374712315314400

{"error":"not_found","request_id":"","routine":"MIOROUTE"}HTTP/1.1 404 Not Found
Connection: keep-alive
Content-Length: 58
Content-Type: application/json
X-Request-Id: 676426374712326414400

{"error":"not_found","request_id":"","routine":"MIOROUTE"}HTTP/1.1 404 Not Found
Connection: keep-alive
Content-Length: 58
Content-Type: application/json
X-Request-Id: 676426374712338614400

{"error":"not_found","request_id":"","routine":"MIOROUTE"}HTTP/1.1 404 Not Found
Connection: keep-alive
Content-Length: 58
Content-Type: application/json
X-Request-Id: 676426374712349014400

{"error":"not_found","request_id":"","routine":"MIOROUTE"}HTTP/1.1 404 Not Found
Connection: keep-alive
Content-Length: 58
Content-Type: application/json
X-Request-Id: 676426374712360114400

{"error":"not_found","request_id":"","routine":"MIOROUTE"}HTTP/1.1 404 Not Found
Connection: keep-alive
Content-Length: 58
Content-Type: application/json
X-Request-Id: 676426374712370614400

{"error":"not_found","request_id":"","routine":"MIOROUTE"}HTTP/1.1 404 Not Found
Connection: keep-alive
Content-Length: 58
Content-Type: application/json
X-Request-Id: 676426374712381414400

{"error":"not_found","request_id":"","routine":"MIOROUTE"}HTTP/1.1 404 Not Found
Connection: keep-alive
Content-Length: 58
Content-Type: application/json
X-Request-Id: 676426374712392714400

{"error":"not_found","request_id":"","routine":"MIOROUTE"}HTTP/1.1 404 Not Found
Connection: keep-alive
Content-Length: 58
Content-Type: application/json
X-Request-Id: 676426374712401914400

{"error":"not_found","request_id":"","routine":"MIOROUTE"}HTTP/1.1 404 Not Found
Connection: keep-alive
Content-Length: 58
Content-Type: application/json
X-Request-Id: 676426374712414114400

{"error":"not_found","request_id":"","routine":"MIOROUTE"}HTTP/1.1 404 Not Found
Connection: keep-alive
Content-Length: 58
Content-Type: application/json
X-Request-Id: 676426374712424014400

{"error":"not_found","request_id":"","routine":"MIOROUTE"}HTTP/1.1 404 Not Found
Connection: keep-alive
Content-Length: 58
Content-Type: application/json
X-Request-Id: 676426374712434614400

{"error":"not_found","request_id":"","routine":"MIOROUTE"}HTTP/1.1 404 Not Found
Connection: keep-alive
Content-Length: 58
Content-Type: application/json
X-Request-Id: 676426374712445914400

{"error":"not_found","request_id":"","routine":"MIOROUTE"}HTTP/1.1 404 Not Found
Connection: keep-alive
Content-Length: 58
Content-Type: application/json
X-Request-Id: 676426374712456214400

{"error":"not_found","request_id":"","routine":"MIOROUTE"}HTTP/1.1 404 Not Found
Connection: keep-alive
Content-Length: 58
Content-Type: application/json
X-Request-Id: 676426374712466714400

{"error":"not_found","request_id":"","routine":"MIOROUTE"}HTTP/1.1 404 Not Found
Connection: keep-alive
Content-Length: 58
Content-Type: application/json
X-Request-Id: 676426374712476314400

{"error":"not_found","request_id":"","routine":"MIOROUTE"}HTTP/1.1 404 Not Found
Connection: keep-alive
Content-Length: 58
Content-Type: application/json
X-Request-Id: 676426374712486814400

{"error":"not_found","request_id":"","routine":"MIOROUTE"}HTTP/1.1 404 Not Found
Connection: keep-alive
Content-Length: 58
Content-Type: application/json
X-Request-Id: 676426374712498814400

{"error":"not_found","request_id":"","routine":"MIOROUTE"}HTTP/1.1 404 Not Found
Connection: keep-alive
Content-Length: 58
Content-Type: application/json
X-Request-Id: 676426374712511814400

{"error":"not_found","request_id":"","routine":"MIOROUTE"}HTTP/1.1 404 Not Found
Connection: keep-alive
Content-Length: 58
Content-Type: application/json
X-Request-Id: 676426374712522614400

{"error":"not_found","request_id":"","routine":"MIOROUTE"}HTTP/1.1 404 Not Found
Connection: keep-alive
Content-Length: 58
Content-Type: application/json
X-Request-Id: 676426374712533114400

{"error":"not_found","request_id":"","routine":"MIOROUTE"}HTTP/1.1 404 Not Found
Connection: keep-alive
Content-Length: 58
Content-Type: application/json
X-Request-Id: 676426374712542914400

{"error":"not_found","request_id":"","routine":"MIOROUTE"}HTTP/1.1 404 Not Found
Connection: keep-alive
Content-Length: 58
Content-Type: application/json
X-Request-Id: 676426374712553114400

{"error":"not_found","request_id":"","routine":"MIOROUTE"}HTTP/1.1 404 Not Found
Connection: keep-alive
Content-Length: 58
Content-Type: application/json
X-Request-Id: 676426374712563714400

{"error":"not_found","request_id":"","routine":"MIOROUTE"}HTTP/1.1 404 Not Found
Connection: keep-alive
Content-Length: 58
Content-Type: application/json
X-Request-Id: 676426374712574314400

{"error":"not_found","request_id":"","routine":"MIOROUTE"}HTTP/1.1 404 Not Found
Connection: keep-alive
Content-Length: 58
Content-Type: application/json
X-Request-Id: 676426374712593714400

{"error":"not_found","request_id":"","routine":"MIOROUTE"}HTTP/1.1 404 Not Found
Connection: keep-alive
Content-Length: 58
Content-Type: application/json
X-Request-Id: 676426374712604614400

{"error":"not_found","request_id":"","routine":"MIOROUTE"}HTTP/1.1 404 Not Found
Connection: keep-alive
Content-Length: 58
Content-Type: application/json
X-Request-Id: 676426374712615014400

{"error":"not_found","request_id":"","routine":"MIOROUTE"}HTTP/1.1 404 Not Found
Connection: keep-alive
Content-Length: 58
Content-Type: application/json
X-Request-Id: 676426374712624814400

{"error":"not_found","request_id":"","routine":"MIOROUTE"}HTTP/1.1 404 Not Found
Connection: keep-alive
Content-Length: 58
Content-Type: application/json
X-Request-Id: 676426374712635514400

{"error":"not_found","request_id":"","routine":"MIOROUTE"}HTTP/1.1 404 Not Found
Connection: keep-alive
Content-Length: 58
Content-Type: application/json
X-Request-Id: 676426374712644414400

{"error":"not_found","request_id":"","routine":"MIOROUTE"}HTTP/1.1 404 Not Found
Connection: keep-alive
Content-Length: 58
Content-Type: application/json
X-Request-Id: 676426374712655014400

{"error":"not_found","request_id":"","routine":"MIOROUTE"}HTTP/1.1 404 Not Found
Connection: keep-alive
Content-Length: 58
Content-Type: application/json
X-Request-Id: 676426374712665114400

{"error":"not_found","request_id":"","routine":"MIOROUTE"}HTTP/1.1 404 Not Found
Connection: keep-alive
Content-Length: 58
Content-Type: application/json
X-Request-Id: 676426374712675614400

{"error":"not_found","request_id":"","routine":"MIOROUTE"}HTTP/1.1 404 Not Found
Connection: keep-alive
Content-Length: 58
Content-Type: application/json
X-Request-Id: 676426374712687914400

{"error":"not_found","request_id":"","routine":"MIOROUTE"}HTTP/1.1 404 Not Found
Connection: keep-alive
Content-Length: 58
Content-Type: application/json
X-Request-Id: 676426374712697414400

{"error":"not_found","request_id":"","routine":"MIOROUTE"}HTTP/1.1 404 Not Found
Connection: keep-alive
Content-Length: 58
Content-Type: application/json
X-Request-Id: 676426374712709014400

{"error":"not_found","request_id":"","routine":"MIOROUTE"}HTTP/1.1 404 Not Found
Connection: keep-alive
Content-Length: 58
Content-Type: application/json
X-Request-Id: 676426374712719014400

{"error":"not_found","request_id":"","routine":"MIOROUTE"}HTTP/1.1 404 Not Found
Connection: keep-alive
Content-Length: 58
Content-Type: application/json
X-Request-Id: 676426374712729014400

{"error":"not_found","request_id":"","routine":"MIOROUTE"}HTTP/1.1 404 Not Found
Connection: keep-alive
Content-Length: 58
Content-Type: application/json
X-Request-Id: 676426374712738714400

{"error":"not_found","request_id":"","routine":"MIOROUTE"}HTTP/1.1 404 Not Found
Connection: keep-alive
Content-Length: 58
Content-Type: application/json
X-Request-Id: 676426374712748914400

{"error":"not_found","request_id":"","routine":"MIOROUTE"}HTTP/1.1 404 Not Found
Connection: keep-alive
Content-Length: 58
Content-Type: application/json
X-Request-Id: 676426374712759814400

{"error":"not_found","request_id":"","routine":"MIOROUTE"}HTTP/1.1 404 Not Found
Connection: keep-alive
Content-Length: 58
Content-Type: application/json
X-Request-Id: 676426374712769414400

{"error":"not_found","request_id":"","routine":"MIOROUTE"}HTTP/1.1 404 Not Found
Connection: keep-alive
Content-Length: 58
Content-Type: application/json
X-Request-Id: 676426374712780014400

{"error":"not_found","request_id":"","routine":"MIOROUTE"}HTTP/1.1 404 Not Found
Connection: keep-alive
Content-Length: 58
Content-Type: application/json
X-Request-Id: 676426374712792814400

{"error":"not_found","request_id":"","routine":"MIOROUTE"}HTTP/1.1 404 Not Found
Connection: keep-alive
Content-Length: 58
Content-Type: application/json
X-Request-Id: 676426374712804914400

{"error":"not_found","request_id":"","routine":"MIOROUTE"}HTTP/1.1 404 Not Found
Connection: keep-alive
Content-Length: 58
Content-Type: application/json
X-Request-Id: 676426374712814514400

{"error":"not_found","request_id":"","routine":"MIOROUTE"}HTTP/1.1 404 Not Found
Connection: keep-alive
Content-Length: 58
Content-Type: application/json
X-Request-Id: 676426374712825214400

{"error":"not_found","request_id":"","routine":"MIOROUTE"}HTTP/1.1 404 Not Found
Connection: keep-alive
Content-Length: 58
Content-Type: application/json
X-Request-Id: 676426374712835814400

{"error":"not_found","request_id":"","routine":"MIOROUTE"}HTTP/1.1 404 Not Found
Connection: keep-alive
Content-Length: 58
Content-Type: application/json
X-Request-Id: 676426374712845314400

{"error":"not_found","request_id":"","routine":"MIOROUTE"}HTTP/1.1 404 Not Found
Connection: keep-alive
Content-Length: 58
Content-Type: application/json
X-Request-Id: 676426374712854914400

{"error":"not_found","request_id":"","routine":"MIOROUTE"}HTTP/1.1 404 Not Found
Connection: keep-alive
Content-Length: 58
Content-Type: application/json
X-Request-Id: 676426374712865114400

{"error":"not_found","request_id":"","routine":"MIOROUTE"}HTTP/1.1 404 Not Found
Connection: keep-alive
Content-Length: 58
Content-Type: application/json
X-Request-Id: 676426374712877014400

{"error":"not_found","request_id":"","routine":"MIOROUTE"}HTTP/1.1 404 Not Found
Connection: keep-alive
Content-Length: 58
Content-Type: application/json
X-Request-Id: 676426374712888114400

{"error":"not_found","request_id":"","routine":"MIOROUTE"}HTTP/1.1 404 Not Found
Connection: keep-alive
Content-Length: 58
Content-Type: application/json
X-Request-Id: 676426374712898814400

{"error":"not_found","request_id":"","routine":"MIOROUTE"}HTTP/1.1 404 Not Found
Connection: keep-alive
Content-Length: 58
Content-Type: application/json
X-Request-Id: 676426374712908314400

{"error":"not_found","request_id":"","routine":"MIOROUTE"}HTTP/1.1 404 Not Found
Connection: keep-alive
Content-Length: 58
Content-Type: application/json
X-Request-Id: 676426374712919014400

{"error":"not_found","request_id":"","routine":"MIOROUTE"}HTTP/1.1 404 Not Found
Connection: keep-alive
Content-Length: 58
Content-Type: application/json
X-Request-Id: 676426374712936814400

{"error":"not_found","request_id":"","routine":"MIOROUTE"}HTTP/1.1 404 Not Found
Connection: keep-alive
Content-Length: 58
Content-Type: application/json
X-Request-Id: 676426374712946814400

{"error":"not_found","request_id":"","routine":"MIOROUTE"}HTTP/1.1 404 Not Found
Connection: keep-alive
Content-Length: 58
Content-Type: application/json
X-Request-Id: 676426374712960714400

{"error":"not_found","request_id":"","routine":"MIOROUTE"}HTTP/1.1 404 Not Found
Connection: keep-alive
Content-Length: 58
Content-Type: application/json
X-Request-Id: 676426374712976014400

{"error":"not_found","request_id":"","routine":"MIOROUTE"}HTTP/1.1 404 Not Found
Connection: keep-alive
Content-Length: 58
Content-Type: application/json
X-Request-Id: 676426374712987114400

{"error":"not_found","request_id":"","routine":"MIOROUTE"}HTTP/1.1 404 Not Found
Connection: keep-alive
Content-Length: 58
Content-Type: application/json
X-Request-Id: 676426374712998014400

{"error":"not_found","request_id":"","routine":"MIOROUTE"}HTTP/1.1 404 Not Found
Connection: keep-alive
Content-Length: 58
Content-Type: application/json
X-Request-Id: 676426374713009614400

{"error":"not_found","request_id":"","routine":"MIOROUTE"}HTTP/1.1 404 Not Found
Connection: keep-alive
Content-Length: 58
Content-Type: application/json
X-Request-Id: 676426374713019814400

{"error":"not_found","request_id":"","routine":"MIOROUTE"}HTTP/1.1 404 Not Found
Connection: keep-alive
Content-Length: 58
Content-Type: application/json
X-Request-Id: 676426374713030514400

{"error":"not_found","request_id":"","routine":"MIOROUTE"}HTTP/1.1 404 Not Found
Connection: keep-alive
Content-Length: 58
Content-Type: application/json
X-Request-Id: 676426374713040014400

{"error":"not_found","request_id":"","routine":"MIOROUTE"}HTTP/1.1 404 Not Found
Connection: keep-alive
Content-Length: 58
Content-Type: application/json
X-Request-Id: 676426374713050214400

{"error":"not_found","request_id":"","routine":"MIOROUTE"}HTTP/1.1 404 Not Found
Connection: keep-alive
Content-Length: 58
Content-Type: application/json
X-Request-Id: 676426374713061414400

{"error":"not_found","request_id":"","routine":"MIOROUTE"}HTTP/1.1 404 Not Found
Connection: keep-alive
Content-Length: 58
Content-Type: application/json
X-Request-Id: 676426374713071714400

{"error":"not_found","request_id":"","routine":"MIOROUTE"}HTTP/1.1 404 Not Found
Connection: keep-alive
Content-Length: 58
Content-Type: application/json
X-Request-Id: 676426374713082414400

{"error":"not_found","request_id":"","routine":"MIOROUTE"}HTTP/1.1 404 Not Found
Connection: keep-alive
Content-Length: 58
Content-Type: application/json
X-Request-Id: 676426374713091914400

{"error":"not_found","request_id":"","routine":"MIOROUTE"}HTTP/1.1 404 Not Found
Connection: keep-alive
Content-Length: 58
Content-Type: application/json
X-Request-Id: 676426374713102414400

{"error":"not_found","request_id":"","routine":"MIOROUTE"}HTTP/1.1 404 Not Found
Connection: keep-alive
Content-Length: 58
Content-Type: application/json
X-Request-Id: 676426374713111914400

{"error":"not_found","request_id":"","routine":"MIOROUTE"}HTTP/1.1 404 Not Found
Connection: keep-alive
Content-Length: 58
Content-Type: application/json
X-Request-Id: 676426374713122914400

{"error":"not_found","request_id":"","routine":"MIOROUTE"}HTTP/1.1 404 Not Found
Connection: keep-alive
Content-Length: 58
Content-Type: application/json
X-Request-Id: 676426374713132914400

{"error":"not_found","request_id":"","routine":"MIOROUTE"}HTTP/1.1 404 Not Found
Connection: keep-alive
Content-Length: 58
Content-Type: application/json
X-Request-Id: 676426374713144314400

{"error":"not_found","request_id":"","routine":"MIOROUTE"}HTTP/1.1 404 Not Found
Connection: keep-alive
Content-Length: 58
Content-Type: application/json
X-Request-Id: 676426374713155114400

{"error":"not_found","request_id":"","routine":"MIOROUTE"}HTTP/1.1 404 Not Found
Connection: keep-alive
Content-Length: 58
Content-Type: application/json
X-Request-Id: 676426374713166614400

{"error":"not_found","request_id":"","routine":"MIOROUTE"}HTTP/1.1 404 Not Found
Connection: keep-alive
Content-Length: 58
Content-Type: application/json
X-Request-Id: 676426374713176914400

{"error":"not_found","request_id":"","routine":"MIOROUTE"}HTTP/1.1 404 Not Found
Connection: keep-alive
Content-Length: 58
Content-Type: application/json
X-Request-Id: 676426374713187914400

{"error":"not_found","request_id":"","routine":"MIOROUTE"}HTTP/1.1 404 Not Found
Connection: keep-alive
Content-Length: 58
Content-Type: application/json
X-Request-Id: 676426374713200814400

{"error":"not_found","request_id":"","routine":"MIOROUTE"}HTTP/1.1 404 Not Found
Connection: keep-alive
Content-Length: 58
Content-Type: application/json
X-Request-Id: 676426374713212014400

{"error":"not_found","request_id":"","routine":"MIOROUTE"}HTTP/1.1 404 Not Found
Connection: keep-alive
Content-Length: 58
Content-Type: application/json
X-Request-Id: 676426374713222414400

{"error":"not_found","request_id":"","routine":"MIOROUTE"}HTTP/1.1 404 Not Found
Connection: keep-alive
Content-Length: 58
Content-Type: application/json
X-Request-Id: 676426374713233514400

{"error":"not_found","request_id":"","routine":"MIOROUTE"}HTTP/1.1 404 Not Found
Connection: keep-alive
Content-Length: 58
Content-Type: application/json
X-Request-Id: 676426374713248014400

{"error":"not_found","request_id":"","routine":"MIOROUTE"}HTTP/1.1 404 Not Found
Connection: keep-alive
Content-Length: 58
Content-Type: application/json
X-Request-Id: 676426374713259714400

{"error":"not_found","request_id":"","routine":"MIOROUTE"}HTTP/1.1 404 Not Found
Connection: keep-alive
Content-Length: 58
Content-Type: application/json
X-Request-Id: 676426374713270414400

{"error":"not_found","request_id":"","routine":"MIOROUTE"}HTTP/1.1 404 Not Found
Connection: keep-alive
Content-Length: 58
Content-Type: application/json
X-Request-Id: 676426374713279514400

{"error":"not_found","request_id":"","routine":"MIOROUTE"}HTTP/1.1 404 Not Found
Connection: keep-alive
Content-Length: 58
Content-Type: application/json
X-Request-Id: 676426374713299414400

{"error":"not_found","request_id":"","routine":"MIOROUTE"}HTTP/1.1 404 Not Found
Connection: keep-alive
Content-Length: 58
Content-Type: application/json
X-Request-Id: 676426374713309414400

{"error":"not_found","request_id":"","routine":"MIOROUTE"}HTTP/1.1 404 Not Found
Connection: keep-alive
Content-Length: 58
Content-Type: application/json
X-Request-Id: 676426374713321414400

{"error":"not_found","request_id":"","routine":"MIOROUTE"}HTTP/1.1 404 Not Found
Connection: keep-alive
Content-Length: 58
Content-Type: application/json
X-Request-Id: 676426374713331214400

{"error":"not_found","request_id":"","routine":"MIOROUTE"}HTTP/1.1 404 Not Found
Connection: keep-alive
Content-Length: 58
Content-Type: application/json
X-Request-Id: 676426374713341814400

{"error":"not_found","request_id":"","routine":"MIOROUTE"}HTTP/1.1 404 Not Found
Connection: keep-alive
Content-Length: 58
Content-Type: application/json
X-Request-Id: 676426374713351314400

{"error":"not_found","request_id":"","routine":"MIOROUTE"}HTTP/1.1 404 Not Found
Connection: keep-alive
Content-Length: 58
Content-Type: application/json
X-Request-Id: 676426374713362014400

{"error":"not_found","request_id":"","routine":"MIOROUTE"}HTTP/1.1 404 Not Found
Connection: keep-alive
Content-Length: 58
Content-Type: application/json
X-Request-Id: 676426374713372214400

{"error":"not_found","request_id":"","routine":"MIOROUTE"}HTTP/1.1 404 Not Found
Connection: keep-alive
Content-Length: 58
Content-Type: application/json
X-Request-Id: 676426374713382714400

{"error":"not_found","request_id":"","routine":"MIOROUTE"}HTTP/1.1 404 Not Found
Connection: keep-alive
Content-Length: 58
Content-Type: application/json
X-Request-Id: 676426374713392314400

{"error":"not_found","request_id":"","routine":"MIOROUTE"}HTTP/1.1 404 Not Found
Connection: keep-alive
Content-Length: 58
Content-Type: application/json
X-Request-Id: 676426374713402814400

{"error":"not_found","request_id":"","routine":"MIOROUTE"}HTTP/1.1 404 Not Found
Connection: keep-alive
Content-Length: 58
Content-Type: application/json
X-Request-Id: 676426374713413314400

{"error":"not_found","request_id":"","routine":"MIOROUTE"}HTTP/1.1 404 Not Found
Connection: keep-alive
Content-Length: 58
Content-Type: application/json
X-Request-Id: 676426374713423614400

{"error":"not_found","request_id":"","routine":"MIOROUTE"}HTTP/1.1 404 Not Found
Connection: keep-alive
Content-Length: 58
Content-Type: application/json
X-Request-Id: 676426374713434214400

{"error":"not_found","request_id":"","routine":"MIOROUTE"}HTTP/1.1 404 Not Found
Connection: keep-alive
Content-Length: 58
Content-Type: application/json
X-Request-Id: 676426374713443814400

{"error":"not_found","request_id":"","routine":"MIOROUTE"}HTTP/1.1 404 Not Found
Connection: keep-alive
Content-Length: 58
Content-Type: application/json
X-Request-Id: 676426374713454314400

{"error":"not_found","request_id":"","routine":"MIOROUTE"}HTTP/1.1 404 Not Found
Connection: keep-alive
Content-Length: 58
Content-Type: application/json
X-Request-Id: 676426374713463814400

{"error":"not_found","request_id":"","routine":"MIOROUTE"}HTTP/1.1 404 Not Found
Connection: keep-alive
Content-Length: 58
Content-Type: application/json
X-Request-Id: 676426374713474314400

{"error":"not_found","request_id":"","routine":"MIOROUTE"}HTTP/1.1 404 Not Found
Connection: keep-alive
Content-Length: 58
Content-Type: application/json
X-Request-Id: 676426374713483814400

{"error":"not_found","request_id":"","routine":"MIOROUTE"}HTTP/1.1 404 Not Found
Connection: keep-alive
Content-Length: 58
Content-Type: application/json
X-Request-Id: 676426374713494314400

{"error":"not_found","request_id":"","routine":"MIOROUTE"}HTTP/1.1 404 Not Found
Connection: keep-alive
Content-Length: 58
Content-Type: application/json
X-Request-Id: 676426374713505514400

{"error":"not_found","request_id":"","routine":"MIOROUTE"}HTTP/1.1 404 Not Found
Connection: keep-alive
Content-Length: 58
Content-Type: application/json
X-Request-Id: 676426374713516314400

{"error":"not_found","request_id":"","routine":"MIOROUTE"}HTTP/1.1 404 Not Found
Connection: keep-alive
Content-Length: 58
Content-Type: application/json
X-Request-Id: 676426374713526614400

{"error":"not_found","request_id":"","routine":"MIOROUTE"}HTTP/1.1 404 Not Found
Connection: keep-alive
Content-Length: 58
Content-Type: application/json
X-Request-Id: 676426374713537214400

{"error":"not_found","request_id":"","routine":"MIOROUTE"}HTTP/1.1 404 Not Found
Connection: keep-alive
Content-Length: 58
Content-Type: application/json
X-Request-Id: 676426374713546814400

{"error":"not_found","request_id":"","routine":"MIOROUTE"}HTTP/1.1 404 Not Found
Connection: keep-alive
Content-Length: 58
Content-Type: application/json
X-Request-Id: 676426374713557914400

{"error":"not_found","request_id":"","routine":"MIOROUTE"}HTTP/1.1 404 Not Found
Connection: keep-alive
Content-Length: 58
Content-Type: application/json
X-Request-Id: 676426374713567414400

{"error":"not_found","request_id":"","routine":"MIOROUTE"}HTTP/1.1 404 Not Found
Connection: keep-alive
Content-Length: 58
Content-Type: application/json
X-Request-Id: 676426374713577614400

{"error":"not_found","request_id":"","routine":"MIOROUTE"}HTTP/1.1 404 Not Found
Connection: keep-alive
Content-Length: 58
Content-Type: application/json
X-Request-Id: 676426374713593114400

{"error":"not_found","request_id":"","routine":"MIOROUTE"}HTTP/1.1 404 Not Found
Connection: keep-alive
Content-Length: 58
Content-Type: application/json
X-Request-Id: 676426374713604914400

{"error":"not_found","request_id":"","routine":"MIOROUTE"}HTTP/1.1 404 Not Found
Connection: keep-alive
Content-Length: 58
Content-Type: application/json
X-Request-Id: 676426374713615114400

{"error":"not_found","request_id":"","routine":"MIOROUTE"}HTTP/1.1 404 Not Found
Connection: keep-alive
Content-Length: 58
Content-Type: application/json
X-Request-Id: 676426374713625514400

{"error":"not_found","request_id":"","routine":"MIOROUTE"}HTTP/1.1 404 Not Found
Connection: keep-alive
Content-Length: 58
Content-Type: application/json
X-Request-Id: 676426374713635114400

{"error":"not_found","request_id":"","routine":"MIOROUTE"}HTTP/1.1 404 Not Found
Connection: keep-alive
Content-Length: 58
Content-Type: application/json
X-Request-Id: 676426374713652114400

{"error":"not_found","request_id":"","routine":"MIOROUTE"}HTTP/1.1 404 Not Found
Connection: keep-alive
Content-Length: 58
Content-Type: application/json
X-Request-Id: 676426374713662014400

{"error":"not_found","request_id":"","routine":"MIOROUTE"}HTTP/1.1 404 Not Found
Connection: keep-alive
Content-Length: 58
Content-Type: application/json
X-Request-Id: 676426374713672714400

{"error":"not_found","request_id":"","routine":"MIOROUTE"}HTTP/1.1 404 Not Found
Connection: keep-alive
Content-Length: 58
Content-Type: application/json
X-Request-Id: 676426374713683114400

{"error":"not_found","request_id":"","routine":"MIOROUTE"}HTTP/1.1 404 Not Found
Connection: keep-alive
Content-Length: 58
Content-Type: application/json
X-Request-Id: 676426374713694014400

{"error":"not_found","request_id":"","routine":"MIOROUTE"}HTTP/1.1 404 Not Found
Connection: keep-alive
Content-Length: 58
Content-Type: application/json
X-Request-Id: 676426374713704814400

{"error":"not_found","request_id":"","routine":"MIOROUTE"}HTTP/1.1 404 Not Found
Connection: keep-alive
Content-Length: 58
Content-Type: application/json
X-Request-Id: 676426374713715214400

{"error":"not_found","request_id":"","routine":"MIOROUTE"}HTTP/1.1 404 Not Found
Connection: keep-alive
Content-Length: 58
Content-Type: application/json
X-Request-Id: 676426374713725814400

{"error":"not_found","request_id":"","routine":"MIOROUTE"}HTTP/1.1 404 Not Found
Connection: keep-alive
Content-Length: 58
Content-Type: application/json
X-Request-Id: 676426374713735414400

{"error":"not_found","request_id":"","routine":"MIOROUTE"}HTTP/1.1 404 Not Found
Connection: keep-alive
Content-Length: 58
Content-Type: application/json
X-Request-Id: 676426374713745914400

{"error":"not_found","request_id":"","routine":"MIOROUTE"}HTTP/1.1 404 Not Found
Connection: keep-alive
Content-Length: 58
Content-Type: application/json
X-Request-Id: 676426374713756514400

{"error":"not_found","request_id":"","routine":"MIOROUTE"}HTTP/1.1 404 Not Found
Connection: keep-alive
Content-Length: 58
Content-Type: application/json
X-Request-Id: 676426374713768514400

{"error":"not_found","request_id":"","routine":"MIOROUTE"}HTTP/1.1 404 Not Found
Connection: keep-alive
Content-Length: 58
Content-Type: application/json
X-Request-Id: 676426374713778514400

{"error":"not_found","request_id":"","routine":"MIOROUTE"}HTTP/1.1 404 Not Found
Connection: keep-alive
Content-Length: 58
Content-Type: application/json
X-Request-Id: 676426374713788814400

{"error":"not_found","request_id":"","routine":"MIOROUTE"}HTTP/1.1 404 Not Found
Connection: keep-alive
Content-Length: 58
Content-Type: application/json
X-Request-Id: 676426374713799414400

{"error":"not_found","request_id":"","routine":"MIOROUTE"}HTTP/1.1 404 Not Found
Connection: keep-alive
Content-Length: 58
Content-Type: application/json
X-Request-Id: 676426374713809814400

{"error":"not_found","request_id":"","routine":"MIOROUTE"}HTTP/1.1 404 Not Found
Connection: keep-alive
Content-Length: 58
Content-Type: application/json
X-Request-Id: 676426374713820414400

{"error":"not_found","request_id":"","routine":"MIOROUTE"}HTTP/1.1 404 Not Found
Connection: keep-alive
Content-Length: 58
Content-Type: application/json
X-Request-Id: 676426374713829914400

{"error":"not_found","request_id":"","routine":"MIOROUTE"}HTTP/1.1 404 Not Found
Connection: keep-alive
Content-Length: 58
Content-Type: application/json
X-Request-Id: 676426374713840414400

{"error":"not_found","request_id":"","routine":"MIOROUTE"}HTTP/1.1 404 Not Found
Connection: keep-alive
Content-Length: 58
Content-Type: application/json
X-Request-Id: 676426374713849914400

{"error":"not_found","request_id":"","routine":"MIOROUTE"}HTTP/1.1 404 Not Found
Connection: keep-alive
Content-Length: 58
Content-Type: application/json
X-Request-Id: 676426374713860214400

{"error":"not_found","request_id":"","routine":"MIOROUTE"}HTTP/1.1 404 Not Found
Connection: keep-alive
Content-Length: 58
Content-Type: application/json
X-Request-Id: 676426374713871314400

{"error":"not_found","request_id":"","routine":"MIOROUTE"}HTTP/1.1 404 Not Found
Connection: keep-alive
Content-Length: 58
Content-Type: application/json
X-Request-Id: 676426374713882114400

{"error":"not_found","request_id":"","routine":"MIOROUTE"}HTTP/1.1 404 Not Found
Connection: keep-alive
Content-Length: 58
Content-Type: application/json
X-Request-Id: 676426374713892414400

{"error":"not_found","request_id":"","routine":"MIOROUTE"}HTTP/1.1 404 Not Found
Connection: keep-alive
Content-Length: 58
Content-Type: application/json
X-Request-Id: 676426374713902914400

{"error":"not_found","request_id":"","routine":"MIOROUTE"}HTTP/1.1 404 Not Found
Connection: keep-alive
Content-Length: 58
Content-Type: application/json
X-Request-Id: 676426374713912414400

{"error":"not_found","request_id":"","routine":"MIOROUTE"}HTTP/1.1 404 Not Found
Connection: keep-alive
Content-Length: 58
Content-Type: application/json
X-Request-Id: 676426374713921414400

{"error":"not_found","request_id":"","routine":"MIOROUTE"}HTTP/1.1 404 Not Found
Connection: keep-alive
Content-Length: 58
Content-Type: application/json
X-Request-Id: 676426374713931914400

{"error":"not_found","request_id":"","routine":"MIOROUTE"}HTTP/1.1 404 Not Found
Connection: keep-alive
Content-Length: 58
Content-Type: application/json
X-Request-Id: 676426374713942414400

{"error":"not_found","request_id":"","routine":"MIOROUTE"}HTTP/1.1 404 Not Found
Connection: keep-alive
Content-Length: 58
Content-Type: application/json
X-Request-Id: 676426374713953814400

{"error":"not_found","request_id":"","routine":"MIOROUTE"}HTTP/1.1 404 Not Found
Connection: keep-alive
Content-Length: 58
Content-Type: application/json
X-Request-Id: 676426374713964014400

{"error":"not_found","request_id":"","routine":"MIOROUTE"}HTTP/1.1 404 Not Found
Connection: keep-alive
Content-Length: 58
Content-Type: application/json
X-Request-Id: 676426374713972914400

{"error":"not_found","request_id":"","routine":"MIOROUTE"}HTTP/1.1 404 Not Found
Connection: keep-alive
Content-Length: 58
Content-Type: application/json
X-Request-Id: 676426374713995214400

{"error":"not_found","request_id":"","routine":"MIOROUTE"}HTTP/1.1 404 Not Found
Connection: keep-alive
Content-Length: 58
Content-Type: application/json
X-Request-Id: 676426374714006114400

{"error":"not_found","request_id":"","routine":"MIOROUTE"}HTTP/1.1 404 Not Found
Connection: keep-alive
Content-Length: 58
Content-Type: application/json
X-Request-Id: 676426374714017114400

{"error":"not_found","request_id":"","routine":"MIOROUTE"}HTTP/1.1 404 Not Found
Connection: keep-alive
Content-Length: 58
Content-Type: application/json
X-Request-Id: 676426374714028014400

{"error":"not_found","request_id":"","routine":"MIOROUTE"}HTTP/1.1 404 Not Found
Connection: keep-alive
Content-Length: 58
Content-Type: application/json
X-Request-Id: 676426374714044114400

{"error":"not_found","request_id":"","routine":"MIOROUTE"}HTTP/1.1 404 Not Found
Connection: keep-alive
Content-Length: 58
Content-Type: application/json
X-Request-Id: 676426374714054114400

{"error":"not_found","request_id":"","routine":"MIOROUTE"}HTTP/1.1 404 Not Found
Connection: keep-alive
Content-Length: 58
Content-Type: application/json
X-Request-Id: 676426374714064614400

{"error":"not_found","request_id":"","routine":"MIOROUTE"}HTTP/1.1 404 Not Found
Connection: keep-alive
Content-Length: 58
Content-Type: application/json
X-Request-Id: 676426374714074414400

{"error":"not_found","request_id":"","routine":"MIOROUTE"}HTTP/1.1 404 Not Found
Connection: keep-alive
Content-Length: 58
Content-Type: application/json
X-Request-Id: 676426374714085014400

{"error":"not_found","request_id":"","routine":"MIOROUTE"}HTTP/1.1 404 Not Found
Connection: keep-alive
Content-Length: 58
Content-Type: application/json
X-Request-Id: 676426374714094614400

{"error":"not_found","request_id":"","routine":"MIOROUTE"}HTTP/1.1 404 Not Found
Connection: keep-alive
Content-Length: 58
Content-Type: application/json
X-Request-Id: 676426374714105114400

{"error":"not_found","request_id":"","routine":"MIOROUTE"}HTTP/1.1 404 Not Found
Connection: keep-alive
Content-Length: 58
Content-Type: application/json
X-Request-Id: 676426374714114714400

{"error":"not_found","request_id":"","routine":"MIOROUTE"}HTTP/1.1 404 Not Found
Connection: keep-alive
Content-Length: 58
Content-Type: application/json
X-Request-Id: 676426374714123814400

{"error":"not_found","request_id":"","routine":"MIOROUTE"}HTTP/1.1 404 Not Found
Connection: keep-alive
Content-Length: 58
Content-Type: application/json
X-Request-Id: 676426374714134814400

{"error":"not_found","request_id":"","routine":"MIOROUTE"}HTTP/1.1 404 Not Found
Connection: keep-alive
Content-Length: 58
Content-Type: application/json
X-Request-Id: 676426374714145114400

{"error":"not_found","request_id":"","routine":"MIOROUTE"}HTTP/1.1 404 Not Found
Connection: keep-alive
Content-Length: 58
Content-Type: application/json
X-Request-Id: 676426374714155714400

{"error":"not_found","request_id":"","routine":"MIOROUTE"}HTTP/1.1 404 Not Found
Connection: keep-alive
Content-Length: 58
Content-Type: application/json
X-Request-Id: 676426374714165214400

{"error":"not_found","request_id":"","routine":"MIOROUTE"}HTTP/1.1 404 Not Found
Connection: keep-alive
Content-Length: 58
Content-Type: application/json
X-Request-Id: 676426374714175714400

{"error":"not_found","request_id":"","routine":"MIOROUTE"}HTTP/1.1 404 Not Found
Connection: keep-alive
Content-Length: 58
Content-Type: application/json
X-Request-Id: 676426374714185314400

{"error":"not_found","request_id":"","routine":"MIOROUTE"}HTTP/1.1 404 Not Found
Connection: keep-alive
Content-Length: 58
Content-Type: application/json
X-Request-Id: 676426374714195814400

{"error":"not_found","request_id":"","routine":"MIOROUTE"}HTTP/1.1 404 Not Found
Connection: keep-alive
Content-Length: 58
Content-Type: application/json
X-Request-Id: 676426374714205414400

{"error":"not_found","request_id":"","routine":"MIOROUTE"}HTTP/1.1 404 Not Found
Connection: keep-alive
Content-Length: 58
Content-Type: application/json
X-Request-Id: 676426374714215714400

{"error":"not_found","request_id":"","routine":"MIOROUTE"}HTTP/1.1 404 Not Found
Connection: keep-alive
Content-Length: 58
Content-Type: application/json
X-Request-Id: 676426374714225314400

{"error":"not_found","request_id":"","routine":"MIOROUTE"}HTTP/1.1 404 Not Found
Connection: keep-alive
Content-Length: 58
Content-Type: application/json
X-Request-Id: 676426374714235714400

{"error":"not_found","request_id":"","routine":"MIOROUTE"}HTTP/1.1 404 Not Found
Connection: keep-alive
Content-Length: 58
Content-Type: application/json
X-Request-Id: 676426374714245814400

{"error":"not_found","request_id":"","routine":"MIOROUTE"}HTTP/1.1 404 Not Found
Connection: keep-alive
Content-Length: 58
Content-Type: application/json
X-Request-Id: 676426374714259814400

{"error":"not_found","request_id":"","routine":"MIOROUTE"}HTTP/1.1 404 Not Found
Connection: keep-alive
Content-Length: 58
Content-Type: application/json
X-Request-Id: 676426374714269914400

{"error":"not_found","request_id":"","routine":"MIOROUTE"}HTTP/1.1 404 Not Found
Connection: keep-alive
Content-Length: 58
Content-Type: application/json
X-Request-Id: 676426374714280214400

{"error":"not_found","request_id":"","routine":"MIOROUTE"}HTTP/1.1 404 Not Found
Connection: keep-alive
Content-Length: 58
Content-Type: application/json
X-Request-Id: 676426374714290714400

{"error":"not_found","request_id":"","routine":"MIOROUTE"}HTTP/1.1 404 Not Found
Connection: keep-alive
Content-Length: 58
Content-Type: application/json
X-Request-Id: 676426374714300414400

{"error":"not_found","request_id":"","routine":"MIOROUTE"}HTTP/1.1 404 Not Found
Connection: keep-alive
Content-Length: 58
Content-Type: application/json
X-Request-Id: 676426374714310914400

{"error":"not_found","request_id":"","routine":"MIOROUTE"}HTTP/1.1 404 Not Found
Connection: keep-alive
Content-Length: 58
Content-Type: application/json
X-Request-Id: 676426374714320714400

{"error":"not_found","request_id":"","routine":"MIOROUTE"}HTTP/1.1 404 Not Found
Connection: keep-alive
Content-Length: 58
Content-Type: application/json
X-Request-Id: 676426374714331114400

{"error":"not_found","request_id":"","routine":"MIOROUTE"}HTTP/1.1 404 Not Found
Connection: keep-alive
Content-Length: 58
Content-Type: application/json
X-Request-Id: 676426374714347814400

{"error":"not_found","request_id":"","routine":"MIOROUTE"}HTTP/1.1 404 Not Found
Connection: keep-alive
Content-Length: 58
Content-Type: application/json
X-Request-Id: 676426374714358714400

{"error":"not_found","request_id":"","routine":"MIOROUTE"}HTTP/1.1 404 Not Found
Connection: keep-alive
Content-Length: 58
Content-Type: application/json
X-Request-Id: 676426374714369114400

{"error":"not_found","request_id":"","routine":"MIOROUTE"}HTTP/1.1 404 Not Found
Connection: keep-alive
Content-Length: 58
Content-Type: application/json
X-Request-Id: 676426374714381214400

{"error":"not_found","request_id":"","routine":"MIOROUTE"}HTTP/1.1 404 Not Found
Connection: keep-alive
Content-Length: 58
Content-Type: application/json
X-Request-Id: 676426374714392214400

{"error":"not_found","request_id":"","routine":"MIOROUTE"}HTTP/1.1 404 Not Found
Connection: keep-alive
Content-Length: 58
Content-Type: application/json
X-Request-Id: 676426374714401214400

{"error":"not_found","request_id":"","routine":"MIOROUTE"}HTTP/1.1 404 Not Found
Connection: keep-alive
Content-Length: 58
Content-Type: application/json
X-Request-Id: 676426374714411914400

{"error":"not_found","request_id":"","routine":"MIOROUTE"}HTTP/1.1 404 Not Found
Connection: keep-alive
Content-Length: 58
Content-Type: application/json
X-Request-Id: 676426374714421514400

{"error":"not_found","request_id":"","routine":"MIOROUTE"}HTTP/1.1 404 Not Found
Connection: keep-alive
Content-Length: 58
Content-Type: application/json
X-Request-Id: 676426374714430714400

{"error":"not_found","request_id":"","routine":"MIOROUTE"}HTTP/1.1 404 Not Found
Connection: keep-alive
Content-Length: 58
Content-Type: application/json
X-Request-Id: 676426374714441114400

{"error":"not_found","request_id":"","routine":"MIOROUTE"}HTTP/1.1 404 Not Found
Connection: keep-alive
Content-Length: 58
Content-Type: application/json
X-Request-Id: 676426374714449814400

{"error":"not_found","request_id":"","routine":"MIOROUTE"}HTTP/1.1 404 Not Found
Connection: keep-alive
Content-Length: 58
Content-Type: application/json
X-Request-Id: 676426374714461014400

{"error":"not_found","request_id":"","routine":"MIOROUTE"}HTTP/1.1 404 Not Found
Connection: keep-alive
Content-Length: 58
Content-Type: application/json
X-Request-Id: 676426374714474414400

{"error":"not_found","request_id":"","routine":"MIOROUTE"}HTTP/1.1 404 Not Found
Connection: keep-alive
Content-Length: 58
Content-Type: application/json
X-Request-Id: 676426374714486214400

{"error":"not_found","request_id":"","routine":"MIOROUTE"}HTTP/1.1 404 Not Found
Connection: keep-alive
Content-Length: 58
Content-Type: application/json
X-Request-Id: 676426374714496514400

{"error":"not_found","request_id":"","routine":"MIOROUTE"}HTTP/1.1 404 Not Found
Connection: keep-alive
Content-Length: 58
Content-Type: application/json
X-Request-Id: 676426374714507114400

{"error":"not_found","request_id":"","routine":"MIOROUTE"}HTTP/1.1 404 Not Found
Connection: keep-alive
Content-Length: 58
Content-Type: application/json
X-Request-Id: 676426374714516814400

{"error":"not_found","request_id":"","routine":"MIOROUTE"}HTTP/1.1 404 Not Found
Connection: keep-alive
Content-Length: 58
Content-Type: application/json
X-Request-Id: 676426374714525714400

{"error":"not_found","request_id":"","routine":"MIOROUTE"}HTTP/1.1 404 Not Found
Connection: keep-alive
Content-Length: 58
Content-Type: application/json
X-Request-Id: 676426374714536314400

{"error":"not_found","request_id":"","routine":"MIOROUTE"}HTTP/1.1 404 Not Found
Connection: keep-alive
Content-Length: 58
Content-Type: application/json
X-Request-Id: 676426374714546914400

{"error":"not_found","request_id":"","routine":"MIOROUTE"}HTTP/1.1 404 Not Found
Connection: keep-alive
Content-Length: 58
Content-Type: application/json
X-Request-Id: 676426374714556414400

{"error":"not_found","request_id":"","routine":"MIOROUTE"}HTTP/1.1 404 Not Found
Connection: keep-alive
Content-Length: 58
Content-Type: application/json
X-Request-Id: 676426374714565314400

{"error":"not_found","request_id":"","routine":"MIOROUTE"}HTTP/1.1 404 Not Found
Connection: keep-alive
Content-Length: 58
Content-Type: application/json
X-Request-Id: 676426374714575914400

{"error":"not_found","request_id":"","routine":"MIOROUTE"}HTTP/1.1 404 Not Found
Connection: keep-alive
Content-Length: 58
Content-Type: application/json
X-Request-Id: 676426374714586514400

{"error":"not_found","request_id":"","routine":"MIOROUTE"}HTTP/1.1 404 Not Found
Connection: keep-alive
Content-Length: 58
Content-Type: application/json
X-Request-Id: 676426374714596014400

{"error":"not_found","request_id":"","routine":"MIOROUTE"}HTTP/1.1 404 Not Found
Connection: keep-alive
Content-Length: 58
Content-Type: application/json
X-Request-Id: 676426374714605014400

{"error":"not_found","request_id":"","routine":"MIOROUTE"}HTTP/1.1 404 Not Found
Connection: keep-alive
Content-Length: 58
Content-Type: application/json
X-Request-Id: 676426374714615514400

{"error":"not_found","request_id":"","routine":"MIOROUTE"}HTTP/1.1 404 Not Found
Connection: keep-alive
Content-Length: 58
Content-Type: application/json
X-Request-Id: 676426374714626114400

{"error":"not_found","request_id":"","routine":"MIOROUTE"}HTTP/1.1 404 Not Found
Connection: keep-alive
Content-Length: 58
Content-Type: application/json
X-Request-Id: 676426374714635714400

{"error":"not_found","request_id":"","routine":"MIOROUTE"}HTTP/1.1 404 Not Found
Connection: keep-alive
Content-Length: 58
Content-Type: application/json
X-Request-Id: 676426374714646114400

{"error":"not_found","request_id":"","routine":"MIOROUTE"}HTTP/1.1 404 Not Found
Connection: keep-alive
Content-Length: 58
Content-Type: application/json
X-Request-Id: 676426374714655914400

{"error":"not_found","request_id":"","routine":"MIOROUTE"}HTTP/1.1 404 Not Found
Connection: keep-alive
Content-Length: 58
Content-Type: application/json
X-Request-Id: 676426374714666914400

{"error":"not_found","request_id":"","routine":"MIOROUTE"}HTTP/1.1 404 Not Found
Connection: keep-alive
Content-Length: 58
Content-Type: application/json
X-Request-Id: 676426374714686014400

{"error":"not_found","request_id":"","routine":"MIOROUTE"}HTTP/1.1 404 Not Found
Connection: keep-alive
Content-Length: 58
Content-Type: application/json
X-Request-Id: 676426374714697414400

{"error":"not_found","request_id":"","routine":"MIOROUTE"}HTTP/1.1 404 Not Found
Connection: keep-alive
Content-Length: 58
Content-Type: application/json
X-Request-Id: 676426374714707814400

{"error":"not_found","request_id":"","routine":"MIOROUTE"}HTTP/1.1 404 Not Found
Connection: keep-alive
Content-Length: 58
Content-Type: application/json
X-Request-Id: 676426374714718414400

{"error":"not_found","request_id":"","routine":"MIOROUTE"}HTTP/1.1 404 Not Found
Connection: keep-alive
Content-Length: 58
Content-Type: application/json
X-Request-Id: 676426374714728014400

{"error":"not_found","request_id":"","routine":"MIOROUTE"}HTTP/1.1 404 Not Found
Connection: keep-alive
Content-Length: 58
Content-Type: application/json
X-Request-Id: 676426374714738514400

{"error":"not_found","request_id":"","routine":"MIOROUTE"}HTTP/1.1 404 Not Found
Connection: keep-alive
Content-Length: 58
Content-Type: application/json
X-Request-Id: 676426374714748014400

{"error":"not_found","request_id":"","routine":"MIOROUTE"}HTTP/1.1 404 Not Found
Connection: keep-alive
Content-Length: 58
Content-Type: application/json
X-Request-Id: 676426374714759114400

{"error":"not_found","request_id":"","routine":"MIOROUTE"}HTTP/1.1 404 Not Found
Connection: keep-alive
Content-Length: 58
Content-Type: application/json
X-Request-Id: 676426374714771514400

{"error":"not_found","request_id":"","routine":"MIOROUTE"}HTTP/1.1 404 Not Found
Connection: keep-alive
Content-Length: 58
Content-Type: application/json
X-Request-Id: 676426374714781314400

{"error":"not_found","request_id":"","routine":"MIOROUTE"}HTTP/1.1 404 Not Found
Connection: keep-alive
Content-Length: 58
Content-Type: application/json
X-Request-Id: 676426374714794814400

{"error":"not_found","request_id":"","routine":"MIOROUTE"}HTTP/1.1 404 Not Found
Connection: keep-alive
Content-Length: 58
Content-Type: application/json
X-Request-Id: 676426374714805314400

{"error":"not_found","request_id":"","routine":"MIOROUTE"}HTTP/1.1 404 Not Found
Connection: keep-alive
Content-Length: 58
Content-Type: application/json
X-Request-Id: 676426374714816314400

{"error":"not_found","request_id":"","routine":"MIOROUTE"}HTTP/1.1 404 Not Found
Connection: keep-alive
Content-Length: 58
Content-Type: application/json
X-Request-Id: 676426374714826714400

{"error":"not_found","request_id":"","routine":"MIOROUTE"}HTTP/1.1 404 Not Found
Connection: keep-alive
Content-Length: 58
Content-Type: application/json
X-Request-Id: 676426374714837314400

{"error":"not_found","request_id":"","routine":"MIOROUTE"}HTTP/1.1 404 Not Found
Connection: keep-alive
Content-Length: 58
Content-Type: application/json
X-Request-Id: 676426374714846814400

{"error":"not_found","request_id":"","routine":"MIOROUTE"}HTTP/1.1 404 Not Found
Connection: keep-alive
Content-Length: 58
Content-Type: application/json
X-Request-Id: 676426374714855814400

{"error":"not_found","request_id":"","routine":"MIOROUTE"}HTTP/1.1 404 Not Found
Connection: keep-alive
Content-Length: 58
Content-Type: application/json
X-Request-Id: 676426374714866314400

{"error":"not_found","request_id":"","routine":"MIOROUTE"}HTTP/1.1 404 Not Found
Connection: keep-alive
Content-Length: 58
Content-Type: application/json
X-Request-Id: 676426374714876814400

{"error":"not_found","request_id":"","routine":"MIOROUTE"}HTTP/1.1 404 Not Found
Connection: keep-alive
Content-Length: 58
Content-Type: application/json
X-Request-Id: 676426374714886414400

{"error":"not_found","request_id":"","routine":"MIOROUTE"}HTTP/1.1 404 Not Found
Connection: keep-alive
Content-Length: 58
Content-Type: application/json
X-Request-Id: 676426374714895414400

{"error":"not_found","request_id":"","routine":"MIOROUTE"}HTTP/1.1 404 Not Found
Connection: keep-alive
Content-Length: 58
Content-Type: application/json
X-Request-Id: 676426374714906414400

{"error":"not_found","request_id":"","routine":"MIOROUTE"}HTTP/1.1 404 Not Found
Connection: keep-alive
Content-Length: 58
Content-Type: application/json
X-Request-Id: 676426374714917914400

{"error":"not_found","request_id":"","routine":"MIOROUTE"}HTTP/1.1 404 Not Found
Connection: keep-alive
Content-Length: 58
Content-Type: application/json
X-Request-Id: 676426374714928214400

{"error":"not_found","request_id":"","routine":"MIOROUTE"}HTTP/1.1 404 Not Found
Connection: keep-alive
Content-Length: 58
Content-Type: application/json
X-Request-Id: 676426374714938814400

{"error":"not_found","request_id":"","routine":"MIOROUTE"}HTTP/1.1 404 Not Found
Connection: keep-alive
Content-Length: 58
Content-Type: application/json
X-Request-Id: 676426374714948414400

{"error":"not_found","request_id":"","routine":"MIOROUTE"}HTTP/1.1 404 Not Found
Connection: keep-alive
Content-Length: 58
Content-Type: application/json
X-Request-Id: 676426374714958914400

{"error":"not_found","request_id":"","routine":"MIOROUTE"}HTTP/1.1 404 Not Found
Connection: keep-alive
Content-Length: 58
Content-Type: application/json
X-Request-Id: 676426374714968414400

{"error":"not_found","request_id":"","routine":"MIOROUTE"}HTTP/1.1 404 Not Found
Connection: keep-alive
Content-Length: 58
Content-Type: application/json
X-Request-Id: 676426374714977414400

{"error":"not_found","request_id":"","routine":"MIOROUTE"}HTTP/1.1 404 Not Found
Connection: keep-alive
Content-Length: 58
Content-Type: application/json
X-Request-Id: 676426374714988414400

{"error":"not_found","request_id":"","routine":"MIOROUTE"}HTTP/1.1 404 Not Found
Connection: keep-alive
Content-Length: 58
Content-Type: application/json
X-Request-Id: 676426374714999314400

{"error":"not_found","request_id":"","routine":"MIOROUTE"}HTTP/1.1 404 Not Found
Connection: keep-alive
Content-Length: 58
Content-Type: application/json
X-Request-Id: 676426374715009714400

{"error":"not_found","request_id":"","routine":"MIOROUTE"}HTTP/1.1 404 Not Found
Connection: keep-alive
Content-Length: 58
Content-Type: application/json
X-Request-Id: 676426374715027014400

{"error":"not_found","request_id":"","routine":"MIOROUTE"}HTTP/1.1 404 Not Found
Connection: keep-alive
Content-Length: 58
Content-Type: application/json
X-Request-Id: 676426374715037014400

{"error":"not_found","request_id":"","routine":"MIOROUTE"}HTTP/1.1 404 Not Found
Connection: keep-alive
Content-Length: 58
Content-Type: application/json
X-Request-Id: 676426374715047614400

{"error":"not_found","request_id":"","routine":"MIOROUTE"}HTTP/1.1 404 Not Found
Connection: keep-alive
Content-Length: 58
Content-Type: application/json
X-Request-Id: 676426374715067614400

{"error":"not_found","request_id":"","routine":"MIOROUTE"}HTTP/1.1 404 Not Found
Connection: keep-alive
Content-Length: 58
Content-Type: application/json
X-Request-Id: 676426374715079214400

{"error":"not_found","request_id":"","routine":"MIOROUTE"}HTTP/1.1 404 Not Found
Connection: keep-alive
Content-Length: 58
Content-Type: application/json
X-Request-Id: 676426374715089914400

{"error":"not_found","request_id":"","routine":"MIOROUTE"}HTTP/1.1 404 Not Found
Connection: keep-alive
Content-Length: 58
Content-Type: application/json
X-Request-Id: 676426374715099714400

{"error":"not_found","request_id":"","routine":"MIOROUTE"}HTTP/1.1 404 Not Found
Connection: keep-alive
Content-Length: 58
Content-Type: application/json
X-Request-Id: 676426374715108514400

{"error":"not_found","request_id":"","routine":"MIOROUTE"}HTTP/1.1 404 Not Found
Connection: keep-alive
Content-Length: 58
Content-Type: application/json
X-Request-Id: 676426374715119414400

{"error":"not_found","request_id":"","routine":"MIOROUTE"}HTTP/1.1 404 Not Found
Connection: keep-alive
Content-Length: 58
Content-Type: application/json
X-Request-Id: 676426374715126614400

{"error":"not_found","request_id":"","routine":"MIOROUTE"}HTTP/1.1 404 Not Found
Connection: keep-alive
Content-Length: 58
Content-Type: application/json
X-Request-Id: 676426374715137814400

{"error":"not_found","request_id":"","routine":"MIOROUTE"}HTTP/1.1 404 Not Found
Connection: keep-alive
Content-Length: 58
Content-Type: application/json
X-Request-Id: 676426374715148414400

{"error":"not_found","request_id":"","routine":"MIOROUTE"}HTTP/1.1 404 Not Found
Connection: keep-alive
Content-Length: 58
Content-Type: application/json
X-Request-Id: 676426374715159614400

{"error":"not_found","request_id":"","routine":"MIOROUTE"}HTTP/1.1 404 Not Found
Connection: keep-alive
Content-Length: 58
Content-Type: application/json
X-Request-Id: 676426374715170114400

{"error":"not_found","request_id":"","routine":"MIOROUTE"}HTTP/1.1 404 Not Found
Connection: keep-alive
Content-Length: 58
Content-Type: application/json
X-Request-Id: 676426374715180014400

{"error":"not_found","request_id":"","routine":"MIOROUTE"}HTTP/1.1 404 Not Found
Connection: keep-alive
Content-Length: 58
Content-Type: application/json
X-Request-Id: 676426374715194014400

{"error":"not_found","request_id":"","routine":"MIOROUTE"}HTTP/1.1 404 Not Found
Connection: keep-alive
Content-Length: 58
Content-Type: application/json
X-Request-Id: 676426374715207014400

{"error":"not_found","request_id":"","routine":"MIOROUTE"}HTTP/1.1 404 Not Found
Connection: keep-alive
Content-Length: 58
Content-Type: application/json
X-Request-Id: 676426374715217514400

{"error":"not_found","request_id":"","routine":"MIOROUTE"}HTTP/1.1 404 Not Found
Connection: keep-alive
Content-Length: 58
Content-Type: application/json
X-Request-Id: 676426374715226314400

{"error":"not_found","request_id":"","routine":"MIOROUTE"}HTTP/1.1 404 Not Found
Connection: keep-alive
Content-Length: 58
Content-Type: application/json
X-Request-Id: 676426374715237114400

{"error":"not_found","request_id":"","routine":"MIOROUTE"}HTTP/1.1 404 Not Found
Connection: keep-alive
Content-Length: 58
Content-Type: application/json
X-Request-Id: 676426374715249314400

{"error":"not_found","request_id":"","routine":"MIOROUTE"}HTTP/1.1 404 Not Found
Connection: keep-alive
Content-Length: 58
Content-Type: application/json
X-Request-Id: 676426374715259914400

{"error":"not_found","request_id":"","routine":"MIOROUTE"}HTTP/1.1 404 Not Found
Connection: keep-alive
Content-Length: 58
Content-Type: application/json
X-Request-Id: 676426374715270614400

{"error":"not_found","request_id":"","routine":"MIOROUTE"}HTTP/1.1 404 Not Found
Connection: keep-alive
Content-Length: 58
Content-Type: application/json
X-Request-Id: 676426374715281014400

{"error":"not_found","request_id":"","routine":"MIOROUTE"}HTTP/1.1 404 Not Found
Connection: keep-alive
Content-Length: 58
Content-Type: application/json
X-Request-Id: 676426374715290714400

{"error":"not_found","request_id":"","routine":"MIOROUTE"}HTTP/1.1 404 Not Found
Connection: keep-alive
Content-Length: 58
Content-Type: application/json
X-Request-Id: 676426374715299514400

{"error":"not_found","request_id":"","routine":"MIOROUTE"}HTTP/1.1 404 Not Found
Connection: keep-alive
Content-Length: 58
Content-Type: application/json
X-Request-Id: 676426374715310314400

{"error":"not_found","request_id":"","routine":"MIOROUTE"}HTTP/1.1 404 Not Found
Connection: keep-alive
Content-Length: 58
Content-Type: application/json
X-Request-Id: 676426374715320814400

{"error":"not_found","request_id":"","routine":"MIOROUTE"}HTTP/1.1 404 Not Found
Connection: keep-alive
Content-Length: 58
Content-Type: application/json
X-Request-Id: 676426374715329614400

{"error":"not_found","request_id":"","routine":"MIOROUTE"}HTTP/1.1 404 Not Found
Connection: keep-alive
Content-Length: 58
Content-Type: application/json
X-Request-Id: 676426374715340314400

{"error":"not_found","request_id":"","routine":"MIOROUTE"}HTTP/1.1 404 Not Found
Connection: keep-alive
Content-Length: 58
Content-Type: application/json
X-Request-Id: 676426374715351114400

{"error":"not_found","request_id":"","routine":"MIOROUTE"}HTTP/1.1 404 Not Found
Connection: keep-alive
Content-Length: 58
Content-Type: application/json
X-Request-Id: 676426374715362314400

{"error":"not_found","request_id":"","routine":"MIOROUTE"}HTTP/1.1 404 Not Found
Connection: keep-alive
Content-Length: 58
Content-Type: application/json
X-Request-Id: 676426374715371914400

{"error":"not_found","request_id":"","routine":"MIOROUTE"}HTTP/1.1 404 Not Found
Connection: keep-alive
Content-Length: 58
Content-Type: application/json
X-Request-Id: 676426374715389514400

{"error":"not_found","request_id":"","routine":"MIOROUTE"}HTTP/1.1 404 Not Found
Connection: keep-alive
Content-Length: 58
Content-Type: application/json
X-Request-Id: 676426374715399514400

{"error":"not_found","request_id":"","routine":"MIOROUTE"}HTTP/1.1 404 Not Found
Connection: keep-alive
Content-Length: 58
Content-Type: application/json
X-Request-Id: 676426374715409714400

{"error":"not_found","request_id":"","routine":"MIOROUTE"}HTTP/1.1 404 Not Found
Connection: keep-alive
Content-Length: 58
Content-Type: application/json
X-Request-Id: 676426374715419614400

{"error":"not_found","request_id":"","routine":"MIOROUTE"}HTTP/1.1 404 Not Found
Connection: keep-alive
Content-Length: 58
Content-Type: application/json
X-Request-Id: 676426374715429814400

{"error":"not_found","request_id":"","routine":"MIOROUTE"}HTTP/1.1 404 Not Found
Connection: keep-alive
Content-Length: 58
Content-Type: application/json
X-Request-Id: 676426374715439614400

{"error":"not_found","request_id":"","routine":"MIOROUTE"}HTTP/1.1 404 Not Found
Connection: keep-alive
Content-Length: 58
Content-Type: application/json
X-Request-Id: 676426374715449814400

{"error":"not_found","request_id":"","routine":"MIOROUTE"}HTTP/1.1 404 Not Found
Connection: keep-alive
Content-Length: 58
Content-Type: application/json
X-Request-Id: 676426374715459714400

{"error":"not_found","request_id":"","routine":"MIOROUTE"}HTTP/1.1 404 Not Found
Connection: keep-alive
Content-Length: 58
Content-Type: application/json
X-Request-Id: 676426374715468514400

{"error":"not_found","request_id":"","routine":"MIOROUTE"}HTTP/1.1 404 Not Found
Connection: keep-alive
Content-Length: 58
Content-Type: application/json
X-Request-Id: 676426374715479414400

{"error":"not_found","request_id":"","routine":"MIOROUTE"}HTTP/1.1 404 Not Found
Connection: keep-alive
Content-Length: 58
Content-Type: application/json
X-Request-Id: 676426374715490014400

{"error":"not_found","request_id":"","routine":"MIOROUTE"}HTTP/1.1 404 Not Found
Connection: keep-alive
Content-Length: 58
Content-Type: application/json
X-Request-Id: 676426374715499014400

{"error":"not_found","request_id":"","routine":"MIOROUTE"}HTTP/1.1 404 Not Found
Connection: keep-alive
Content-Length: 58
Content-Type: application/json
X-Request-Id: 676426374715509714400

{"error":"not_found","request_id":"","routine":"MIOROUTE"}HTTP/1.1 404 Not Found
Connection: keep-alive
Content-Length: 58
Content-Type: application/json
X-Request-Id: 676426374715520314400

{"error":"not_found","request_id":"","routine":"MIOROUTE"}HTTP/1.1 404 Not Found
Connection: keep-alive
Content-Length: 58
Content-Type: application/json
X-Request-Id: 676426374715530514400

{"error":"not_found","request_id":"","routine":"MIOROUTE"}HTTP/1.1 404 Not Found
Connection: keep-alive
Content-Length: 58
Content-Type: application/json
X-Request-Id: 676426374715540314400

{"error":"not_found","request_id":"","routine":"MIOROUTE"}HTTP/1.1 404 Not Found
Connection: keep-alive
Content-Length: 58
Content-Type: application/json
X-Request-Id: 676426374715550314400

{"error":"not_found","request_id":"","routine":"MIOROUTE"}HTTP/1.1 404 Not Found
Connection: keep-alive
Content-Length: 58
Content-Type: application/json
X-Request-Id: 676426374715558814400

{"error":"not_found","request_id":"","routine":"MIOROUTE"}HTTP/1.1 404 Not Found
Connection: keep-alive
Content-Length: 58
Content-Type: application/json
X-Request-Id: 676426374715569814400

{"error":"not_found","request_id":"","routine":"MIOROUTE"}HTTP/1.1 404 Not Found
Connection: keep-alive
Content-Length: 58
Content-Type: application/json
X-Request-Id: 676426374715581514400

{"error":"not_found","request_id":"","routine":"MIOROUTE"}HTTP/1.1 404 Not Found
Connection: keep-alive
Content-Length: 58
Content-Type: application/json
X-Request-Id: 676426374715594714400

{"error":"not_found","request_id":"","routine":"MIOROUTE"}HTTP/1.1 404 Not Found
Connection: keep-alive
Content-Length: 58
Content-Type: application/json
X-Request-Id: 676426374715605014400

{"error":"not_found","request_id":"","routine":"MIOROUTE"}HTTP/1.1 404 Not Found
Connection: keep-alive
Content-Length: 58
Content-Type: application/json
X-Request-Id: 676426374715613814400

{"error":"not_found","request_id":"","routine":"MIOROUTE"}HTTP/1.1 404 Not Found
Connection: keep-alive
Content-Length: 58
Content-Type: application/json
X-Request-Id: 676426374715624614400

{"error":"not_found","request_id":"","routine":"MIOROUTE"}HTTP/1.1 404 Not Found
Connection: keep-alive
Content-Length: 58
Content-Type: application/json
X-Request-Id: 676426374715634914400

{"error":"not_found","request_id":"","routine":"MIOROUTE"}HTTP/1.1 404 Not Found
Connection: keep-alive
Content-Length: 58
Content-Type: application/json
X-Request-Id: 676426374715644614400

{"error":"not_found","request_id":"","routine":"MIOROUTE"}HTTP/1.1 404 Not Found
Connection: keep-alive
Content-Length: 58
Content-Type: application/json
X-Request-Id: 676426374715654514400

{"error":"not_found","request_id":"","routine":"MIOROUTE"}HTTP/1.1 404 Not Found
Connection: keep-alive
Content-Length: 58
Content-Type: application/json
X-Request-Id: 676426374715664614400

{"error":"not_found","request_id":"","routine":"MIOROUTE"}HTTP/1.1 404 Not Found
Connection: keep-alive
Content-Length: 58
Content-Type: application/json
X-Request-Id: 676426374715673314400

{"error":"not_found","request_id":"","routine":"MIOROUTE"}HTTP/1.1 404 Not Found
Connection: keep-alive
Content-Length: 58
Content-Type: application/json
X-Request-Id: 676426374715684014400

{"error":"not_found","request_id":"","routine":"MIOROUTE"}HTTP/1.1 404 Not Found
Connection: keep-alive
Content-Length: 58
Content-Type: application/json
X-Request-Id: 676426374715692914400

{"error":"not_found","request_id":"","routine":"MIOROUTE"}HTTP/1.1 404 Not Found
Connection: keep-alive
Content-Length: 58
Content-Type: application/json
X-Request-Id: 676426374715703714400

{"error":"not_found","request_id":"","routine":"MIOROUTE"}HTTP/1.1 404 Not Found
Connection: keep-alive
Content-Length: 58
Content-Type: application/json
X-Request-Id: 676426374715724014400

{"error":"not_found","request_id":"","routine":"MIOROUTE"}HTTP/1.1 404 Not Found
Connection: keep-alive
Content-Length: 58
Content-Type: application/json
X-Request-Id: 676426374715734014400

{"error":"not_found","request_id":"","routine":"MIOROUTE"}HTTP/1.1 404 Not Found
Connection: keep-alive
Content-Length: 58
Content-Type: application/json
X-Request-Id: 676426374715744414400

{"error":"not_found","request_id":"","routine":"MIOROUTE"}HTTP/1.1 404 Not Found
Connection: keep-alive
Content-Length: 58
Content-Type: application/json
X-Request-Id: 676426374715754214400

{"error":"not_found","request_id":"","routine":"MIOROUTE"}HTTP/1.1 404 Not Found
Connection: keep-alive
Content-Length: 58
Content-Type: application/json
X-Request-Id: 676426374715764514400

{"error":"not_found","request_id":"","routine":"MIOROUTE"}HTTP/1.1 404 Not Found
Connection: keep-alive
Content-Length: 58
Content-Type: application/json
X-Request-Id: 676426374715774314400

{"error":"not_found","request_id":"","routine":"MIOROUTE"}HTTP/1.1 404 Not Found
Connection: keep-alive
Content-Length: 58
Content-Type: application/json
X-Request-Id: 676426374715784514400

{"error":"not_found","request_id":"","routine":"MIOROUTE"}HTTP/1.1 404 Not Found
Connection: keep-alive
Content-Length: 58
Content-Type: application/json
X-Request-Id: 676426374715794314400

{"error":"not_found","request_id":"","routine":"MIOROUTE"}HTTP/1.1 404 Not Found
Connection: keep-alive
Content-Length: 58
Content-Type: application/json
X-Request-Id: 676426374715805414400

{"error":"not_found","request_id":"","routine":"MIOROUTE"}HTTP/1.1 404 Not Found
Connection: keep-alive
Content-Length: 58
Content-Type: application/json
X-Request-Id: 676426374715815014400

{"error":"not_found","request_id":"","routine":"MIOROUTE"}HTTP/1.1 404 Not Found
Connection: keep-alive
Content-Length: 58
Content-Type: application/json
X-Request-Id: 676426374715825214400

{"error":"not_found","request_id":"","routine":"MIOROUTE"}HTTP/1.1 404 Not Found
Connection: keep-alive
Content-Length: 58
Content-Type: application/json
X-Request-Id: 676426374715835114400

{"error":"not_found","request_id":"","routine":"MIOROUTE"}HTTP/1.1 404 Not Found
Connection: keep-alive
Content-Length: 58
Content-Type: application/json
X-Request-Id: 676426374715845214400

{"error":"not_found","request_id":"","routine":"MIOROUTE"}HTTP/1.1 404 Not Found
Connection: keep-alive
Content-Length: 58
Content-Type: application/json
X-Request-Id: 676426374715855014400

{"error":"not_found","request_id":"","routine":"MIOROUTE"}HTTP/1.1 404 Not Found
Connection: keep-alive
Content-Length: 58
Content-Type: application/json
X-Request-Id: 676426374715863814400

{"error":"not_found","request_id":"","routine":"MIOROUTE"}HTTP/1.1 404 Not Found
Connection: keep-alive
Content-Length: 58
Content-Type: application/json
X-Request-Id: 676426374715874614400

{"error":"not_found","request_id":"","routine":"MIOROUTE"}HTTP/1.1 404 Not Found
Connection: keep-alive
Content-Length: 58
Content-Type: application/json
X-Request-Id: 676426374715885214400

{"error":"not_found","request_id":"","routine":"MIOROUTE"}HTTP/1.1 404 Not Found
Connection: keep-alive
Content-Length: 58
Content-Type: application/json
X-Request-Id: 676426374715895814400

{"error":"not_found","request_id":"","routine":"MIOROUTE"}HTTP/1.1 404 Not Found
Connection: keep-alive
Content-Length: 58
Content-Type: application/json
X-Request-Id: 676426374715904714400

{"error":"not_found","request_id":"","routine":"MIOROUTE"}HTTP/1.1 404 Not Found
Connection: keep-alive
Content-Length: 58
Content-Type: application/json
X-Request-Id: 676426374715915414400

{"error":"not_found","request_id":"","routine":"MIOROUTE"}HTTP/1.1 404 Not Found
Connection: keep-alive
Content-Length: 58
Content-Type: application/json
X-Request-Id: 676426374715926114400

{"error":"not_found","request_id":"","routine":"MIOROUTE"}HTTP/1.1 404 Not Found
Connection: keep-alive
Content-Length: 58
Content-Type: application/json
X-Request-Id: 676426374715944414400

{"error":"not_found","request_id":"","routine":"MIOROUTE"}HTTP/1.1 404 Not Found
Connection: keep-alive
Content-Length: 58
Content-Type: application/json
X-Request-Id: 676426374715955514400

{"error":"not_found","request_id":"","routine":"MIOROUTE"}HTTP/1.1 404 Not Found
Connection: keep-alive
Content-Length: 58
Content-Type: application/json
X-Request-Id: 676426374715965814400

{"error":"not_found","request_id":"","routine":"MIOROUTE"}HTTP/1.1 404 Not Found
Connection: keep-alive
Content-Length: 58
Content-Type: application/json
X-Request-Id: 676426374715975414400

{"error":"not_found","request_id":"","routine":"MIOROUTE"}HTTP/1.1 404 Not Found
Connection: keep-alive
Content-Length: 58
Content-Type: application/json
X-Request-Id: 676426374715986014400

{"error":"not_found","request_id":"","routine":"MIOROUTE"}HTTP/1.1 404 Not Found
Connection: keep-alive
Content-Length: 58
Content-Type: application/json
X-Request-Id: 676426374716000114400

{"error":"not_found","request_id":"","routine":"MIOROUTE"}HTTP/1.1 404 Not Found
Connection: keep-alive
Content-Length: 58
Content-Type: application/json
X-Request-Id: 676426374716015114400

{"error":"not_found","request_id":"","routine":"MIOROUTE"}HTTP/1.1 404 Not Found
Connection: keep-alive
Content-Length: 58
Content-Type: application/json
X-Request-Id: 676426374716034914400

{"error":"not_found","request_id":"","routine":"MIOROUTE"}HTTP/1.1 404 Not Found
Connection: keep-alive
Content-Length: 58
Content-Type: application/json
X-Request-Id: 676426374716046914400

{"error":"not_found","request_id":"","routine":"MIOROUTE"}HTTP/1.1 404 Not Found
Connection: keep-alive
Content-Length: 58
Content-Type: application/json
X-Request-Id: 676426374716058614400

{"error":"not_found","request_id":"","routine":"MIOROUTE"}HTTP/1.1 404 Not Found
Connection: keep-alive
Content-Length: 58
Content-Type: application/json
X-Request-Id: 676426374716071614400

{"error":"not_found","request_id":"","routine":"MIOROUTE"}HTTP/1.1 404 Not Found
Connection: keep-alive
Content-Length: 58
Content-Type: application/json
X-Request-Id: 676426374716092314400

{"error":"not_found","request_id":"","routine":"MIOROUTE"}HTTP/1.1 404 Not Found
Connection: keep-alive
Content-Length: 58
Content-Type: application/json
X-Request-Id: 676426374716104014400

{"error":"not_found","request_id":"","routine":"MIOROUTE"}HTTP/1.1 404 Not Found
Connection: keep-alive
Content-Length: 58
Content-Type: application/json
X-Request-Id: 676426374716117814400

{"error":"not_found","request_id":"","routine":"MIOROUTE"}HTTP/1.1 404 Not Found
Connection: keep-alive
Content-Length: 58
Content-Type: application/json
X-Request-Id: 676426374716129014400

{"error":"not_found","request_id":"","routine":"MIOROUTE"}HTTP/1.1 404 Not Found
Connection: keep-alive
Content-Length: 58
Content-Type: application/json
X-Request-Id: 676426374716141714400

{"error":"not_found","request_id":"","routine":"MIOROUTE"}HTTP/1.1 404 Not Found
Connection: keep-alive
Content-Length: 58
Content-Type: application/json
X-Request-Id: 676426374716152614400

{"error":"not_found","request_id":"","routine":"MIOROUTE"}HTTP/1.1 404 Not Found
Connection: keep-alive
Content-Length: 58
Content-Type: application/json
X-Request-Id: 676426374716165314400

{"error":"not_found","request_id":"","routine":"MIOROUTE"}HTTP/1.1 404 Not Found
Connection: keep-alive
Content-Length: 58
Content-Type: application/json
X-Request-Id: 676426374716176014400

{"error":"not_found","request_id":"","routine":"MIOROUTE"}HTTP/1.1 404 Not Found
Connection: keep-alive
Content-Length: 58
Content-Type: application/json
X-Request-Id: 676426374716188714400

{"error":"not_found","request_id":"","routine":"MIOROUTE"}HTTP/1.1 404 Not Found
Connection: keep-alive
Content-Length: 58
Content-Type: application/json
X-Request-Id: 676426374716200914400

{"error":"not_found","request_id":"","routine":"MIOROUTE"}HTTP/1.1 404 Not Found
Connection: keep-alive
Content-Length: 58
Content-Type: application/json
X-Request-Id: 676426374716214414400

{"error":"not_found","request_id":"","routine":"MIOROUTE"}HTTP/1.1 404 Not Found
Connection: keep-alive
Content-Length: 58
Content-Type: application/json
X-Request-Id: 676426374716226214400

{"error":"not_found","request_id":"","routine":"MIOROUTE"}HTTP/1.1 404 Not Found
Connection: keep-alive
Content-Length: 58
Content-Type: application/json
X-Request-Id: 676426374716237714400

{"error":"not_found","request_id":"","routine":"MIOROUTE"}HTTP/1.1 404 Not Found
Connection: keep-alive
Content-Length: 58
Content-Type: application/json
X-Request-Id: 676426374716249114400

{"error":"not_found","request_id":"","routine":"MIOROUTE"}HTTP/1.1 404 Not Found
Connection: keep-alive
Content-Length: 58
Content-Type: application/json
X-Request-Id: 676426374716260514400

{"error":"not_found","request_id":"","routine":"MIOROUTE"}HTTP/1.1 404 Not Found
Connection: keep-alive
Content-Length: 58
Content-Type: application/json
X-Request-Id: 676426374716271814400

{"error":"not_found","request_id":"","routine":"MIOROUTE"}HTTP/1.1 404 Not Found
Connection: keep-alive
Content-Length: 58
Content-Type: application/json
X-Request-Id: 676426374716283214400

{"error":"not_found","request_id":"","routine":"MIOROUTE"}HTTP/1.1 404 Not Found
Connection: keep-alive
Content-Length: 58
Content-Type: application/json
X-Request-Id: 676426374716295714400

{"error":"not_found","request_id":"","routine":"MIOROUTE"}HTTP/1.1 404 Not Found
Connection: keep-alive
Content-Length: 58
Content-Type: application/json
X-Request-Id: 676426374716309814400

{"error":"not_found","request_id":"","routine":"MIOROUTE"}HTTP/1.1 404 Not Found
Connection: keep-alive
Content-Length: 58
Content-Type: application/json
X-Request-Id: 676426374716321114400

{"error":"not_found","request_id":"","routine":"MIOROUTE"}HTTP/1.1 404 Not Found
Connection: keep-alive
Content-Length: 58
Content-Type: application/json
X-Request-Id: 676426374716331814400

{"error":"not_found","request_id":"","routine":"MIOROUTE"}HTTP/1.1 404 Not Found
Connection: keep-alive
Content-Length: 58
Content-Type: application/json
X-Request-Id: 676426374716344214400

{"error":"not_found","request_id":"","routine":"MIOROUTE"}HTTP/1.1 404 Not Found
Connection: keep-alive
Content-Length: 58
Content-Type: application/json
X-Request-Id: 676426374716355914400

{"error":"not_found","request_id":"","routine":"MIOROUTE"}HTTP/1.1 404 Not Found
Connection: keep-alive
Content-Length: 58
Content-Type: application/json
X-Request-Id: 676426374716367214400

{"error":"not_found","request_id":"","routine":"MIOROUTE"}HTTP/1.1 404 Not Found
Connection: keep-alive
Content-Length: 58
Content-Type: application/json
X-Request-Id: 676426374716378514400

{"error":"not_found","request_id":"","routine":"MIOROUTE"}HTTP/1.1 404 Not Found
Connection: keep-alive
Content-Length: 58
Content-Type: application/json
X-Request-Id: 676426374716394314400

{"error":"not_found","request_id":"","routine":"MIOROUTE"}HTTP/1.1 404 Not Found
Connection: keep-alive
Content-Length: 58
Content-Type: application/json
X-Request-Id: 676426374716405414400

{"error":"not_found","request_id":"","routine":"MIOROUTE"}HTTP/1.1 404 Not Found
Connection: keep-alive
Content-Length: 58
Content-Type: application/json
X-Request-Id: 676426374716416714400

{"error":"not_found","request_id":"","routine":"MIOROUTE"}HTTP/1.1 404 Not Found
Connection: keep-alive
Content-Length: 58
Content-Type: application/json
X-Request-Id: 676426374716427814400

{"error":"not_found","request_id":"","routine":"MIOROUTE"}HTTP/1.1 404 Not Found
Connection: keep-alive
Content-Length: 58
Content-Type: application/json
X-Request-Id: 676426374716438914400

{"error":"not_found","request_id":"","routine":"MIOROUTE"}HTTP/1.1 404 Not Found
Connection: keep-alive
Content-Length: 58
Content-Type: application/json
X-Request-Id: 676426374716450214400

{"error":"not_found","request_id":"","routine":"MIOROUTE"}HTTP/1.1 404 Not Found
Connection: keep-alive
Content-Length: 58
Content-Type: application/json
X-Request-Id: 676426374716461314400

{"error":"not_found","request_id":"","routine":"MIOROUTE"}HTTP/1.1 404 Not Found
Connection: keep-alive
Content-Length: 58
Content-Type: application/json
X-Request-Id: 676426374716472514400

{"error":"not_found","request_id":"","routine":"MIOROUTE"}HTTP/1.1 404 Not Found
Connection: keep-alive
Content-Length: 58
Content-Type: application/json
X-Request-Id: 676426374716492414400

{"error":"not_found","request_id":"","routine":"MIOROUTE"}HTTP/1.1 404 Not Found
Connection: keep-alive
Content-Length: 58
Content-Type: application/json
X-Request-Id: 676426374716503814400

{"error":"not_found","request_id":"","routine":"MIOROUTE"}HTTP/1.1 404 Not Found
Connection: keep-alive
Content-Length: 58
Content-Type: application/json
X-Request-Id: 676426374716514714400

{"error":"not_found","request_id":"","routine":"MIOROUTE"}HTTP/1.1 404 Not Found
Connection: keep-alive
Content-Length: 58
Content-Type: application/json
X-Request-Id: 676426374716527014400

{"error":"not_found","request_id":"","routine":"MIOROUTE"}HTTP/1.1 404 Not Found
Connection: keep-alive
Content-Length: 58
Content-Type: application/json
X-Request-Id: 676426374716538014400

{"error":"not_found","request_id":"","routine":"MIOROUTE"}HTTP/1.1 404 Not Found
Connection: keep-alive
Content-Length: 58
Content-Type: application/json
X-Request-Id: 676426374716549514400

{"error":"not_found","request_id":"","routine":"MIOROUTE"}HTTP/1.1 404 Not Found
Connection: keep-alive
Content-Length: 58
Content-Type: application/json
X-Request-Id: 676426374716561314400

{"error":"not_found","request_id":"","routine":"MIOROUTE"}HTTP/1.1 404 Not Found
Connection: keep-alive
Content-Length: 58
Content-Type: application/json
X-Request-Id: 676426374716574514400

{"error":"not_found","request_id":"","routine":"MIOROUTE"}HTTP/1.1 404 Not Found
Connection: keep-alive
Content-Length: 58
Content-Type: application/json
X-Request-Id: 676426374716585714400

{"error":"not_found","request_id":"","routine":"MIOROUTE"}HTTP/1.1 404 Not Found
Connection: keep-alive
Content-Length: 58
Content-Type: application/json
X-Request-Id: 676426374716596814400

{"error":"not_found","request_id":"","routine":"MIOROUTE"}HTTP/1.1 404 Not Found
Connection: keep-alive
Content-Length: 58
Content-Type: application/json
X-Request-Id: 676426374716607914400

{"error":"not_found","request_id":"","routine":"MIOROUTE"}HTTP/1.1 404 Not Found
Connection: keep-alive
Content-Length: 58
Content-Type: application/json
X-Request-Id: 676426374716618514400

{"error":"not_found","request_id":"","routine":"MIOROUTE"}HTTP/1.1 404 Not Found
Connection: keep-alive
Content-Length: 58
Content-Type: application/json
X-Request-Id: 676426374716627714400

{"error":"not_found","request_id":"","routine":"MIOROUTE"}HTTP/1.1 404 Not Found
Connection: keep-alive
Content-Length: 58
Content-Type: application/json
X-Request-Id: 676426374716639214400

{"error":"not_found","request_id":"","routine":"MIOROUTE"}HTTP/1.1 404 Not Found
Connection: keep-alive
Content-Length: 58
Content-Type: application/json
X-Request-Id: 676426374716665014400

{"error":"not_found","request_id":"","routine":"MIOROUTE"}HTTP/1.1 404 Not Found
Connection: keep-alive
Content-Length: 58
Content-Type: application/json
X-Request-Id: 676426374716679414400

{"error":"not_found","request_id":"","routine":"MIOROUTE"}HTTP/1.1 404 Not Found
Connection: keep-alive
Content-Length: 58
Content-Type: application/json
X-Request-Id: 676426374716691014400

{"error":"not_found","request_id":"","routine":"MIOROUTE"}HTTP/1.1 404 Not Found
Connection: keep-alive
Content-Length: 58
Content-Type: application/json
X-Request-Id: 676426374716706814400

{"error":"not_found","request_id":"","routine":"MIOROUTE"}HTTP/1.1 404 Not Found
Connection: keep-alive
Content-Length: 58
Content-Type: application/json
X-Request-Id: 676426374716719614400

{"error":"not_found","request_id":"","routine":"MIOROUTE"}HTTP/1.1 404 Not Found
Connection: keep-alive
Content-Length: 58
Content-Type: application/json
X-Request-Id: 676426374716735714400

{"error":"not_found","request_id":"","routine":"MIOROUTE"}HTTP/1.1 404 Not Found
Connection: keep-alive
Content-Length: 58
Content-Type: application/json
X-Request-Id: 676426374716753914400

{"error":"not_found","request_id":"","routine":"MIOROUTE"}HTTP/1.1 404 Not Found
Connection: keep-alive
Content-Length: 58
Content-Type: application/json
X-Request-Id: 676426374716769014400

{"error":"not_found","request_id":"","routine":"MIOROUTE"}HTTP/1.1 404 Not Found
Connection: keep-alive
Content-Length: 58
Content-Type: application/json
X-Request-Id: 676426374716784314400

{"error":"not_found","request_id":"","routine":"MIOROUTE"}HTTP/1.1 404 Not Found
Connection: keep-alive
Content-Length: 58
Content-Type: application/json
X-Request-Id: 676426374716802614400

{"error":"not_found","request_id":"","routine":"MIOROUTE"}HTTP/1.1 404 Not Found
Connection: keep-alive
Content-Length: 58
Content-Type: application/json
X-Request-Id: 676426374716817614400

{"error":"not_found","request_id":"","routine":"MIOROUTE"}HTTP/1.1 404 Not Found
Connection: keep-alive
Content-Length: 58
Content-Type: application/json
X-Request-Id: 676426374716832214400

{"error":"not_found","request_id":"","routine":"MIOROUTE"}HTTP/1.1 404 Not Found
Connection: keep-alive
Content-Length: 58
Content-Type: application/json
X-Request-Id: 676426374716849114400

{"error":"not_found","request_id":"","routine":"MIOROUTE"}HTTP/1.1 404 Not Found
Connection: keep-alive
Content-Length: 58
Content-Type: application/json
X-Request-Id: 676426374716863014400

{"error":"not_found","request_id":"","routine":"MIOROUTE"}HTTP/1.1 404 Not Found
Connection: keep-alive
Content-Length: 58
Content-Type: application/json
X-Request-Id: 676426374716876814400

{"error":"not_found","request_id":"","routine":"MIOROUTE"}HTTP/1.1 404 Not Found
Connection: keep-alive
Content-Length: 58
Content-Type: application/json
X-Request-Id: 676426374716890514400

{"error":"not_found","request_id":"","routine":"MIOROUTE"}HTTP/1.1 404 Not Found
Connection: keep-alive
Content-Length: 58
Content-Type: application/json
X-Request-Id: 676426374716904114400

{"error":"not_found","request_id":"","routine":"MIOROUTE"}HTTP/1.1 404 Not Found
Connection: keep-alive
Content-Length: 58
Content-Type: application/json
X-Request-Id: 676426374716917614400

{"error":"not_found","request_id":"","routine":"MIOROUTE"}HTTP/1.1 404 Not Found
Connection: keep-alive
Content-Length: 58
Content-Type: application/json
X-Request-Id: 676426374716944214400

{"error":"not_found","request_id":"","routine":"MIOROUTE"}HTTP/1.1 404 Not Found
Connection: keep-alive
Content-Length: 58
Content-Type: application/json
X-Request-Id: 676426374716959514400

{"error":"not_found","request_id":"","routine":"MIOROUTE"}HTTP/1.1 404 Not Found
Connection: keep-alive
Content-Length: 58
Content-Type: application/json
X-Request-Id: 676426374716973714400

{"error":"not_found","request_id":"","routine":"MIOROUTE"}HTTP/1.1 404 Not Found
Connection: keep-alive
Content-Length: 58
Content-Type: application/json
X-Request-Id: 676426374716987514400

{"error":"not_found","request_id":"","routine":"MIOROUTE"}HTTP/1.1 404 Not Found
Connection: keep-alive
Content-Length: 58
Content-Type: application/json
X-Request-Id: 676426374717001214400

{"error":"not_found","request_id":"","routine":"MIOROUTE"}HTTP/1.1 404 Not Found
Connection: keep-alive
Content-Length: 58
Content-Type: application/json
X-Request-Id: 676426374717014914400

{"error":"not_found","request_id":"","routine":"MIOROUTE"}HTTP/1.1 404 Not Found
Connection: keep-alive
Content-Length: 58
Content-Type: application/json
X-Request-Id: 676426374717030514400

{"error":"not_found","request_id":"","routine":"MIOROUTE"}HTTP/1.1 404 Not Found
Connection: keep-alive
Content-Length: 58
Content-Type: application/json
X-Request-Id: 676426374717044314400

{"error":"not_found","request_id":"","routine":"MIOROUTE"}HTTP/1.1 404 Not Found
Connection: keep-alive
Content-Length: 58
Content-Type: application/json
X-Request-Id: 676426374717057614400

{"error":"not_found","request_id":"","routine":"MIOROUTE"}HTTP/1.1 404 Not Found
Connection: keep-alive
Content-Length: 58
Content-Type: application/json
X-Request-Id: 676426374717071914400

{"error":"not_found","request_id":"","routine":"MIOROUTE"}HTTP/1.1 404 Not Found
Connection: keep-alive
Content-Length: 58
Content-Type: application/json
X-Request-Id: 676426374717085914400

{"error":"not_found","request_id":"","routine":"MIOROUTE"}HTTP/1.1 404 Not Found
Connection: keep-alive
Content-Length: 58
Content-Type: application/json
X-Request-Id: 676426374717099714400

{"error":"not_found","request_id":"","routine":"MIOROUTE"}HTTP/1.1 404 Not Found
Connection: keep-alive
Content-Length: 58
Content-Type: application/json
X-Request-Id: 676426374717116114400

{"error":"not_found","request_id":"","routine":"MIOROUTE"}HTTP/1.1 404 Not Found
Connection: keep-alive
Content-Length: 58
Content-Type: application/json
X-Request-Id: 676426374717130314400

{"error":"not_found","request_id":"","routine":"MIOROUTE"}HTTP/1.1 404 Not Found
Connection: keep-alive
Content-Length: 58
Content-Type: application/json
X-Request-Id: 676426374717144514400

{"error":"not_found","request_id":"","routine":"MIOROUTE"}HTTP/1.1 404 Not Found
Connection: keep-alive
Content-Length: 58
Content-Type: application/json
X-Request-Id: 676426374717161614400

{"error":"not_found","request_id":"","routine":"MIOROUTE"}HTTP/1.1 404 Not Found
Connection: keep-alive
Content-Length: 58
Content-Type: application/json
X-Request-Id: 676426374717175714400

{"error":"not_found","request_id":"","routine":"MIOROUTE"}HTTP/1.1 404 Not Found
Connection: keep-alive
Content-Length: 58
Content-Type: application/json
X-Request-Id: 676426374717195414400

{"error":"not_found","request_id":"","routine":"MIOROUTE"}HTTP/1.1 404 Not Found
Connection: keep-alive
Content-Length: 58
Content-Type: application/json
X-Request-Id: 676426374717213314400

{"error":"not_found","request_id":"","routine":"MIOROUTE"}HTTP/1.1 404 Not Found
Connection: keep-alive
Content-Length: 58
Content-Type: application/json
X-Request-Id: 676426374717227514400

{"error":"not_found","request_id":"","routine":"MIOROUTE"}HTTP/1.1 404 Not Found
Connection: keep-alive
Content-Length: 58
Content-Type: application/json
X-Request-Id: 676426374717242414400

{"error":"not_found","request_id":"","routine":"MIOROUTE"}HTTP/1.1 404 Not Found
Connection: keep-alive
Content-Length: 58
Content-Type: application/json
X-Request-Id: 676426374717256814400

{"error":"not_found","request_id":"","routine":"MIOROUTE"}HTTP/1.1 404 Not Found
Connection: keep-alive
Content-Length: 58
Content-Type: application/json
X-Request-Id: 676426374717272114400

{"error":"not_found","request_id":"","routine":"MIOROUTE"}HTTP/1.1 404 Not Found
Connection: keep-alive
Content-Length: 58
Content-Type: application/json
X-Request-Id: 676426374717295814400

{"error":"not_found","request_id":"","routine":"MIOROUTE"}HTTP/1.1 404 Not Found
Connection: keep-alive
Content-Length: 58
Content-Type: application/json
X-Request-Id: 676426374717316914400

{"error":"not_found","request_id":"","routine":"MIOROUTE"}HTTP/1.1 404 Not Found
Connection: keep-alive
Content-Length: 58
Content-Type: application/json
X-Request-Id: 676426374717332514400

{"error":"not_found","request_id":"","routine":"MIOROUTE"}HTTP/1.1 404 Not Found
Connection: keep-alive
Content-Length: 58
Content-Type: application/json
X-Request-Id: 676426374717347414400

{"error":"not_found","request_id":"","routine":"MIOROUTE"}HTTP/1.1 404 Not Found
Connection: keep-alive
Content-Length: 58
Content-Type: application/json
X-Request-Id: 676426374717359014400

{"error":"not_found","request_id":"","routine":"MIOROUTE"}HTTP/1.1 404 Not Found
Connection: keep-alive
Content-Length: 58
Content-Type: application/json
X-Request-Id: 676426374717370514400

{"error":"not_found","request_id":"","routine":"MIOROUTE"}HTTP/1.1 404 Not Found
Connection: keep-alive
Content-Length: 58
Content-Type: application/json
X-Request-Id: 676426374717381114400

{"error":"not_found","request_id":"","routine":"MIOROUTE"}HTTP/1.1 404 Not Found
Connection: keep-alive
Content-Length: 58
Content-Type: application/json
X-Request-Id: 676426374717392514400

{"error":"not_found","request_id":"","routine":"MIOROUTE"}HTTP/1.1 404 Not Found
Connection: keep-alive
Content-Length: 58
Content-Type: application/json
X-Request-Id: 676426374717403814400

{"error":"not_found","request_id":"","routine":"MIOROUTE"}HTTP/1.1 404 Not Found
Connection: keep-alive
Content-Length: 58
Content-Type: application/json
X-Request-Id: 676426374717414914400

{"error":"not_found","request_id":"","routine":"MIOROUTE"}HTTP/1.1 404 Not Found
Connection: keep-alive
Content-Length: 58
Content-Type: application/json
X-Request-Id: 676426374717436114400

{"error":"not_found","request_id":"","routine":"MIOROUTE"}HTTP/1.1 404 Not Found
Connection: keep-alive
Content-Length: 58
Content-Type: application/json
X-Request-Id: 676426374717446714400

{"error":"not_found","request_id":"","routine":"MIOROUTE"}HTTP/1.1 404 Not Found
Connection: keep-alive
Content-Length: 58
Content-Type: application/json
X-Request-Id: 676426374717469514400

{"error":"not_found","request_id":"","routine":"MIOROUTE"}HTTP/1.1 404 Not Found
Connection: keep-alive
Content-Length: 58
Content-Type: application/json
X-Request-Id: 676426374717484614400

{"error":"not_found","request_id":"","routine":"MIOROUTE"}HTTP/1.1 404 Not Found
Connection: keep-alive
Content-Length: 58
Content-Type: application/json
X-Request-Id: 676426374717497514400

{"error":"not_found","request_id":"","routine":"MIOROUTE"}HTTP/1.1 404 Not Found
Connection: keep-alive
Content-Length: 58
Content-Type: application/json
X-Request-Id: 676426374717509414400

{"error":"not_found","request_id":"","routine":"MIOROUTE"}HTTP/1.1 404 Not Found
Connection: keep-alive
Content-Length: 58
Content-Type: application/json
X-Request-Id: 676426374717521014400

{"error":"not_found","request_id":"","routine":"MIOROUTE"}HTTP/1.1 404 Not Found
Connection: keep-alive
Content-Length: 58
Content-Type: application/json
X-Request-Id: 676426374717532514400

{"error":"not_found","request_id":"","routine":"MIOROUTE"}HTTP/1.1 404 Not Found
Connection: keep-alive
Content-Length: 58
Content-Type: application/json
X-Request-Id: 676426374717544014400

{"error":"not_found","request_id":"","routine":"MIOROUTE"}HTTP/1.1 404 Not Found
Connection: keep-alive
Content-Length: 58
Content-Type: application/json
X-Request-Id: 676426374717556314400

{"error":"not_found","request_id":"","routine":"MIOROUTE"}HTTP/1.1 404 Not Found
Connection: keep-alive
Content-Length: 58
Content-Type: application/json
X-Request-Id: 676426374717567714400

{"error":"not_found","request_id":"","routine":"MIOROUTE"}HTTP/1.1 404 Not Found
Connection: keep-alive
Content-Length: 58
Content-Type: application/json
X-Request-Id: 676426374717578314400

{"error":"not_found","request_id":"","routine":"MIOROUTE"}HTTP/1.1 404 Not Found
Connection: keep-alive
Content-Length: 58
Content-Type: application/json
X-Request-Id: 676426374717588414400

{"error":"not_found","request_id":"","routine":"MIOROUTE"}HTTP/1.1 404 Not Found
Connection: keep-alive
Content-Length: 58
Content-Type: application/json
X-Request-Id: 676426374717602714400

{"error":"not_found","request_id":"","routine":"MIOROUTE"}HTTP/1.1 404 Not Found
Connection: keep-alive
Content-Length: 58
Content-Type: application/json
X-Request-Id: 676426374717613514400

{"error":"not_found","request_id":"","routine":"MIOROUTE"}HTTP/1.1 404 Not Found
Connection: keep-alive
Content-Length: 58
Content-Type: application/json
X-Request-Id: 676426374717624914400

{"error":"not_found","request_id":"","routine":"MIOROUTE"}HTTP/1.1 404 Not Found
Connection: keep-alive
Content-Length: 58
Content-Type: application/json
X-Request-Id: 676426374717636014400

{"error":"not_found","request_id":"","routine":"MIOROUTE"}HTTP/1.1 404 Not Found
Connection: keep-alive
Content-Length: 58
Content-Type: application/json
X-Request-Id: 676426374717647414400

{"error":"not_found","request_id":"","routine":"MIOROUTE"}HTTP/1.1 404 Not Found
Connection: keep-alive
Content-Length: 58
Content-Type: application/json
X-Request-Id: 676426374717658514400

{"error":"not_found","request_id":"","routine":"MIOROUTE"}HTTP/1.1 404 Not Found
Connection: keep-alive
Content-Length: 58
Content-Type: application/json
X-Request-Id: 676426374717669514400

{"error":"not_found","request_id":"","routine":"MIOROUTE"}HTTP/1.1 404 Not Found
Connection: keep-alive
Content-Length: 58
Content-Type: application/json
X-Request-Id: 676426374717680614400

{"error":"not_found","request_id":"","routine":"MIOROUTE"}HTTP/1.1 404 Not Found
Connection: keep-alive
Content-Length: 58
Content-Type: application/json
X-Request-Id: 676426374717691714400

{"error":"not_found","request_id":"","routine":"MIOROUTE"}HTTP/1.1 404 Not Found
Connection: keep-alive
Content-Length: 58
Content-Type: application/json
X-Request-Id: 676426374717702214400

{"error":"not_found","request_id":"","routine":"MIOROUTE"}HTTP/1.1 404 Not Found
Connection: keep-alive
Content-Length: 58
Content-Type: application/json
X-Request-Id: 676426374717712814400

{"error":"not_found","request_id":"","routine":"MIOROUTE"}HTTP/1.1 404 Not Found
Connection: keep-alive
Content-Length: 58
Content-Type: application/json
X-Request-Id: 676426374717723914400

{"error":"not_found","request_id":"","routine":"MIOROUTE"}HTTP/1.1 404 Not Found
Connection: keep-alive
Content-Length: 58
Content-Type: application/json
X-Request-Id: 676426374717734914400

{"error":"not_found","request_id":"","routine":"MIOROUTE"}HTTP/1.1 404 Not Found
Connection: keep-alive
Content-Length: 58
Content-Type: application/json
X-Request-Id: 676426374717745914400

{"error":"not_found","request_id":"","routine":"MIOROUTE"}HTTP/1.1 404 Not Found
Connection: keep-alive
Content-Length: 58
Content-Type: application/json
X-Request-Id: 676426374717756814400

{"error":"not_found","request_id":"","routine":"MIOROUTE"}HTTP/1.1 404 Not Found
Connection: keep-alive
Content-Length: 58
Content-Type: application/json
X-Request-Id: 676426374717767214400

{"error":"not_found","request_id":"","routine":"MIOROUTE"}HTTP/1.1 404 Not Found
Connection: keep-alive
Content-Length: 58
Content-Type: application/json
X-Request-Id: 676426374717779114400

{"error":"not_found","request_id":"","routine":"MIOROUTE"}HTTP/1.1 404 Not Found
Connection: keep-alive
Content-Length: 58
Content-Type: application/json
X-Request-Id: 676426374717789314400

{"error":"not_found","request_id":"","routine":"MIOROUTE"}HTTP/1.1 404 Not Found
Connection: keep-alive
Content-Length: 58
Content-Type: application/json
X-Request-Id: 676426374717800314400

{"error":"not_found","request_id":"","routine":"MIOROUTE"}HTTP/1.1 404 Not Found
Connection: keep-alive
Content-Length: 58
Content-Type: application/json
X-Request-Id: 676426374717819914400

{"error":"not_found","request_id":"","routine":"MIOROUTE"}HTTP/1.1 404 Not Found
Connection: keep-alive
Content-Length: 58
Content-Type: application/json
X-Request-Id: 676426374717830914400

{"error":"not_found","request_id":"","routine":"MIOROUTE"}HTTP/1.1 404 Not Found
Connection: keep-alive
Content-Length: 58
Content-Type: application/json
X-Request-Id: 676426374717842014400

{"error":"not_found","request_id":"","routine":"MIOROUTE"}HTTP/1.1 404 Not Found
Connection: keep-alive
Content-Length: 58
Content-Type: application/json
X-Request-Id: 676426374717853014400

{"error":"not_found","request_id":"","routine":"MIOROUTE"}HTTP/1.1 404 Not Found
Connection: keep-alive
Content-Length: 58
Content-Type: application/json
X-Request-Id: 676426374717863914400

{"error":"not_found","request_id":"","routine":"MIOROUTE"}HTTP/1.1 404 Not Found
Connection: keep-alive
Content-Length: 58
Content-Type: application/json
X-Request-Id: 676426374717874914400

{"error":"not_found","request_id":"","routine":"MIOROUTE"}HTTP/1.1 404 Not Found
Connection: keep-alive
Content-Length: 58
Content-Type: application/json
X-Request-Id: 676426374717885814400

{"error":"not_found","request_id":"","routine":"MIOROUTE"}HTTP/1.1 404 Not Found
Connection: keep-alive
Content-Length: 58
Content-Type: application/json
X-Request-Id: 676426374717896714400

{"error":"not_found","request_id":"","routine":"MIOROUTE"}HTTP/1.1 404 Not Found
Connection: keep-alive
Content-Length: 58
Content-Type: application/json
X-Request-Id: 676426374717907514400

{"error":"not_found","request_id":"","routine":"MIOROUTE"}HTTP/1.1 404 Not Found
Connection: keep-alive
Content-Length: 58
Content-Type: application/json
X-Request-Id: 676426374717918314400

{"error":"not_found","request_id":"","routine":"MIOROUTE"}HTTP/1.1 404 Not Found
Connection: keep-alive
Content-Length: 58
Content-Type: application/json
X-Request-Id: 676426374717929214400

{"error":"not_found","request_id":"","routine":"MIOROUTE"}HTTP/1.1 404 Not Found
Connection: keep-alive
Content-Length: 58
Content-Type: application/json
X-Request-Id: 676426374717940214400

{"error":"not_found","request_id":"","routine":"MIOROUTE"}HTTP/1.1 404 Not Found
Connection: keep-alive
Content-Length: 58
Content-Type: application/json
X-Request-Id: 676426374717952814400

{"error":"not_found","request_id":"","routine":"MIOROUTE"}HTTP/1.1 404 Not Found
Connection: keep-alive
Content-Length: 58
Content-Type: application/json
X-Request-Id: 676426374717963414400

{"error":"not_found","request_id":"","routine":"MIOROUTE"}HTTP/1.1 404 Not Found
Connection: keep-alive
Content-Length: 58
Content-Type: application/json
X-Request-Id: 676426374717974314400

{"error":"not_found","request_id":"","routine":"MIOROUTE"}HTTP/1.1 404 Not Found
Connection: keep-alive
Content-Length: 58
Content-Type: application/json
X-Request-Id: 676426374717985114400

{"error":"not_found","request_id":"","routine":"MIOROUTE"}HTTP/1.1 404 Not Found
Connection: keep-alive
Content-Length: 58
Content-Type: application/json
X-Request-Id: 676426374717999214400

{"error":"not_found","request_id":"","routine":"MIOROUTE"}HTTP/1.1 404 Not Found
Connection: keep-alive
Content-Length: 58
Content-Type: application/json
X-Request-Id: 676426374718010414400

{"error":"not_found","request_id":"","routine":"MIOROUTE"}HTTP/1.1 404 Not Found
Connection: keep-alive
Content-Length: 58
Content-Type: application/json
X-Request-Id: 676426374718021314400

{"error":"not_found","request_id":"","routine":"MIOROUTE"}HTTP/1.1 404 Not Found
Connection: keep-alive
Content-Length: 58
Content-Type: application/json
X-Request-Id: 676426374718032114400

{"error":"not_found","request_id":"","routine":"MIOROUTE"}HTTP/1.1 404 Not Found
Connection: keep-alive
Content-Length: 58
Content-Type: application/json
X-Request-Id: 676426374718042914400

{"error":"not_found","request_id":"","routine":"MIOROUTE"}HTTP/1.1 404 Not Found
Connection: keep-alive
Content-Length: 58
Content-Type: application/json
X-Request-Id: 676426374718053714400

{"error":"not_found","request_id":"","routine":"MIOROUTE"}HTTP/1.1 404 Not Found
Connection: keep-alive
Content-Length: 58
Content-Type: application/json
X-Request-Id: 676426374718064514400

{"error":"not_found","request_id":"","routine":"MIOROUTE"}HTTP/1.1 404 Not Found
Connection: keep-alive
Content-Length: 58
Content-Type: application/json
X-Request-Id: 676426374718075314400

{"error":"not_found","request_id":"","routine":"MIOROUTE"}HTTP/1.1 404 Not Found
Connection: keep-alive
Content-Length: 58
Content-Type: application/json
X-Request-Id: 676426374718086114400

{"error":"not_found","request_id":"","routine":"MIOROUTE"}HTTP/1.1 404 Not Found
Connection: keep-alive
Content-Length: 58
Content-Type: application/json
X-Request-Id: 676426374718096914400

{"error":"not_found","request_id":"","routine":"MIOROUTE"}HTTP/1.1 404 Not Found
Connection: keep-alive
Content-Length: 58
Content-Type: application/json
X-Request-Id: 676426374718107714400

{"error":"not_found","request_id":"","routine":"MIOROUTE"}HTTP/1.1 404 Not Found
Connection: keep-alive
Content-Length: 58
Content-Type: application/json
X-Request-Id: 676426374718118514400

{"error":"not_found","request_id":"","routine":"MIOROUTE"}HTTP/1.1 404 Not Found
Connection: keep-alive
Content-Length: 58
Content-Type: application/json
X-Request-Id: 676426374718129414400

{"error":"not_found","request_id":"","routine":"MIOROUTE"}HTTP/1.1 404 Not Found
Connection: keep-alive
Content-Length: 58
Content-Type: application/json
X-Request-Id: 676426374718140114400

{"error":"not_found","request_id":"","routine":"MIOROUTE"}HTTP/1.1 404 Not Found
Connection: keep-alive
Content-Length: 58
Content-Type: application/json
X-Request-Id: 676426374718151114400

{"error":"not_found","request_id":"","routine":"MIOROUTE"}HTTP/1.1 404 Not Found
Connection: keep-alive
Content-Length: 58
Content-Type: application/json
X-Request-Id: 676426374718161814400

{"error":"not_found","request_id":"","routine":"MIOROUTE"}HTTP/1.1 404 Not Found
Connection: keep-alive
Content-Length: 58
Content-Type: application/json
X-Request-Id: 676426374718179914400

{"error":"not_found","request_id":"","routine":"MIOROUTE"}HTTP/1.1 404 Not Found
Connection: keep-alive
Content-Length: 58
Content-Type: application/json
X-Request-Id: 676426374718191914400

{"error":"not_found","request_id":"","routine":"MIOROUTE"}HTTP/1.1 404 Not Found
Connection: keep-alive
Content-Length: 58
Content-Type: application/json
X-Request-Id: 676426374718206514400

{"error":"not_found","request_id":"","routine":"MIOROUTE"}HTTP/1.1 404 Not Found
Connection: keep-alive
Content-Length: 58
Content-Type: application/json
X-Request-Id: 676426374718217514400

{"error":"not_found","request_id":"","routine":"MIOROUTE"}HTTP/1.1 404 Not Found
Connection: keep-alive
Content-Length: 58
Content-Type: application/json
X-Request-Id: 676426374718228414400

{"error":"not_found","request_id":"","routine":"MIOROUTE"}HTTP/1.1 404 Not Found
Connection: keep-alive
Content-Length: 58
Content-Type: application/json
X-Request-Id: 676426374718238814400

{"error":"not_found","request_id":"","routine":"MIOROUTE"}HTTP/1.1 404 Not Found
Connection: keep-alive
Content-Length: 58
Content-Type: application/json
X-Request-Id: 676426374718251114400

{"error":"not_found","request_id":"","routine":"MIOROUTE"}HTTP/1.1 404 Not Found
Connection: keep-alive
Content-Length: 58
Content-Type: application/json
X-Request-Id: 676426374718260714400

{"error":"not_found","request_id":"","routine":"MIOROUTE"}HTTP/1.1 404 Not Found
Connection: keep-alive
Content-Length: 58
Content-Type: application/json
X-Request-Id: 676426374718269714400

{"error":"not_found","request_id":"","routine":"MIOROUTE"}HTTP/1.1 404 Not Found
Connection: keep-alive
Content-Length: 58
Content-Type: application/json
X-Request-Id: 676426374718280814400

{"error":"not_found","request_id":"","routine":"MIOROUTE"}HTTP/1.1 404 Not Found
Connection: keep-alive
Content-Length: 58
Content-Type: application/json
X-Request-Id: 676426374718291614400

{"error":"not_found","request_id":"","routine":"MIOROUTE"}HTTP/1.1 404 Not Found
Connection: keep-alive
Content-Length: 58
Content-Type: application/json
X-Request-Id: 676426374718302414400

{"error":"not_found","request_id":"","routine":"MIOROUTE"}HTTP/1.1 404 Not Found
Connection: keep-alive
Content-Length: 58
Content-Type: application/json
X-Request-Id: 676426374718313214400

{"error":"not_found","request_id":"","routine":"MIOROUTE"}HTTP/1.1 404 Not Found
Connection: keep-alive
Content-Length: 58
Content-Type: application/json
X-Request-Id: 676426374718324014400

{"error":"not_found","request_id":"","routine":"MIOROUTE"}HTTP/1.1 404 Not Found
Connection: keep-alive
Content-Length: 58
Content-Type: application/json
X-Request-Id: 676426374718334814400

{"error":"not_found","request_id":"","routine":"MIOROUTE"}HTTP/1.1 404 Not Found
Connection: keep-alive
Content-Length: 58
Content-Type: application/json
X-Request-Id: 676426374718345614400

{"error":"not_found","request_id":"","routine":"MIOROUTE"}HTTP/1.1 404 Not Found
Connection: keep-alive
Content-Length: 58
Content-Type: application/json
X-Request-Id: 676426374718357214400

{"error":"not_found","request_id":"","routine":"MIOROUTE"}HTTP/1.1 404 Not Found
Connection: keep-alive
Content-Length: 58
Content-Type: application/json
X-Request-Id: 676426374718368014400

{"error":"not_found","request_id":"","routine":"MIOROUTE"}HTTP/1.1 404 Not Found
Connection: keep-alive
Content-Length: 58
Content-Type: application/json
X-Request-Id: 676426374718378914400

{"error":"not_found","request_id":"","routine":"MIOROUTE"}HTTP/1.1 404 Not Found
Connection: keep-alive
Content-Length: 58
Content-Type: application/json
X-Request-Id: 676426374718390514400

{"error":"not_found","request_id":"","routine":"MIOROUTE"}HTTP/1.1 404 Not Found
Connection: keep-alive
Content-Length: 58
Content-Type: application/json
X-Request-Id: 676426374718404314400

{"error":"not_found","request_id":"","routine":"MIOROUTE"}HTTP/1.1 404 Not Found
Connection: keep-alive
Content-Length: 58
Content-Type: application/json
X-Request-Id: 676426374718415214400

{"error":"not_found","request_id":"","routine":"MIOROUTE"}HTTP/1.1 404 Not Found
Connection: keep-alive
Content-Length: 58
Content-Type: application/json
X-Request-Id: 676426374718426614400

{"error":"not_found","request_id":"","routine":"MIOROUTE"}HTTP/1.1 404 Not Found
Connection: keep-alive
Content-Length: 58
Content-Type: application/json
X-Request-Id: 676426374718437514400

{"error":"not_found","request_id":"","routine":"MIOROUTE"}HTTP/1.1 404 Not Found
Connection: keep-alive
Content-Length: 58
Content-Type: application/json
X-Request-Id: 676426374718448114400

{"error":"not_found","request_id":"","routine":"MIOROUTE"}HTTP/1.1 404 Not Found
Connection: keep-alive
Content-Length: 58
Content-Type: application/json
X-Request-Id: 676426374718459014400

{"error":"not_found","request_id":"","routine":"MIOROUTE"}HTTP/1.1 404 Not Found
Connection: keep-alive
Content-Length: 58
Content-Type: application/json
X-Request-Id: 676426374718469814400

{"error":"not_found","request_id":"","routine":"MIOROUTE"}HTTP/1.1 404 Not Found
Connection: keep-alive
Content-Length: 58
Content-Type: application/json
X-Request-Id: 676426374718480614400

{"error":"not_found","request_id":"","routine":"MIOROUTE"}HTTP/1.1 404 Not Found
Connection: keep-alive
Content-Length: 58
Content-Type: application/json
X-Request-Id: 676426374718491414400

{"error":"not_found","request_id":"","routine":"MIOROUTE"}HTTP/1.1 404 Not Found
Connection: keep-alive
Content-Length: 58
Content-Type: application/json
X-Request-Id: 676426374718502114400

{"error":"not_found","request_id":"","routine":"MIOROUTE"}HTTP/1.1 404 Not Found
Connection: keep-alive
Content-Length: 58
Content-Type: application/json
X-Request-Id: 676426374718512914400

{"error":"not_found","request_id":"","routine":"MIOROUTE"}HTTP/1.1 404 Not Found
Connection: keep-alive
Content-Length: 58
Content-Type: application/json
X-Request-Id: 676426374718523814400

{"error":"not_found","request_id":"","routine":"MIOROUTE"}HTTP/1.1 404 Not Found
Connection: keep-alive
Content-Length: 58
Content-Type: application/json
X-Request-Id: 676426374718534814400

{"error":"not_found","request_id":"","routine":"MIOROUTE"}HTTP/1.1 404 Not Found
Connection: keep-alive
Content-Length: 58
Content-Type: application/json
X-Request-Id: 676426374718553014400

{"error":"not_found","request_id":"","routine":"MIOROUTE"}HTTP/1.1 404 Not Found
Connection: keep-alive
Content-Length: 58
Content-Type: application/json
X-Request-Id: 676426374718563514400

{"error":"not_found","request_id":"","routine":"MIOROUTE"}HTTP/1.1 404 Not Found
Connection: keep-alive
Content-Length: 58
Content-Type: application/json
X-Request-Id: 676426374718574414400

{"error":"not_found","request_id":"","routine":"MIOROUTE"}HTTP/1.1 404 Not Found
Connection: keep-alive
Content-Length: 58
Content-Type: application/json
X-Request-Id: 676426374718585414400

{"error":"not_found","request_id":"","routine":"MIOROUTE"}HTTP/1.1 404 Not Found
Connection: keep-alive
Content-Length: 58
Content-Type: application/json
X-Request-Id: 676426374718596214400

{"error":"not_found","request_id":"","routine":"MIOROUTE"}HTTP/1.1 404 Not Found
Connection: keep-alive
Content-Length: 58
Content-Type: application/json
X-Request-Id: 676426374718607014400

{"error":"not_found","request_id":"","routine":"MIOROUTE"}HTTP/1.1 404 Not Found
Connection: keep-alive
Content-Length: 58
Content-Type: application/json
X-Request-Id: 676426374718617814400

{"error":"not_found","request_id":"","routine":"MIOROUTE"}HTTP/1.1 404 Not Found
Connection: keep-alive
Content-Length: 58
Content-Type: application/json
X-Request-Id: 676426374718628814400

{"error":"not_found","request_id":"","routine":"MIOROUTE"}HTTP/1.1 404 Not Found
Connection: keep-alive
Content-Length: 58
Content-Type: application/json
X-Request-Id: 676426374718639714400

{"error":"not_found","request_id":"","routine":"MIOROUTE"}HTTP/1.1 404 Not Found
Connection: keep-alive
Content-Length: 58
Content-Type: application/json
X-Request-Id: 676426374718651714400

{"error":"not_found","request_id":"","routine":"MIOROUTE"}HTTP/1.1 404 Not Found
Connection: keep-alive
Content-Length: 58
Content-Type: application/json
X-Request-Id: 676426374718662514400

{"error":"not_found","request_id":"","routine":"MIOROUTE"}HTTP/1.1 404 Not Found
Connection: keep-alive
Content-Length: 58
Content-Type: application/json
X-Request-Id: 676426374718673414400

{"error":"not_found","request_id":"","routine":"MIOROUTE"}HTTP/1.1 404 Not Found
Connection: keep-alive
Content-Length: 58
Content-Type: application/json
X-Request-Id: 676426374718684314400

{"error":"not_found","request_id":"","routine":"MIOROUTE"}HTTP/1.1 404 Not Found
Connection: keep-alive
Content-Length: 58
Content-Type: application/json
X-Request-Id: 676426374718695114400

{"error":"not_found","request_id":"","routine":"MIOROUTE"}HTTP/1.1 404 Not Found
Connection: keep-alive
Content-Length: 58
Content-Type: application/json
X-Request-Id: 676426374718705914400

{"error":"not_found","request_id":"","routine":"MIOROUTE"}HTTP/1.1 404 Not Found
Connection: keep-alive
Content-Length: 58
Content-Type: application/json
X-Request-Id: 676426374718717714400

{"error":"not_found","request_id":"","routine":"MIOROUTE"}HTTP/1.1 404 Not Found
Connection: keep-alive
Content-Length: 58
Content-Type: application/json
X-Request-Id: 676426374718728514400

{"error":"not_found","request_id":"","routine":"MIOROUTE"}HTTP/1.1 404 Not Found
Connection: keep-alive
Content-Length: 58
Content-Type: application/json
X-Request-Id: 676426374718739414400

{"error":"not_found","request_id":"","routine":"MIOROUTE"}HTTP/1.1 404 Not Found
Connection: keep-alive
Content-Length: 58
Content-Type: application/json
X-Request-Id: 676426374718750214400

{"error":"not_found","request_id":"","routine":"MIOROUTE"}HTTP/1.1 404 Not Found
Connection: keep-alive
Content-Length: 58
Content-Type: application/json
X-Request-Id: 676426374718761614400

{"error":"not_found","request_id":"","routine":"MIOROUTE"}HTTP/1.1 404 Not Found
Connection: keep-alive
Content-Length: 58
Content-Type: application/json
X-Request-Id: 676426374718772414400

{"error":"not_found","request_id":"","routine":"MIOROUTE"}HTTP/1.1 404 Not Found
Connection: keep-alive
Content-Length: 58
Content-Type: application/json
X-Request-Id: 676426374718783214400

{"error":"not_found","request_id":"","routine":"MIOROUTE"}HTTP/1.1 404 Not Found
Connection: keep-alive
Content-Length: 58
Content-Type: application/json
X-Request-Id: 676426374718797014400

{"error":"not_found","request_id":"","routine":"MIOROUTE"}HTTP/1.1 404 Not Found
Connection: keep-alive
Content-Length: 58
Content-Type: application/json
X-Request-Id: 676426374718808414400

{"error":"not_found","request_id":"","routine":"MIOROUTE"}HTTP/1.1 404 Not Found
Connection: keep-alive
Content-Length: 58
Content-Type: application/json
X-Request-Id: 676426374718818814400

{"error":"not_found","request_id":"","routine":"MIOROUTE"}HTTP/1.1 404 Not Found
Connection: keep-alive
Content-Length: 58
Content-Type: application/json
X-Request-Id: 676426374718829314400

{"error":"not_found","request_id":"","routine":"MIOROUTE"}HTTP/1.1 404 Not Found
Connection: keep-alive
Content-Length: 58
Content-Type: application/json
X-Request-Id: 676426374718839014400

{"error":"not_found","request_id":"","routine":"MIOROUTE"}HTTP/1.1 404 Not Found
Connection: keep-alive
Content-Length: 58
Content-Type: application/json
X-Request-Id: 676426374718849614400

{"error":"not_found","request_id":"","routine":"MIOROUTE"}HTTP/1.1 404 Not Found
Connection: keep-alive
Content-Length: 58
Content-Type: application/json
X-Request-Id: 676426374718859614400

{"error":"not_found","request_id":"","routine":"MIOROUTE"}HTTP/1.1 404 Not Found
Connection: keep-alive
Content-Length: 58
Content-Type: application/json
X-Request-Id: 676426374718869914400

{"error":"not_found","request_id":"","routine":"MIOROUTE"}HTTP/1.1 404 Not Found
Connection: keep-alive
Content-Length: 58
Content-Type: application/json
X-Request-Id: 676426374718883014400

{"error":"not_found","request_id":"","routine":"MIOROUTE"}HTTP/1.1 404 Not Found
Connection: keep-alive
Content-Length: 58
Content-Type: application/json
X-Request-Id: 676426374718893114400

{"error":"not_found","request_id":"","routine":"MIOROUTE"}HTTP/1.1 404 Not Found
Connection: keep-alive
Content-Length: 58
Content-Type: application/json
X-Request-Id: 676426374718911514400

{"error":"not_found","request_id":"","routine":"MIOROUTE"}HTTP/1.1 404 Not Found
Connection: keep-alive
Content-Length: 58
Content-Type: application/json
X-Request-Id: 676426374718921914400

{"error":"not_found","request_id":"","routine":"MIOROUTE"}HTTP/1.1 404 Not Found
Connection: keep-alive
Content-Length: 58
Content-Type: application/json
X-Request-Id: 676426374718932714400

{"error":"not_found","request_id":"","routine":"MIOROUTE"}HTTP/1.1 404 Not Found
Connection: keep-alive
Content-Length: 58
Content-Type: application/json
X-Request-Id: 676426374718943014400

{"error":"not_found","request_id":"","routine":"MIOROUTE"}HTTP/1.1 404 Not Found
Connection: keep-alive
Content-Length: 58
Content-Type: application/json
X-Request-Id: 676426374718952914400

{"error":"not_found","request_id":"","routine":"MIOROUTE"}HTTP/1.1 404 Not Found
Connection: keep-alive
Content-Length: 58
Content-Type: application/json
X-Request-Id: 676426374718961814400

{"error":"not_found","request_id":"","routine":"MIOROUTE"}HTTP/1.1 404 Not Found
Connection: keep-alive
Content-Length: 58
Content-Type: application/json
X-Request-Id: 676426374718976314400

{"error":"not_found","request_id":"","routine":"MIOROUTE"}HTTP/1.1 404 Not Found
Connection: keep-alive
Content-Length: 58
Content-Type: application/json
X-Request-Id: 676426374718988814400

{"error":"not_found","request_id":"","routine":"MIOROUTE"}HTTP/1.1 404 Not Found
Connection: keep-alive
Content-Length: 58
Content-Type: application/json
X-Request-Id: 676426374718999614400

{"error":"not_found","request_id":"","routine":"MIOROUTE"}HTTP/1.1 404 Not Found
Connection: keep-alive
Content-Length: 58
Content-Type: application/json
X-Request-Id: 676426374719010414400

{"error":"not_found","request_id":"","routine":"MIOROUTE"}HTTP/1.1 404 Not Found
Connection: keep-alive
Content-Length: 58
Content-Type: application/json
X-Request-Id: 676426374719020814400

{"error":"not_found","request_id":"","routine":"MIOROUTE"}HTTP/1.1 404 Not Found
Connection: keep-alive
Content-Length: 58
Content-Type: application/json
X-Request-Id: 676426374719030714400

{"error":"not_found","request_id":"","routine":"MIOROUTE"}HTTP/1.1 404 Not Found
Connection: keep-alive
Content-Length: 58
Content-Type: application/json
X-Request-Id: 676426374719041214400

{"error":"not_found","request_id":"","routine":"MIOROUTE"}HTTP/1.1 404 Not Found
Connection: keep-alive
Content-Length: 58
Content-Type: application/json
X-Request-Id: 676426374719050814400

{"error":"not_found","request_id":"","routine":"MIOROUTE"}HTTP/1.1 404 Not Found
Connection: keep-alive
Content-Length: 58
Content-Type: application/json
X-Request-Id: 676426374719061314400

{"error":"not_found","request_id":"","routine":"MIOROUTE"}HTTP/1.1 404 Not Found
Connection: keep-alive
Content-Length: 58
Content-Type: application/json
X-Request-Id: 676426374719070914400

{"error":"not_found","request_id":"","routine":"MIOROUTE"}HTTP/1.1 404 Not Found
Connection: keep-alive
Content-Length: 58
Content-Type: application/json
X-Request-Id: 676426374719081414400

{"error":"not_found","request_id":"","routine":"MIOROUTE"}HTTP/1.1 404 Not Found
Connection: keep-alive
Content-Length: 58
Content-Type: application/json
X-Request-Id: 676426374719091214400

{"error":"not_found","request_id":"","routine":"MIOROUTE"}HTTP/1.1 404 Not Found
Connection: keep-alive
Content-Length: 58
Content-Type: application/json
X-Request-Id: 676426374719101714400

{"error":"not_found","request_id":"","routine":"MIOROUTE"}HTTP/1.1 404 Not Found
Connection: keep-alive
Content-Length: 58
Content-Type: application/json
X-Request-Id: 676426374719112614400

{"error":"not_found","request_id":"","routine":"MIOROUTE"}HTTP/1.1 404 Not Found
Connection: keep-alive
Content-Length: 58
Content-Type: application/json
X-Request-Id: 676426374719122814400

{"error":"not_found","request_id":"","routine":"MIOROUTE"}HTTP/1.1 404 Not Found
Connection: keep-alive
Content-Length: 58
Content-Type: application/json
X-Request-Id: 676426374719133314400

{"error":"not_found","request_id":"","routine":"MIOROUTE"}HTTP/1.1 404 Not Found
Connection: keep-alive
Content-Length: 58
Content-Type: application/json
X-Request-Id: 676426374719142814400

{"error":"not_found","request_id":"","routine":"MIOROUTE"}HTTP/1.1 404 Not Found
Connection: keep-alive
Content-Length: 58
Content-Type: application/json
X-Request-Id: 676426374719153914400

{"error":"not_found","request_id":"","routine":"MIOROUTE"}HTTP/1.1 404 Not Found
Connection: keep-alive
Content-Length: 58
Content-Type: application/json
X-Request-Id: 676426374719163514400

{"error":"not_found","request_id":"","routine":"MIOROUTE"}HTTP/1.1 404 Not Found
Connection: keep-alive
Content-Length: 58
Content-Type: application/json
X-Request-Id: 676426374719175014400

{"error":"not_found","request_id":"","routine":"MIOROUTE"}HTTP/1.1 404 Not Found
Connection: keep-alive
Content-Length: 58
Content-Type: application/json
X-Request-Id: 676426374719184714400

{"error":"not_found","request_id":"","routine":"MIOROUTE"}HTTP/1.1 404 Not Found
Connection: keep-alive
Content-Length: 58
Content-Type: application/json
X-Request-Id: 676426374719199714400

{"error":"not_found","request_id":"","routine":"MIOROUTE"}HTTP/1.1 404 Not Found
Connection: keep-alive
Content-Length: 58
Content-Type: application/json
X-Request-Id: 676426374719210114400

{"error":"not_found","request_id":"","routine":"MIOROUTE"}HTTP/1.1 404 Not Found
Connection: keep-alive
Content-Length: 58
Content-Type: application/json
X-Request-Id: 676426374719222114400

{"error":"not_found","request_id":"","routine":"MIOROUTE"}HTTP/1.1 404 Not Found
Connection: keep-alive
Content-Length: 58
Content-Type: application/json
X-Request-Id: 676426374719233014400

{"error":"not_found","request_id":"","routine":"MIOROUTE"}HTTP/1.1 404 Not Found
Connection: keep-alive
Content-Length: 58
Content-Type: application/json
X-Request-Id: 676426374719243314400

{"error":"not_found","request_id":"","routine":"MIOROUTE"}HTTP/1.1 404 Not Found
Connection: keep-alive
Content-Length: 58
Content-Type: application/json
X-Request-Id: 676426374719261014400

{"error":"not_found","request_id":"","routine":"MIOROUTE"}HTTP/1.1 404 Not Found
Connection: keep-alive
Content-Length: 58
Content-Type: application/json
X-Request-Id: 676426374719271214400

{"error":"not_found","request_id":"","routine":"MIOROUTE"}HTTP/1.1 404 Not Found
Connection: keep-alive
Content-Length: 58
Content-Type: application/json
X-Request-Id: 676426374719283214400

{"error":"not_found","request_id":"","routine":"MIOROUTE"}HTTP/1.1 404 Not Found
Connection: keep-alive
Content-Length: 58
Content-Type: application/json
X-Request-Id: 676426374719293414400

{"error":"not_found","request_id":"","routine":"MIOROUTE"}HTTP/1.1 404 Not Found
Connection: keep-alive
Content-Length: 58
Content-Type: application/json
X-Request-Id: 676426374719305214400

{"error":"not_found","request_id":"","routine":"MIOROUTE"}HTTP/1.1 404 Not Found
Connection: keep-alive
Content-Length: 58
Content-Type: application/json
X-Request-Id: 676426374719315214400

{"error":"not_found","request_id":"","routine":"MIOROUTE"}HTTP/1.1 404 Not Found
Connection: keep-alive
Content-Length: 58
Content-Type: application/json
X-Request-Id: 676426374719327214400

{"error":"not_found","request_id":"","routine":"MIOROUTE"}HTTP/1.1 404 Not Found
Connection: keep-alive
Content-Length: 58
Content-Type: application/json
X-Request-Id: 676426374719337214400

{"error":"not_found","request_id":"","routine":"MIOROUTE"}HTTP/1.1 404 Not Found
Connection: keep-alive
Content-Length: 58
Content-Type: application/json
X-Request-Id: 676426374719349114400

{"error":"not_found","request_id":"","routine":"MIOROUTE"}HTTP/1.1 404 Not Found
Connection: keep-alive
Content-Length: 58
Content-Type: application/json
X-Request-Id: 676426374719360114400

{"error":"not_found","request_id":"","routine":"MIOROUTE"}HTTP/1.1 404 Not Found
Connection: keep-alive
Content-Length: 58
Content-Type: application/json
X-Request-Id: 676426374719370414400

{"error":"not_found","request_id":"","routine":"MIOROUTE"}HTTP/1.1 404 Not Found
Connection: keep-alive
Content-Length: 58
Content-Type: application/json
X-Request-Id: 676426374719381114400

{"error":"not_found","request_id":"","routine":"MIOROUTE"}HTTP/1.1 404 Not Found
Connection: keep-alive
Content-Length: 58
Content-Type: application/json
X-Request-Id: 676426374719390714400

{"error":"not_found","request_id":"","routine":"MIOROUTE"}HTTP/1.1 404 Not Found
Connection: keep-alive
Content-Length: 58
Content-Type: application/json
X-Request-Id: 676426374719401314400

{"error":"not_found","request_id":"","routine":"MIOROUTE"}HTTP/1.1 404 Not Found
Connection: keep-alive
Content-Length: 58
Content-Type: application/json
X-Request-Id: 676426374719411314400

{"error":"not_found","request_id":"","routine":"MIOROUTE"}HTTP/1.1 404 Not Found
Connection: keep-alive
Content-Length: 58
Content-Type: application/json
X-Request-Id: 676426374719421514400

{"error":"not_found","request_id":"","routine":"MIOROUTE"}HTTP/1.1 404 Not Found
Connection: keep-alive
Content-Length: 58
Content-Type: application/json
X-Request-Id: 676426374719433514400

{"error":"not_found","request_id":"","routine":"MIOROUTE"}HTTP/1.1 404 Not Found
Connection: keep-alive
Content-Length: 58
Content-Type: application/json
X-Request-Id: 676426374719443514400

{"error":"not_found","request_id":"","routine":"MIOROUTE"}HTTP/1.1 404 Not Found
Connection: keep-alive
Content-Length: 58
Content-Type: application/json
X-Request-Id: 676426374719455414400

{"error":"not_found","request_id":"","routine":"MIOROUTE"}HTTP/1.1 404 Not Found
Connection: keep-alive
Content-Length: 58
Content-Type: application/json
X-Request-Id: 676426374719465414400

{"error":"not_found","request_id":"","routine":"MIOROUTE"}HTTP/1.1 404 Not Found
Connection: keep-alive
Content-Length: 58
Content-Type: application/json
X-Request-Id: 676426374719476014400

{"error":"not_found","request_id":"","routine":"MIOROUTE"}HTTP/1.1 404 Not Found
Connection: keep-alive
Content-Length: 58
Content-Type: application/json
X-Request-Id: 676426374719485514400

{"error":"not_found","request_id":"","routine":"MIOROUTE"}HTTP/1.1 404 Not Found
Connection: keep-alive
Content-Length: 58
Content-Type: application/json
X-Request-Id: 676426374719497414400

{"error":"not_found","request_id":"","routine":"MIOROUTE"}HTTP/1.1 404 Not Found
Connection: keep-alive
Content-Length: 58
Content-Type: application/json
X-Request-Id: 676426374719507414400

{"error":"not_found","request_id":"","routine":"MIOROUTE"}HTTP/1.1 404 Not Found
Connection: keep-alive
Content-Length: 58
Content-Type: application/json
X-Request-Id: 676426374719519214400

{"error":"not_found","request_id":"","routine":"MIOROUTE"}HTTP/1.1 404 Not Found
Connection: keep-alive
Content-Length: 58
Content-Type: application/json
X-Request-Id: 676426374719529914400

{"error":"not_found","request_id":"","routine":"MIOROUTE"}HTTP/1.1 404 Not Found
Connection: keep-alive
Content-Length: 58
Content-Type: application/json
X-Request-Id: 676426374719540214400

{"error":"not_found","request_id":"","routine":"MIOROUTE"}HTTP/1.1 404 Not Found
Connection: keep-alive
Content-Length: 58
Content-Type: application/json
X-Request-Id: 676426374719550814400

{"error":"not_found","request_id":"","routine":"MIOROUTE"}HTTP/1.1 404 Not Found
Connection: keep-alive
Content-Length: 58
Content-Type: application/json
X-Request-Id: 676426374719560914400

{"error":"not_found","request_id":"","routine":"MIOROUTE"}HTTP/1.1 404 Not Found
Connection: keep-alive
Content-Length: 58
Content-Type: application/json
X-Request-Id: 676426374719573014400

{"error":"not_found","request_id":"","routine":"MIOROUTE"}HTTP/1.1 404 Not Found
Connection: keep-alive
Content-Length: 58
Content-Type: application/json
X-Request-Id: 676426374719583314400

{"error":"not_found","request_id":"","routine":"MIOROUTE"}HTTP/1.1 404 Not Found
Connection: keep-alive
Content-Length: 58
Content-Type: application/json
X-Request-Id: 676426374719596314400

{"error":"not_found","request_id":"","routine":"MIOROUTE"}HTTP/1.1 404 Not Found
Connection: keep-alive
Content-Length: 58
Content-Type: application/json
X-Request-Id: 676426374719607414400

{"error":"not_found","request_id":"","routine":"MIOROUTE"}HTTP/1.1 404 Not Found
Connection: keep-alive
Content-Length: 58
Content-Type: application/json
X-Request-Id: 676426374719624114400

{"error":"not_found","request_id":"","routine":"MIOROUTE"}HTTP/1.1 404 Not Found
Connection: keep-alive
Content-Length: 58
Content-Type: application/json
X-Request-Id: 676426374719634114400

{"error":"not_found","request_id":"","routine":"MIOROUTE"}HTTP/1.1 404 Not Found
Connection: keep-alive
Content-Length: 58
Content-Type: application/json
X-Request-Id: 676426374719647414400

{"error":"not_found","request_id":"","routine":"MIOROUTE"}HTTP/1.1 404 Not Found
Connection: keep-alive
Content-Length: 58
Content-Type: application/json
X-Request-Id: 676426374719668814400

{"error":"not_found","request_id":"","routine":"MIOROUTE"}HTTP/1.1 404 Not Found
Connection: keep-alive
Content-Length: 58
Content-Type: application/json
X-Request-Id: 676426374719676914400

{"error":"not_found","request_id":"","routine":"MIOROUTE"}HTTP/1.1 404 Not Found
Connection: keep-alive
Content-Length: 58
Content-Type: application/json
X-Request-Id: 676426374719683614400

{"error":"not_found","request_id":"","routine":"MIOROUTE"}HTTP/1.1 404 Not Found
Connection: keep-alive
Content-Length: 58
Content-Type: application/json
X-Request-Id: 676426374719693914400

{"error":"not_found","request_id":"","routine":"MIOROUTE"}HTTP/1.1 404 Not Found
Connection: keep-alive
Content-Length: 58
Content-Type: application/json
X-Request-Id: 676426374719701214400

{"error":"not_found","request_id":"","routine":"MIOROUTE"}HTTP/1.1 404 Not Found
Connection: keep-alive
Content-Length: 58
Content-Type: application/json
X-Request-Id: 676426374719710114400

{"error":"not_found","request_id":"","routine":"MIOROUTE"}HTTP/1.1 404 Not Found
Connection: keep-alive
Content-Length: 58
Content-Type: application/json
X-Request-Id: 676426374719717114400

{"error":"not_found","request_id":"","routine":"MIOROUTE"}HTTP/1.1 404 Not Found
Connection: keep-alive
Content-Length: 58
Content-Type: application/json
X-Request-Id: 676426374719723614400

{"error":"not_found","request_id":"","routine":"MIOROUTE"}HTTP/1.1 404 Not Found
Connection: keep-alive
Content-Length: 58
Content-Type: application/json
X-Request-Id: 676426374719732514400

{"error":"not_found","request_id":"","routine":"MIOROUTE"}HTTP/1.1 404 Not Found
Connection: keep-alive
Content-Length: 58
Content-Type: application/json
X-Request-Id: 676426374719747414400

{"error":"not_found","request_id":"","routine":"MIOROUTE"}HTTP/1.1 404 Not Found
Connection: keep-alive
Content-Length: 58
Content-Type: application/json
X-Request-Id: 676426374719760214400

{"error":"not_found","request_id":"","routine":"MIOROUTE"}HTTP/1.1 404 Not Found
Connection: keep-alive
Content-Length: 58
Content-Type: application/json
X-Request-Id: 676426374719777614400

{"error":"not_found","request_id":"","routine":"MIOROUTE"}HTTP/1.1 404 Not Found
Connection: keep-alive
Content-Length: 58
Content-Type: application/json
X-Request-Id: 676426374719787714400

{"error":"not_found","request_id":"","routine":"MIOROUTE"}HTTP/1.1 404 Not Found
Connection: keep-alive
Content-Length: 58
Content-Type: application/json
X-Request-Id: 676426374719795714400

{"error":"not_found","request_id":"","routine":"MIOROUTE"}HTTP/1.1 404 Not Found
Connection: keep-alive
Content-Length: 58
Content-Type: application/json
X-Request-Id: 676426374719804914400

{"error":"not_found","request_id":"","routine":"MIOROUTE"}HTTP/1.1 404 Not Found
Connection: keep-alive
Content-Length: 58
Content-Type: application/json
X-Request-Id: 676426374719816614400

{"error":"not_found","request_id":"","routine":"MIOROUTE"}HTTP/1.1 404 Not Found
Connection: keep-alive
Content-Length: 58
Content-Type: application/json
X-Request-Id: 676426374719823414400

{"error":"not_found","request_id":"","routine":"MIOROUTE"}HTTP/1.1 404 Not Found
Connection: keep-alive
Content-Length: 58
Content-Type: application/json
X-Request-Id: 676426374719832214400

{"error":"not_found","request_id":"","routine":"MIOROUTE"}HTTP/1.1 404 Not Found
Connection: keep-alive
Content-Length: 58
Content-Type: application/json
X-Request-Id: 676426374719841314400

{"error":"not_found","request_id":"","routine":"MIOROUTE"}HTTP/1.1 404 Not Found
Connection: keep-alive
Content-Length: 58
Content-Type: application/json
X-Request-Id: 676426374719850314400

{"error":"not_found","request_id":"","routine":"MIOROUTE"}HTTP/1.1 404 Not Found
Connection: keep-alive
Content-Length: 58
Content-Type: application/json
X-Request-Id: 676426374719857014400

{"error":"not_found","request_id":"","routine":"MIOROUTE"}HTTP/1.1 404 Not Found
Connection: keep-alive
Content-Length: 58
Content-Type: application/json
X-Request-Id: 676426374719873114400

{"error":"not_found","request_id":"","routine":"MIOROUTE"}HTTP/1.1 404 Not Found
Connection: keep-alive
Content-Length: 58
Content-Type: application/json
X-Request-Id: 676426374719882914400

{"error":"not_found","request_id":"","routine":"MIOROUTE"}HTTP/1.1 404 Not Found
Connection: keep-alive
Content-Length: 58
Content-Type: application/json
X-Request-Id: 676426374719894814400

{"error":"not_found","request_id":"","routine":"MIOROUTE"}HTTP/1.1 404 Not Found
Connection: keep-alive
Content-Length: 58
Content-Type: application/json
X-Request-Id: 676426374719903014400

{"error":"not_found","request_id":"","routine":"MIOROUTE"}HTTP/1.1 404 Not Found
Connection: keep-alive
Content-Length: 58
Content-Type: application/json
X-Request-Id: 676426374719918814400

{"error":"not_found","request_id":"","routine":"MIOROUTE"}HTTP/1.1 404 Not Found
Connection: keep-alive
Content-Length: 58
Content-Type: application/json
X-Request-Id: 676426374719934514400

{"error":"not_found","request_id":"","routine":"MIOROUTE"}HTTP/1.1 404 Not Found
Connection: keep-alive
Content-Length: 58
Content-Type: application/json
X-Request-Id: 676426374719947614400

{"error":"not_found","request_id":"","routine":"MIOROUTE"}HTTP/1.1 404 Not Found
Connection: keep-alive
Content-Length: 58
Content-Type: application/json
X-Request-Id: 676426374719955414400

{"error":"not_found","request_id":"","routine":"MIOROUTE"}HTTP/1.1 404 Not Found
Connection: keep-alive
Content-Length: 58
Content-Type: application/json
X-Request-Id: 676426374719979914400

{"error":"not_found","request_id":"","routine":"MIOROUTE"}HTTP/1.1 404 Not Found
Connection: keep-alive
Content-Length: 58
Content-Type: application/json
X-Request-Id: 676426374719992814400

{"error":"not_found","request_id":"","routine":"MIOROUTE"}HTTP/1.1 404 Not Found
Connection: keep-alive
Content-Length: 58
Content-Type: application/json
X-Request-Id: 676426374720005814400

{"error":"not_found","request_id":"","routine":"MIOROUTE"}HTTP/1.1 404 Not Found
Connection: keep-alive
Content-Length: 58
Content-Type: application/json
X-Request-Id: 676426374720017214400

{"error":"not_found","request_id":"","routine":"MIOROUTE"}HTTP/1.1 404 Not Found
Connection: keep-alive
Content-Length: 58
Content-Type: application/json
X-Request-Id: 676426374720027814400

{"error":"not_found","request_id":"","routine":"MIOROUTE"}HTTP/1.1 404 Not Found
Connection: keep-alive
Content-Length: 58
Content-Type: application/json
X-Request-Id: 676426374720039914400

{"error":"not_found","request_id":"","routine":"MIOROUTE"}HTTP/1.1 404 Not Found
Connection: keep-alive
Content-Length: 58
Content-Type: application/json
X-Request-Id: 676426374720051714400

{"error":"not_found","request_id":"","routine":"MIOROUTE"}HTTP/1.1 404 Not Found
Connection: keep-alive
Content-Length: 58
Content-Type: application/json
X-Request-Id: 676426374720062614400

{"error":"not_found","request_id":"","routine":"MIOROUTE"}HTTP/1.1 404 Not Found
Connection: keep-alive
Content-Length: 58
Content-Type: application/json
X-Request-Id: 676426374720071714400

{"error":"not_found","request_id":"","routine":"MIOROUTE"}HTTP/1.1 404 Not Found
Connection: keep-alive
Content-Length: 58
Content-Type: application/json
X-Request-Id: 676426374720080814400

{"error":"not_found","request_id":"","routine":"MIOROUTE"}HTTP/1.1 404 Not Found
Connection: keep-alive
Content-Length: 58
Content-Type: application/json
X-Request-Id: 676426374720091514400

{"error":"not_found","request_id":"","routine":"MIOROUTE"}HTTP/1.1 404 Not Found
Connection: keep-alive
Content-Length: 58
Content-Type: application/json
X-Request-Id: 676426374720105814400

{"error":"not_found","request_id":"","routine":"MIOROUTE"}HTTP/1.1 404 Not Found
Connection: keep-alive
Content-Length: 58
Content-Type: application/json
X-Request-Id: 676426374720115614400

{"error":"not_found","request_id":"","routine":"MIOROUTE"}HTTP/1.1 404 Not Found
Connection: keep-alive
Content-Length: 58
Content-Type: application/json
X-Request-Id: 676426374720128114400

{"error":"not_found","request_id":"","routine":"MIOROUTE"}HTTP/1.1 404 Not Found
Connection: keep-alive
Content-Length: 58
Content-Type: application/json
X-Request-Id: 676426374720144514400

{"error":"not_found","request_id":"","routine":"MIOROUTE"}HTTP/1.1 404 Not Found
Connection: keep-alive
Content-Length: 58
Content-Type: application/json
X-Request-Id: 676426374720156914400

{"error":"not_found","request_id":"","routine":"MIOROUTE"}HTTP/1.1 404 Not Found
Connection: keep-alive
Content-Length: 58
Content-Type: application/json
X-Request-Id: 676426374720171714400

{"error":"not_found","request_id":"","routine":"MIOROUTE"}HTTP/1.1 404 Not Found
Connection: keep-alive
Content-Length: 58
Content-Type: application/json
X-Request-Id: 676426374720183214400

{"error":"not_found","request_id":"","routine":"MIOROUTE"}HTTP/1.1 404 Not Found
Connection: keep-alive
Content-Length: 58
Content-Type: application/json
X-Request-Id: 676426374720198414400

{"error":"not_found","request_id":"","routine":"MIOROUTE"}HTTP/1.1 404 Not Found
Connection: keep-alive
Content-Length: 58
Content-Type: application/json
X-Request-Id: 676426374720216514400

{"error":"not_found","request_id":"","routine":"MIOROUTE"}HTTP/1.1 404 Not Found
Connection: keep-alive
Content-Length: 58
Content-Type: application/json
X-Request-Id: 676426374720229514400

{"error":"not_found","request_id":"","routine":"MIOROUTE"}HTTP/1.1 404 Not Found
Connection: keep-alive
Content-Length: 58
Content-Type: application/json
X-Request-Id: 676426374720236714400

{"error":"not_found","request_id":"","routine":"MIOROUTE"}HTTP/1.1 404 Not Found
Connection: keep-alive
Content-Length: 58
Content-Type: application/json
X-Request-Id: 676426374720247214400

{"error":"not_found","request_id":"","routine":"MIOROUTE"}HTTP/1.1 404 Not Found
Connection: keep-alive
Content-Length: 58
Content-Type: application/json
X-Request-Id: 676426374720262514400

{"error":"not_found","request_id":"","routine":"MIOROUTE"}HTTP/1.1 404 Not Found
Connection: keep-alive
Content-Length: 58
Content-Type: application/json
X-Request-Id: 676426374720277514400

{"error":"not_found","request_id":"","routine":"MIOROUTE"}HTTP/1.1 404 Not Found
Connection: keep-alive
Content-Length: 58
Content-Type: application/json
X-Request-Id: 676426374720292014400

{"error":"not_found","request_id":"","routine":"MIOROUTE"}HTTP/1.1 404 Not Found
Connection: keep-alive
Content-Length: 58
Content-Type: application/json
X-Request-Id: 676426374720311514400

{"error":"not_found","request_id":"","routine":"MIOROUTE"}HTTP/1.1 404 Not Found
Connection: keep-alive
Content-Length: 58
Content-Type: application/json
X-Request-Id: 676426374720326914400

{"error":"not_found","request_id":"","routine":"MIOROUTE"}HTTP/1.1 404 Not Found
Connection: keep-alive
Content-Length: 58
Content-Type: application/json
X-Request-Id: 676426374720341614400

{"error":"not_found","request_id":"","routine":"MIOROUTE"}HTTP/1.1 404 Not Found
Connection: keep-alive
Content-Length: 58
Content-Type: application/json
X-Request-Id: 676426374720361214400

{"error":"not_found","request_id":"","routine":"MIOROUTE"}HTTP/1.1 404 Not Found
Connection: keep-alive
Content-Length: 58
Content-Type: application/json
X-Request-Id: 676426374720371714400

{"error":"not_found","request_id":"","routine":"MIOROUTE"}HTTP/1.1 404 Not Found
Connection: keep-alive
Content-Length: 58
Content-Type: application/json
X-Request-Id: 676426374720382814400

{"error":"not_found","request_id":"","routine":"MIOROUTE"}HTTP/1.1 404 Not Found
Connection: keep-alive
Content-Length: 58
Content-Type: application/json
X-Request-Id: 676426374720397114400

{"error":"not_found","request_id":"","routine":"MIOROUTE"}HTTP/1.1 404 Not Found
Connection: keep-alive
Content-Length: 58
Content-Type: application/json
X-Request-Id: 676426374720416814400

{"error":"not_found","request_id":"","routine":"MIOROUTE"}HTTP/1.1 404 Not Found
Connection: keep-alive
Content-Length: 58
Content-Type: application/json
X-Request-Id: 676426374720427014400

{"error":"not_found","request_id":"","routine":"MIOROUTE"}HTTP/1.1 404 Not Found
Connection: keep-alive
Content-Length: 58
Content-Type: application/json
X-Request-Id: 676426374720438414400

{"error":"not_found","request_id":"","routine":"MIOROUTE"}HTTP/1.1 404 Not Found
Connection: keep-alive
Content-Length: 58
Content-Type: application/json
X-Request-Id: 676426374720451514400

{"error":"not_found","request_id":"","routine":"MIOROUTE"}HTTP/1.1 404 Not Found
Connection: keep-alive
Content-Length: 58
Content-Type: application/json
X-Request-Id: 676426374720463614400

{"error":"not_found","request_id":"","routine":"MIOROUTE"}HTTP/1.1 404 Not Found
Connection: keep-alive
Content-Length: 58
Content-Type: application/json
X-Request-Id: 676426374720477814400

{"error":"not_found","request_id":"","routine":"MIOROUTE"}HTTP/1.1 404 Not Found
Connection: keep-alive
Content-Length: 58
Content-Type: application/json
X-Request-Id: 676426374720490914400

{"error":"not_found","request_id":"","routine":"MIOROUTE"}HTTP/1.1 404 Not Found
Connection: keep-alive
Content-Length: 58
Content-Type: application/json
X-Request-Id: 676426374720506914400

{"error":"not_found","request_id":"","routine":"MIOROUTE"}HTTP/1.1 404 Not Found
Connection: keep-alive
Content-Length: 58
Content-Type: application/json
X-Request-Id: 676426374720523614400

{"error":"not_found","request_id":"","routine":"MIOROUTE"}HTTP/1.1 404 Not Found
Connection: keep-alive
Content-Length: 58
Content-Type: application/json
X-Request-Id: 676426374720536114400

{"error":"not_found","request_id":"","routine":"MIOROUTE"}HTTP/1.1 404 Not Found
Connection: keep-alive
Content-Length: 58
Content-Type: application/json
X-Request-Id: 676426374720546414400

{"error":"not_found","request_id":"","routine":"MIOROUTE"}HTTP/1.1 404 Not Found
Connection: keep-alive
Content-Length: 58
Content-Type: application/json
X-Request-Id: 676426374720557614400

{"error":"not_found","request_id":"","routine":"MIOROUTE"}HTTP/1.1 404 Not Found
Connection: keep-alive
Content-Length: 58
Content-Type: application/json
X-Request-Id: 676426374720574514400

{"error":"not_found","request_id":"","routine":"MIOROUTE"}HTTP/1.1 404 Not Found
Connection: keep-alive
Content-Length: 58
Content-Type: application/json
X-Request-Id: 676426374720601514400

{"error":"not_found","request_id":"","routine":"MIOROUTE"}HTTP/1.1 404 Not Found
Connection: keep-alive
Content-Length: 58
Content-Type: application/json
X-Request-Id: 676426374720640114400

{"error":"not_found","request_id":"","routine":"MIOROUTE"}HTTP/1.1 404 Not Found
Connection: keep-alive
Content-Length: 58
Content-Type: application/json
X-Request-Id: 676426374720677814400

{"error":"not_found","request_id":"","routine":"MIOROUTE"}HTTP/1.1 404 Not Found
Connection: keep-alive
Content-Length: 58
Content-Type: application/json
X-Request-Id: 676426374720694514400

{"error":"not_found","request_id":"","routine":"MIOROUTE"}HTTP/1.1 404 Not Found
Connection: keep-alive
Content-Length: 58
Content-Type: application/json
X-Request-Id: 676426374720717014400

{"error":"not_found","request_id":"","routine":"MIOROUTE"}HTTP/1.1 404 Not Found
Connection: keep-alive
Content-Length: 58
Content-Type: application/json
X-Request-Id: 676426374720727314400

{"error":"not_found","request_id":"","routine":"MIOROUTE"}HTTP/1.1 404 Not Found
Connection: keep-alive
Content-Length: 58
Content-Type: application/json
X-Request-Id: 676426374720736514400

{"error":"not_found","request_id":"","routine":"MIOROUTE"}HTTP/1.1 404 Not Found
Connection: keep-alive
Content-Length: 58
Content-Type: application/json
X-Request-Id: 676426374720745514400

{"error":"not_found","request_id":"","routine":"MIOROUTE"}HTTP/1.1 404 Not Found
Connection: keep-alive
Content-Length: 58
Content-Type: application/json
X-Request-Id: 676426374720759014400

{"error":"not_found","request_id":"","routine":"MIOROUTE"}HTTP/1.1 404 Not Found
Connection: keep-alive
Content-Length: 58
Content-Type: application/json
X-Request-Id: 676426374720768414400

{"error":"not_found","request_id":"","routine":"MIOROUTE"}HTTP/1.1 404 Not Found
Connection: keep-alive
Content-Length: 58
Content-Type: application/json
X-Request-Id: 676426374720775514400

{"error":"not_found","request_id":"","routine":"MIOROUTE"}HTTP/1.1 404 Not Found
Connection: keep-alive
Content-Length: 58
Content-Type: application/json
X-Request-Id: 676426374720784114400

{"error":"not_found","request_id":"","routine":"MIOROUTE"}HTTP/1.1 404 Not Found
Connection: keep-alive
Content-Length: 58
Content-Type: application/json
X-Request-Id: 676426374720817814400

{"error":"not_found","request_id":"","routine":"MIOROUTE"}HTTP/1.1 404 Not Found
Connection: keep-alive
Content-Length: 58
Content-Type: application/json
X-Request-Id: 676426374720839914400

{"error":"not_found","request_id":"","routine":"MIOROUTE"}HTTP/1.1 404 Not Found
Connection: keep-alive
Content-Length: 58
Content-Type: application/json
X-Request-Id: 676426374720851714400

{"error":"not_found","request_id":"","routine":"MIOROUTE"}HTTP/1.1 404 Not Found
Connection: keep-alive
Content-Length: 58
Content-Type: application/json
X-Request-Id: 676426374720862314400

{"error":"not_found","request_id":"","routine":"MIOROUTE"}HTTP/1.1 404 Not Found
Connection: keep-alive
Content-Length: 58
Content-Type: application/json
X-Request-Id: 676426374720876914400

{"error":"not_found","request_id":"","routine":"MIOROUTE"}HTTP/1.1 404 Not Found
Connection: keep-alive
Content-Length: 58
Content-Type: application/json
X-Request-Id: 676426374720889114400

{"error":"not_found","request_id":"","routine":"MIOROUTE"}HTTP/1.1 404 Not Found
Connection: keep-alive
Content-Length: 58
Content-Type: application/json
X-Request-Id: 676426374720901914400

{"error":"not_found","request_id":"","routine":"MIOROUTE"}HTTP/1.1 404 Not Found
Connection: keep-alive
Content-Length: 58
Content-Type: application/json
X-Request-Id: 676426374720920914400

{"error":"not_found","request_id":"","routine":"MIOROUTE"}HTTP/1.1 404 Not Found
Connection: keep-alive
Content-Length: 58
Content-Type: application/json
X-Request-Id: 676426374720931214400

{"error":"not_found","request_id":"","routine":"MIOROUTE"}HTTP/1.1 404 Not Found
Connection: keep-alive
Content-Length: 58
Content-Type: application/json
X-Request-Id: 676426374720943314400

{"error":"not_found","request_id":"","routine":"MIOROUTE"}HTTP/1.1 404 Not Found
Connection: keep-alive
Content-Length: 58
Content-Type: application/json
X-Request-Id: 676426374720954214400

{"error":"not_found","request_id":"","routine":"MIOROUTE"}HTTP/1.1 404 Not Found
Connection: keep-alive
Content-Length: 58
Content-Type: application/json
X-Request-Id: 676426374720964914400

{"error":"not_found","request_id":"","routine":"MIOROUTE"}HTTP/1.1 404 Not Found
Connection: keep-alive
Content-Length: 58
Content-Type: application/json
X-Request-Id: 676426374720974714400

{"error":"not_found","request_id":"","routine":"MIOROUTE"}HTTP/1.1 404 Not Found
Connection: keep-alive
Content-Length: 58
Content-Type: application/json
X-Request-Id: 676426374720985514400

{"error":"not_found","request_id":"","routine":"MIOROUTE"}HTTP/1.1 404 Not Found
Connection: keep-alive
Content-Length: 58
Content-Type: application/json
X-Request-Id: 676426374720997514400

{"error":"not_found","request_id":"","routine":"MIOROUTE"}HTTP/1.1 404 Not Found
Connection: keep-alive
Content-Length: 58
Content-Type: application/json
X-Request-Id: 676426374721006514400

{"error":"not_found","request_id":"","routine":"MIOROUTE"}HTTP/1.1 404 Not Found
Connection: keep-alive
Content-Length: 58
Content-Type: application/json
X-Request-Id: 676426374721017514400

{"error":"not_found","request_id":"","routine":"MIOROUTE"}HTTP/1.1 404 Not Found
Connection: keep-alive
Content-Length: 58
Content-Type: application/json
X-Request-Id: 676426374721026614400

{"error":"not_found","request_id":"","routine":"MIOROUTE"}HTTP/1.1 404 Not Found
Connection: keep-alive
Content-Length: 58
Content-Type: application/json
X-Request-Id: 676426374721039514400

{"error":"not_found","request_id":"","routine":"MIOROUTE"}HTTP/1.1 404 Not Found
Connection: keep-alive
Content-Length: 58
Content-Type: application/json
X-Request-Id: 676426374721051514400

{"error":"not_found","request_id":"","routine":"MIOROUTE"}HTTP/1.1 404 Not Found
Connection: keep-alive
Content-Length: 58
Content-Type: application/json
X-Request-Id: 676426374721084314400

{"error":"not_found","request_id":"","routine":"MIOROUTE"}HTTP/1.1 404 Not Found
Connection: keep-alive
Content-Length: 58
Content-Type: application/json
X-Request-Id: 676426374721106114400

{"error":"not_found","request_id":"","routine":"MIOROUTE"}HTTP/1.1 404 Not Found
Connection: keep-alive
Content-Length: 58
Content-Type: application/json
X-Request-Id: 676426374721129814400

{"error":"not_found","request_id":"","routine":"MIOROUTE"}HTTP/1.1 404 Not Found
Connection: keep-alive
Content-Length: 58
Content-Type: application/json
X-Request-Id: 676426374721154414400

{"error":"not_found","request_id":"","routine":"MIOROUTE"}HTTP/1.1 404 Not Found
Connection: keep-alive
Content-Length: 58
Content-Type: application/json
X-Request-Id: 676426374721176914400

{"error":"not_found","request_id":"","routine":"MIOROUTE"}HTTP/1.1 404 Not Found
Connection: keep-alive
Content-Length: 58
Content-Type: application/json
X-Request-Id: 676426374721201014400

{"error":"not_found","request_id":"","routine":"MIOROUTE"}HTTP/1.1 404 Not Found
Connection: keep-alive
Content-Length: 58
Content-Type: application/json
X-Request-Id: 676426374721218314400

{"error":"not_found","request_id":"","routine":"MIOROUTE"}HTTP/1.1 404 Not Found
Connection: keep-alive
Content-Length: 58
Content-Type: application/json
X-Request-Id: 676426374721235814400

{"error":"not_found","request_id":"","routine":"MIOROUTE"}HTTP/1.1 404 Not Found
Connection: keep-alive
Content-Length: 58
Content-Type: application/json
X-Request-Id: 676426374721250614400

{"error":"not_found","request_id":"","routine":"MIOROUTE"}HTTP/1.1 404 Not Found
Connection: keep-alive
Content-Length: 58
Content-Type: application/json
X-Request-Id: 676426374721268114400

{"error":"not_found","request_id":"","routine":"MIOROUTE"}HTTP/1.1 404 Not Found
Connection: keep-alive
Content-Length: 58
Content-Type: application/json
X-Request-Id: 676426374721281714400

{"error":"not_found","request_id":"","routine":"MIOROUTE"}HTTP/1.1 404 Not Found
Connection: keep-alive
Content-Length: 58
Content-Type: application/json
X-Request-Id: 676426374721297014400

{"error":"not_found","request_id":"","routine":"MIOROUTE"}HTTP/1.1 404 Not Found
Connection: keep-alive
Content-Length: 58
Content-Type: application/json
X-Request-Id: 676426374721311214400

{"error":"not_found","request_id":"","routine":"MIOROUTE"}HTTP/1.1 404 Not Found
Connection: keep-alive
Content-Length: 58
Content-Type: application/json
X-Request-Id: 676426374721326214400

{"error":"not_found","request_id":"","routine":"MIOROUTE"}HTTP/1.1 404 Not Found
Connection: keep-alive
Content-Length: 58
Content-Type: application/json
X-Request-Id: 676426374721341614400

{"error":"not_found","request_id":"","routine":"MIOROUTE"}HTTP/1.1 404 Not Found
Connection: keep-alive
Content-Length: 58
Content-Type: application/json
X-Request-Id: 676426374721359614400

{"error":"not_found","request_id":"","routine":"MIOROUTE"}HTTP/1.1 404 Not Found
Connection: keep-alive
Content-Length: 58
Content-Type: application/json
X-Request-Id: 676426374721380314400

{"error":"not_found","request_id":"","routine":"MIOROUTE"}HTTP/1.1 404 Not Found
Connection: keep-alive
Content-Length: 58
Content-Type: application/json
X-Request-Id: 676426374721405514400

{"error":"not_found","request_id":"","routine":"MIOROUTE"}HTTP/1.1 404 Not Found
Connection: keep-alive
Content-Length: 58
Content-Type: application/json
X-Request-Id: 676426374721434414400

{"error":"not_found","request_id":"","routine":"MIOROUTE"}HTTP/1.1 404 Not Found
Connection: keep-alive
Content-Length: 58
Content-Type: application/json
X-Request-Id: 676426374721465414400

{"error":"not_found","request_id":"","routine":"MIOROUTE"}HTTP/1.1 404 Not Found
Connection: keep-alive
Content-Length: 58
Content-Type: application/json
X-Request-Id: 676426374721483114400

{"error":"not_found","request_id":"","routine":"MIOROUTE"}HTTP/1.1 404 Not Found
Connection: keep-alive
Content-Length: 58
Content-Type: application/json
X-Request-Id: 676426374721498314400

{"error":"not_found","request_id":"","routine":"MIOROUTE"}HTTP/1.1 404 Not Found
Connection: keep-alive
Content-Length: 58
Content-Type: application/json
X-Request-Id: 676426374721513814400

{"error":"not_found","request_id":"","routine":"MIOROUTE"}HTTP/1.1 404 Not Found
Connection: keep-alive
Content-Length: 58
Content-Type: application/json
X-Request-Id: 676426374721529014400

{"error":"not_found","request_id":"","routine":"MIOROUTE"}HTTP/1.1 404 Not Found
Connection: keep-alive
Content-Length: 58
Content-Type: application/json
X-Request-Id: 676426374721544714400

{"error":"not_found","request_id":"","routine":"MIOROUTE"}HTTP/1.1 404 Not Found
Connection: keep-alive
Content-Length: 58
Content-Type: application/json
X-Request-Id: 676426374721561314400

{"error":"not_found","request_id":"","routine":"MIOROUTE"}HTTP/1.1 404 Not Found
Connection: keep-alive
Content-Length: 58
Content-Type: application/json
X-Request-Id: 676426374721577914400

{"error":"not_found","request_id":"","routine":"MIOROUTE"}HTTP/1.1 404 Not Found
Connection: keep-alive
Content-Length: 58
Content-Type: application/json
X-Request-Id: 676426374721595214400

{"error":"not_found","request_id":"","routine":"MIOROUTE"}HTTP/1.1 404 Not Found
Connection: keep-alive
Content-Length: 58
Content-Type: application/json
X-Request-Id: 676426374721611814400

{"error":"not_found","request_id":"","routine":"MIOROUTE"}HTTP/1.1 404 Not Found
Connection: keep-alive
Content-Length: 58
Content-Type: application/json
X-Request-Id: 676426374721628014400

{"error":"not_found","request_id":"","routine":"MIOROUTE"}HTTP/1.1 404 Not Found
Connection: keep-alive
Content-Length: 58
Content-Type: application/json
X-Request-Id: 676426374721642914400

{"error":"not_found","request_id":"","routine":"MIOROUTE"}HTTP/1.1 404 Not Found
Connection: keep-alive
Content-Length: 58
Content-Type: application/json
X-Request-Id: 676426374721659214400

{"error":"not_found","request_id":"","routine":"MIOROUTE"}HTTP/1.1 404 Not Found
Connection: keep-alive
Content-Length: 58
Content-Type: application/json
X-Request-Id: 676426374721674014400

{"error":"not_found","request_id":"","routine":"MIOROUTE"}HTTP/1.1 404 Not Found
Connection: keep-alive
Content-Length: 58
Content-Type: application/json
X-Request-Id: 676426374721689314400

{"error":"not_found","request_id":"","routine":"MIOROUTE"}HTTP/1.1 404 Not Found
Connection: keep-alive
Content-Length: 58
Content-Type: application/json
X-Request-Id: 676426374721704214400

{"error":"not_found","request_id":"","routine":"MIOROUTE"}HTTP/1.1 404 Not Found
Connection: keep-alive
Content-Length: 58
Content-Type: application/json
X-Request-Id: 676426374721722914400

{"error":"not_found","request_id":"","routine":"MIOROUTE"}HTTP/1.1 404 Not Found
Connection: keep-alive
Content-Length: 58
Content-Type: application/json
X-Request-Id: 676426374721737814400

{"error":"not_found","request_id":"","routine":"MIOROUTE"}HTTP/1.1 404 Not Found
Connection: keep-alive
Content-Length: 58
Content-Type: application/json
X-Request-Id: 676426374721752614400

{"error":"not_found","request_id":"","routine":"MIOROUTE"}HTTP/1.1 404 Not Found
Connection: keep-alive
Content-Length: 58
Content-Type: application/json
X-Request-Id: 676426374721766714400

{"error":"not_found","request_id":"","routine":"MIOROUTE"}HTTP/1.1 404 Not Found
Connection: keep-alive
Content-Length: 58
Content-Type: application/json
X-Request-Id: 676426374721785514400

{"error":"not_found","request_id":"","routine":"MIOROUTE"}HTTP/1.1 404 Not Found
Connection: keep-alive
Content-Length: 58
Content-Type: application/json
X-Request-Id: 676426374721800014400

{"error":"not_found","request_id":"","routine":"MIOROUTE"}HTTP/1.1 404 Not Found
Connection: keep-alive
Content-Length: 58
Content-Type: application/json
X-Request-Id: 676426374721815614400

{"error":"not_found","request_id":"","routine":"MIOROUTE"}HTTP/1.1 404 Not Found
Connection: keep-alive
Content-Length: 58
Content-Type: application/json
X-Request-Id: 676426374721831014400

{"error":"not_found","request_id":"","routine":"MIOROUTE"}HTTP/1.1 404 Not Found
Connection: keep-alive
Content-Length: 58
Content-Type: application/json
X-Request-Id: 676426374721846514400

{"error":"not_found","request_id":"","routine":"MIOROUTE"}HTTP/1.1 404 Not Found
Connection: keep-alive
Content-Length: 58
Content-Type: application/json
X-Request-Id: 676426374721862014400

{"error":"not_found","request_id":"","routine":"MIOROUTE"}HTTP/1.1 404 Not Found
Connection: keep-alive
Content-Length: 58
Content-Type: application/json
X-Request-Id: 676426374721878314400

{"error":"not_found","request_id":"","routine":"MIOROUTE"}HTTP/1.1 404 Not Found
Connection: keep-alive
Content-Length: 58
Content-Type: application/json
X-Request-Id: 676426374721893614400

{"error":"not_found","request_id":"","routine":"MIOROUTE"}HTTP/1.1 404 Not Found
Connection: keep-alive
Content-Length: 58
Content-Type: application/json
X-Request-Id: 676426374721906414400

{"error":"not_found","request_id":"","routine":"MIOROUTE"}HTTP/1.1 404 Not Found
Connection: keep-alive
Content-Length: 58
Content-Type: application/json
X-Request-Id: 676426374721921614400

{"error":"not_found","request_id":"","routine":"MIOROUTE"}HTTP/1.1 404 Not Found
Connection: keep-alive
Content-Length: 58
Content-Type: application/json
X-Request-Id: 676426374721937114400

{"error":"not_found","request_id":"","routine":"MIOROUTE"}HTTP/1.1 404 Not Found
Connection: keep-alive
Content-Length: 58
Content-Type: application/json
X-Request-Id: 676426374721953514400

{"error":"not_found","request_id":"","routine":"MIOROUTE"}HTTP/1.1 404 Not Found
Connection: keep-alive
Content-Length: 58
Content-Type: application/json
X-Request-Id: 676426374721971814400

{"error":"not_found","request_id":"","routine":"MIOROUTE"}HTTP/1.1 404 Not Found
Connection: keep-alive
Content-Length: 58
Content-Type: application/json
X-Request-Id: 676426374722006314400

{"error":"not_found","request_id":"","routine":"MIOROUTE"}HTTP/1.1 404 Not Found
Connection: keep-alive
Content-Length: 58
Content-Type: application/json
X-Request-Id: 676426374722023714400

{"error":"not_found","request_id":"","routine":"MIOROUTE"}HTTP/1.1 404 Not Found
Connection: keep-alive
Content-Length: 58
Content-Type: application/json
X-Request-Id: 676426374722039514400

{"error":"not_found","request_id":"","routine":"MIOROUTE"}HTTP/1.1 404 Not Found
Connection: keep-alive
Content-Length: 58
Content-Type: application/json
X-Request-Id: 676426374722056314400

{"error":"not_found","request_id":"","routine":"MIOROUTE"}HTTP/1.1 404 Not Found
Connection: keep-alive
Content-Length: 58
Content-Type: application/json
X-Request-Id: 676426374722070814400

{"error":"not_found","request_id":"","routine":"MIOROUTE"}HTTP/1.1 404 Not Found
Connection: keep-alive
Content-Length: 58
Content-Type: application/json
X-Request-Id: 676426374722085814400

{"error":"not_found","request_id":"","routine":"MIOROUTE"}HTTP/1.1 404 Not Found
Connection: keep-alive
Content-Length: 58
Content-Type: application/json
X-Request-Id: 676426374722101514400

{"error":"not_found","request_id":"","routine":"MIOROUTE"}HTTP/1.1 404 Not Found
Connection: keep-alive
Content-Length: 58
Content-Type: application/json
X-Request-Id: 676426374722117614400

{"error":"not_found","request_id":"","routine":"MIOROUTE"}HTTP/1.1 404 Not Found
Connection: keep-alive
Content-Length: 58
Content-Type: application/json
X-Request-Id: 676426374722134214400

{"error":"not_found","request_id":"","routine":"MIOROUTE"}HTTP/1.1 404 Not Found
Connection: keep-alive
Content-Length: 58
Content-Type: application/json
X-Request-Id: 676426374722152514400

{"error":"not_found","request_id":"","routine":"MIOROUTE"}HTTP/1.1 404 Not Found
Connection: keep-alive
Content-Length: 58
Content-Type: application/json
X-Request-Id: 676426374722171914400

{"error":"not_found","request_id":"","routine":"MIOROUTE"}HTTP/1.1 404 Not Found
Connection: keep-alive
Content-Length: 58
Content-Type: application/json
X-Request-Id: 676426374722189114400

{"error":"not_found","request_id":"","routine":"MIOROUTE"}HTTP/1.1 404 Not Found
Connection: keep-alive
Content-Length: 58
Content-Type: application/json
X-Request-Id: 676426374722206214400

{"error":"not_found","request_id":"","routine":"MIOROUTE"}HTTP/1.1 404 Not Found
Connection: keep-alive
Content-Length: 58
Content-Type: application/json
X-Request-Id: 676426374722223214400

{"error":"not_found","request_id":"","routine":"MIOROUTE"}HTTP/1.1 404 Not Found
Connection: keep-alive
Content-Length: 58
Content-Type: application/json
X-Request-Id: 676426374722242214400

{"error":"not_found","request_id":"","routine":"MIOROUTE"}HTTP/1.1 404 Not Found
Connection: keep-alive
Content-Length: 58
Content-Type: application/json
X-Request-Id: 676426374722259414400

{"error":"not_found","request_id":"","routine":"MIOROUTE"}HTTP/1.1 404 Not Found
Connection: keep-alive
Content-Length: 58
Content-Type: application/json
X-Request-Id: 676426374722276514400

{"error":"not_found","request_id":"","routine":"MIOROUTE"}HTTP/1.1 404 Not Found
Connection: keep-alive
Content-Length: 58
Content-Type: application/json
X-Request-Id: 676426374722293914400

{"error":"not_found","request_id":"","routine":"MIOROUTE"}HTTP/1.1 404 Not Found
Connection: keep-alive
Content-Length: 58
Content-Type: application/json
X-Request-Id: 676426374722311014400

{"error":"not_found","request_id":"","routine":"MIOROUTE"}HTTP/1.1 404 Not Found
Connection: keep-alive
Content-Length: 58
Content-Type: application/json
X-Request-Id: 676426374722331714400

{"error":"not_found","request_id":"","routine":"MIOROUTE"}HTTP/1.1 404 Not Found
Connection: keep-alive
Content-Length: 58
Content-Type: application/json
X-Request-Id: 676426374722349914400

{"error":"not_found","request_id":"","routine":"MIOROUTE"}HTTP/1.1 404 Not Found
Connection: keep-alive
Content-Length: 58
Content-Type: application/json
X-Request-Id: 676426374722373514400

{"error":"not_found","request_id":"","routine":"MIOROUTE"}HTTP/1.1 404 Not Found
Connection: keep-alive
Content-Length: 58
Content-Type: application/json
X-Request-Id: 676426374722403914400

{"error":"not_found","request_id":"","routine":"MIOROUTE"}HTTP/1.1 404 Not Found
Connection: keep-alive
Content-Length: 58
Content-Type: application/json
X-Request-Id: 676426374722424714400

{"error":"not_found","request_id":"","routine":"MIOROUTE"}HTTP/1.1 404 Not Found
Connection: keep-alive
Content-Length: 58
Content-Type: application/json
X-Request-Id: 676426374722442814400

{"error":"not_found","request_id":"","routine":"MIOROUTE"}HTTP/1.1 404 Not Found
Connection: keep-alive
Content-Length: 58
Content-Type: application/json
X-Request-Id: 676426374722460514400

{"error":"not_found","request_id":"","routine":"MIOROUTE"}HTTP/1.1 404 Not Found
Connection: keep-alive
Content-Length: 58
Content-Type: application/json
X-Request-Id: 676426374722478014400

{"error":"not_found","request_id":"","routine":"MIOROUTE"}HTTP/1.1 404 Not Found
Connection: keep-alive
Content-Length: 58
Content-Type: application/json
X-Request-Id: 676426374722495414400

{"error":"not_found","request_id":"","routine":"MIOROUTE"}HTTP/1.1 404 Not Found
Connection: keep-alive
Content-Length: 58
Content-Type: application/json
X-Request-Id: 676426374722512914400

{"error":"not_found","request_id":"","routine":"MIOROUTE"}HTTP/1.1 404 Not Found
Connection: keep-alive
Content-Length: 58
Content-Type: application/json
X-Request-Id: 676426374722530214400

{"error":"not_found","request_id":"","routine":"MIOROUTE"}HTTP/1.1 404 Not Found
Connection: keep-alive
Content-Length: 58
Content-Type: application/json
X-Request-Id: 676426374722547514400

{"error":"not_found","request_id":"","routine":"MIOROUTE"}HTTP/1.1 404 Not Found
Connection: keep-alive
Content-Length: 58
Content-Type: application/json
X-Request-Id: 676426374722564714400

{"error":"not_found","request_id":"","routine":"MIOROUTE"}HTTP/1.1 404 Not Found
Connection: keep-alive
Content-Length: 58
Content-Type: application/json
X-Request-Id: 676426374722598114400

{"error":"not_found","request_id":"","routine":"MIOROUTE"}HTTP/1.1 404 Not Found
Connection: keep-alive
Content-Length: 58
Content-Type: application/json
X-Request-Id: 676426374722616914400

{"error":"not_found","request_id":"","routine":"MIOROUTE"}HTTP/1.1 404 Not Found
Connection: keep-alive
Content-Length: 58
Content-Type: application/json
X-Request-Id: 676426374722634714400

{"error":"not_found","request_id":"","routine":"MIOROUTE"}HTTP/1.1 404 Not Found
Connection: keep-alive
Content-Length: 58
Content-Type: application/json
X-Request-Id: 676426374722652214400

{"error":"not_found","request_id":"","routine":"MIOROUTE"}HTTP/1.1 404 Not Found
Connection: keep-alive
Content-Length: 58
Content-Type: application/json
X-Request-Id: 676426374722669714400

{"error":"not_found","request_id":"","routine":"MIOROUTE"}HTTP/1.1 404 Not Found
Connection: keep-alive
Content-Length: 58
Content-Type: application/json
X-Request-Id: 676426374722688614400

{"error":"not_found","request_id":"","routine":"MIOROUTE"}HTTP/1.1 404 Not Found
Connection: keep-alive
Content-Length: 58
Content-Type: application/json
X-Request-Id: 676426374722705614400

{"error":"not_found","request_id":"","routine":"MIOROUTE"}HTTP/1.1 404 Not Found
Connection: keep-alive
Content-Length: 58
Content-Type: application/json
X-Request-Id: 676426374722723014400

{"error":"not_found","request_id":"","routine":"MIOROUTE"}HTTP/1.1 404 Not Found
Connection: keep-alive
Content-Length: 58
Content-Type: application/json
X-Request-Id: 676426374722741514400

{"error":"not_found","request_id":"","routine":"MIOROUTE"}HTTP/1.1 404 Not Found
Connection: keep-alive
Content-Length: 58
Content-Type: application/json
X-Request-Id: 676426374722762814400

{"error":"not_found","request_id":"","routine":"MIOROUTE"}HTTP/1.1 404 Not Found
Connection: keep-alive
Content-Length: 58
Content-Type: application/json
X-Request-Id: 676426374722782214400

{"error":"not_found","request_id":"","routine":"MIOROUTE"}HTTP/1.1 404 Not Found
Connection: keep-alive
Content-Length: 58
Content-Type: application/json
X-Request-Id: 676426374722806214400

{"error":"not_found","request_id":"","routine":"MIOROUTE"}HTTP/1.1 404 Not Found
Connection: keep-alive
Content-Length: 58
Content-Type: application/json
X-Request-Id: 676426374722822214400

{"error":"not_found","request_id":"","routine":"MIOROUTE"}HTTP/1.1 404 Not Found
Connection: keep-alive
Content-Length: 58
Content-Type: application/json
X-Request-Id: 676426374722838114400

{"error":"not_found","request_id":"","routine":"MIOROUTE"}HTTP/1.1 404 Not Found
Connection: keep-alive
Content-Length: 58
Content-Type: application/json
X-Request-Id: 676426374722852014400

{"error":"not_found","request_id":"","routine":"MIOROUTE"}HTTP/1.1 404 Not Found
Connection: keep-alive
Content-Length: 58
Content-Type: application/json
X-Request-Id: 676426374722869614400

{"error":"not_found","request_id":"","routine":"MIOROUTE"}HTTP/1.1 404 Not Found
Connection: keep-alive
Content-Length: 58
Content-Type: application/json
X-Request-Id: 676426374722885414400

{"error":"not_found","request_id":"","routine":"MIOROUTE"}HTTP/1.1 404 Not Found
Connection: keep-alive
Content-Length: 58
Content-Type: application/json
X-Request-Id: 676426374722899114400

{"error":"not_found","request_id":"","routine":"MIOROUTE"}HTTP/1.1 404 Not Found
Connection: keep-alive
Content-Length: 58
Content-Type: application/json
X-Request-Id: 676426374722914414400

{"error":"not_found","request_id":"","routine":"MIOROUTE"}HTTP/1.1 404 Not Found
Connection: keep-alive
Content-Length: 58
Content-Type: application/json
X-Request-Id: 676426374722928014400

{"error":"not_found","request_id":"","routine":"MIOROUTE"}HTTP/1.1 404 Not Found
Connection: keep-alive
Content-Length: 58
Content-Type: application/json
X-Request-Id: 676426374722943314400

{"error":"not_found","request_id":"","routine":"MIOROUTE"}HTTP/1.1 404 Not Found
Connection: keep-alive
Content-Length: 58
Content-Type: application/json
X-Request-Id: 676426374722958114400

{"error":"not_found","request_id":"","routine":"MIOROUTE"}HTTP/1.1 404 Not Found
Connection: keep-alive
Content-Length: 58
Content-Type: application/json
X-Request-Id: 676426374722971614400

{"error":"not_found","request_id":"","routine":"MIOROUTE"}HTTP/1.1 404 Not Found
Connection: keep-alive
Content-Length: 58
Content-Type: application/json
X-Request-Id: 676426374722987114400

{"error":"not_found","request_id":"","routine":"MIOROUTE"}HTTP/1.1 404 Not Found
Connection: keep-alive
Content-Length: 58
Content-Type: application/json
X-Request-Id: 676426374723002214400

{"error":"not_found","request_id":"","routine":"MIOROUTE"}HTTP/1.1 404 Not Found
Connection: keep-alive
Content-Length: 58
Content-Type: application/json
X-Request-Id: 676426374723015514400

{"error":"not_found","request_id":"","routine":"MIOROUTE"}HTTP/1.1 404 Not Found
Connection: keep-alive
Content-Length: 58
Content-Type: application/json
X-Request-Id: 676426374723030614400

{"error":"not_found","request_id":"","routine":"MIOROUTE"}HTTP/1.1 404 Not Found
Connection: keep-alive
Content-Length: 58
Content-Type: application/json
X-Request-Id: 676426374723048314400

{"error":"not_found","request_id":"","routine":"MIOROUTE"}HTTP/1.1 404 Not Found
Connection: keep-alive
Content-Length: 58
Content-Type: application/json
X-Request-Id: 676426374723063614400

{"error":"not_found","request_id":"","routine":"MIOROUTE"}HTTP/1.1 404 Not Found
Connection: keep-alive
Content-Length: 58
Content-Type: application/json
X-Request-Id: 676426374723075614400

{"error":"not_found","request_id":"","routine":"MIOROUTE"}HTTP/1.1 404 Not Found
Connection: keep-alive
Content-Length: 58
Content-Type: application/json
X-Request-Id: 676426374723092214400

{"error":"not_found","request_id":"","routine":"MIOROUTE"}HTTP/1.1 404 Not Found
Connection: keep-alive
Content-Length: 58
Content-Type: application/json
X-Request-Id: 676426374723108114400

{"error":"not_found","request_id":"","routine":"MIOROUTE"}HTTP/1.1 404 Not Found
Connection: keep-alive
Content-Length: 58
Content-Type: application/json
X-Request-Id: 676426374723135314400

{"error":"not_found","request_id":"","routine":"MIOROUTE"}HTTP/1.1 404 Not Found
Connection: keep-alive
Content-Length: 58
Content-Type: application/json
X-Request-Id: 676426374723150214400

{"error":"not_found","request_id":"","routine":"MIOROUTE"}HTTP/1.1 404 Not Found
Connection: keep-alive
Content-Length: 58
Content-Type: application/json
X-Request-Id: 676426374723166114400

{"error":"not_found","request_id":"","routine":"MIOROUTE"}HTTP/1.1 404 Not Found
Connection: keep-alive
Content-Length: 58
Content-Type: application/json
X-Request-Id: 676426374723180614400

{"error":"not_found","request_id":"","routine":"MIOROUTE"}HTTP/1.1 404 Not Found
Connection: keep-alive
Content-Length: 58
Content-Type: application/json
X-Request-Id: 676426374723200814400

{"error":"not_found","request_id":"","routine":"MIOROUTE"}HTTP/1.1 404 Not Found
Connection: keep-alive
Content-Length: 58
Content-Type: application/json
X-Request-Id: 676426374723216014400

{"error":"not_found","request_id":"","routine":"MIOROUTE"}HTTP/1.1 404 Not Found
Connection: keep-alive
Content-Length: 58
Content-Type: application/json
X-Request-Id: 676426374723231814400

{"error":"not_found","request_id":"","routine":"MIOROUTE"}HTTP/1.1 404 Not Found
Connection: keep-alive
Content-Length: 58
Content-Type: application/json
X-Request-Id: 676426374723244914400

{"error":"not_found","request_id":"","routine":"MIOROUTE"}HTTP/1.1 404 Not Found
Connection: keep-alive
Content-Length: 58
Content-Type: application/json
X-Request-Id: 676426374723259814400

{"error":"not_found","request_id":"","routine":"MIOROUTE"}HTTP/1.1 404 Not Found
Connection: keep-alive
Content-Length: 58
Content-Type: application/json
X-Request-Id: 676426374723272814400

{"error":"not_found","request_id":"","routine":"MIOROUTE"}HTTP/1.1 404 Not Found
Connection: keep-alive
Content-Length: 58
Content-Type: application/json
X-Request-Id: 676426374723287814400

{"error":"not_found","request_id":"","routine":"MIOROUTE"}HTTP/1.1 404 Not Found
Connection: keep-alive
Content-Length: 58
Content-Type: application/json
X-Request-Id: 676426374723300814400

{"error":"not_found","request_id":"","routine":"MIOROUTE"}HTTP/1.1 404 Not Found
Connection: keep-alive
Content-Length: 58
Content-Type: application/json
X-Request-Id: 676426374723317714400

{"error":"not_found","request_id":"","routine":"MIOROUTE"}HTTP/1.1 404 Not Found
Connection: keep-alive
Content-Length: 58
Content-Type: application/json
X-Request-Id: 676426374723330714400

{"error":"not_found","request_id":"","routine":"MIOROUTE"}HTTP/1.1 404 Not Found
Connection: keep-alive
Content-Length: 58
Content-Type: application/json
X-Request-Id: 676426374723343414400

{"error":"not_found","request_id":"","routine":"MIOROUTE"}HTTP/1.1 404 Not Found
Connection: keep-alive
Content-Length: 58
Content-Type: application/json
X-Request-Id: 676426374723356114400

{"error":"not_found","request_id":"","routine":"MIOROUTE"}HTTP/1.1 404 Not Found
Connection: keep-alive
Content-Length: 58
Content-Type: application/json
X-Request-Id: 676426374723372014400

{"error":"not_found","request_id":"","routine":"MIOROUTE"}HTTP/1.1 404 Not Found
Connection: keep-alive
Content-Length: 58
Content-Type: application/json
X-Request-Id: 676426374723387614400

{"error":"not_found","request_id":"","routine":"MIOROUTE"}HTTP/1.1 404 Not Found
Connection: keep-alive
Content-Length: 58
Content-Type: application/json
X-Request-Id: 676426374723404314400

{"error":"not_found","request_id":"","routine":"MIOROUTE"}HTTP/1.1 404 Not Found
Connection: keep-alive
Content-Length: 58
Content-Type: application/json
X-Request-Id: 676426374723418914400

{"error":"not_found","request_id":"","routine":"MIOROUTE"}HTTP/1.1 404 Not Found
Connection: keep-alive
Content-Length: 58
Content-Type: application/json
X-Request-Id: 676426374723435114400

{"error":"not_found","request_id":"","routine":"MIOROUTE"}HTTP/1.1 404 Not Found
Connection: keep-alive
Content-Length: 58
Content-Type: application/json
X-Request-Id: 676426374723449814400

{"error":"not_found","request_id":"","routine":"MIOROUTE"}HTTP/1.1 404 Not Found
Connection: keep-alive
Content-Length: 58
Content-Type: application/json
X-Request-Id: 676426374723462614400

{"error":"not_found","request_id":"","routine":"MIOROUTE"}HTTP/1.1 404 Not Found
Connection: keep-alive
Content-Length: 58
Content-Type: application/json
X-Request-Id: 676426374723475614400

{"error":"not_found","request_id":"","routine":"MIOROUTE"}HTTP/1.1 404 Not Found
Connection: keep-alive
Content-Length: 58
Content-Type: application/json
X-Request-Id: 676426374723495614400

{"error":"not_found","request_id":"","routine":"MIOROUTE"}HTTP/1.1 404 Not Found
Connection: keep-alive
Content-Length: 58
Content-Type: application/json
X-Request-Id: 676426374723509614400

{"error":"not_found","request_id":"","routine":"MIOROUTE"}HTTP/1.1 404 Not Found
Connection: keep-alive
Content-Length: 58
Content-Type: application/json
X-Request-Id: 676426374723525314400

{"error":"not_found","request_id":"","routine":"MIOROUTE"}HTTP/1.1 404 Not Found
Connection: keep-alive
Content-Length: 58
Content-Type: application/json
X-Request-Id: 676426374723540414400

{"error":"not_found","request_id":"","routine":"MIOROUTE"}HTTP/1.1 404 Not Found
Connection: keep-alive
Content-Length: 58
Content-Type: application/json
X-Request-Id: 676426374723554614400

{"error":"not_found","request_id":"","routine":"MIOROUTE"}HTTP/1.1 404 Not Found
Connection: keep-alive
Content-Length: 58
Content-Type: application/json
X-Request-Id: 676426374723567114400

{"error":"not_found","request_id":"","routine":"MIOROUTE"}HTTP/1.1 404 Not Found
Connection: keep-alive
Content-Length: 58
Content-Type: application/json
X-Request-Id: 676426374723584014400

{"error":"not_found","request_id":"","routine":"MIOROUTE"}HTTP/1.1 404 Not Found
Connection: keep-alive
Content-Length: 58
Content-Type: application/json
X-Request-Id: 676426374723602814400

{"error":"not_found","request_id":"","routine":"MIOROUTE"}HTTP/1.1 404 Not Found
Connection: keep-alive
Content-Length: 58
Content-Type: application/json
X-Request-Id: 676426374723617114400

{"error":"not_found","request_id":"","routine":"MIOROUTE"}HTTP/1.1 404 Not Found
Connection: keep-alive
Content-Length: 58
Content-Type: application/json
X-Request-Id: 676426374723644514400

{"error":"not_found","request_id":"","routine":"MIOROUTE"}HTTP/1.1 404 Not Found
Connection: keep-alive
Content-Length: 58
Content-Type: application/json
X-Request-Id: 676426374723663214400

{"error":"not_found","request_id":"","routine":"MIOROUTE"}HTTP/1.1 404 Not Found
Connection: keep-alive
Content-Length: 58
Content-Type: application/json
X-Request-Id: 676426374723678114400

{"error":"not_found","request_id":"","routine":"MIOROUTE"}HTTP/1.1 404 Not Found
Connection: keep-alive
Content-Length: 58
Content-Type: application/json
X-Request-Id: 676426374723690314400

{"error":"not_found","request_id":"","routine":"MIOROUTE"}HTTP/1.1 404 Not Found
Connection: keep-alive
Content-Length: 58
Content-Type: application/json
X-Request-Id: 676426374723701814400

{"error":"not_found","request_id":"","routine":"MIOROUTE"}HTTP/1.1 404 Not Found
Connection: keep-alive
Content-Length: 58
Content-Type: application/json
X-Request-Id: 676426374723715614400

{"error":"not_found","request_id":"","routine":"MIOROUTE"}HTTP/1.1 404 Not Found
Connection: keep-alive
Content-Length: 58
Content-Type: application/json
X-Request-Id: 676426374723730014400

{"error":"not_found","request_id":"","routine":"MIOROUTE"}HTTP/1.1 404 Not Found
Connection: keep-alive
Content-Length: 58
Content-Type: application/json
X-Request-Id: 676426374723744314400

{"error":"not_found","request_id":"","routine":"MIOROUTE"}HTTP/1.1 404 Not Found
Connection: keep-alive
Content-Length: 58
Content-Type: application/json
X-Request-Id: 676426374723757114400

{"error":"not_found","request_id":"","routine":"MIOROUTE"}HTTP/1.1 404 Not Found
Connection: keep-alive
Content-Length: 58
Content-Type: application/json
X-Request-Id: 676426374723774514400

{"error":"not_found","request_id":"","routine":"MIOROUTE"}HTTP/1.1 404 Not Found
Connection: keep-alive
Content-Length: 58
Content-Type: application/json
X-Request-Id: 676426374723789814400

{"error":"not_found","request_id":"","routine":"MIOROUTE"}HTTP/1.1 404 Not Found
Connection: keep-alive
Content-Length: 58
Content-Type: application/json
X-Request-Id: 676426374723805214400

{"error":"not_found","request_id":"","routine":"MIOROUTE"}HTTP/1.1 404 Not Found
Connection: keep-alive
Content-Length: 58
Content-Type: application/json
X-Request-Id: 676426374723836914400

{"error":"not_found","request_id":"","routine":"MIOROUTE"}HTTP/1.1 404 Not Found
Connection: keep-alive
Content-Length: 58
Content-Type: application/json
X-Request-Id: 676426374723856114400

{"error":"not_found","request_id":"","routine":"MIOROUTE"}HTTP/1.1 404 Not Found
Connection: keep-alive
Content-Length: 58
Content-Type: application/json
X-Request-Id: 676426374723885514400

{"error":"not_found","request_id":"","routine":"MIOROUTE"}HTTP/1.1 404 Not Found
Connection: keep-alive
Content-Length: 58
Content-Type: application/json
X-Request-Id: 676426374723921314400

{"error":"not_found","request_id":"","routine":"MIOROUTE"}HTTP/1.1 404 Not Found
Connection: keep-alive
Content-Length: 58
Content-Type: application/json
X-Request-Id: 676426374723953614400

{"error":"not_found","request_id":"","routine":"MIOROUTE"}HTTP/1.1 404 Not Found
Connection: keep-alive
Content-Length: 58
Content-Type: application/json
X-Request-Id: 676426374723965914400

{"error":"not_found","request_id":"","routine":"MIOROUTE"}HTTP/1.1 404 Not Found
Connection: keep-alive
Content-Length: 58
Content-Type: application/json
X-Request-Id: 676426374723975514400

{"error":"not_found","request_id":"","routine":"MIOROUTE"}HTTP/1.1 404 Not Found
Connection: keep-alive
Content-Length: 58
Content-Type: application/json
X-Request-Id: 676426374723988214400

{"error":"not_found","request_id":"","routine":"MIOROUTE"}HTTP/1.1 404 Not Found
Connection: keep-alive
Content-Length: 58
Content-Type: application/json
X-Request-Id: 676426374723999714400

{"error":"not_found","request_id":"","routine":"MIOROUTE"}HTTP/1.1 404 Not Found
Connection: keep-alive
Content-Length: 58
Content-Type: application/json
X-Request-Id: 676426374724009314400

{"error":"not_found","request_id":"","routine":"MIOROUTE"}HTTP/1.1 404 Not Found
Connection: keep-alive
Content-Length: 58
Content-Type: application/json
X-Request-Id: 676426374724021214400

{"error":"not_found","request_id":"","routine":"MIOROUTE"}HTTP/1.1 404 Not Found
Connection: keep-alive
Content-Length: 58
Content-Type: application/json
X-Request-Id: 676426374724028514400

{"error":"not_found","request_id":"","routine":"MIOROUTE"}HTTP/1.1 404 Not Found
Connection: keep-alive
Content-Length: 58
Content-Type: application/json
X-Request-Id: 676426374724035414400

{"error":"not_found","request_id":"","routine":"MIOROUTE"}HTTP/1.1 404 Not Found
Connection: keep-alive
Content-Length: 58
Content-Type: application/json
X-Request-Id: 676426374724044514400

{"error":"not_found","request_id":"","routine":"MIOROUTE"}HTTP/1.1 404 Not Found
Connection: keep-alive
Content-Length: 58
Content-Type: application/json
X-Request-Id: 676426374724053914400

{"error":"not_found","request_id":"","routine":"MIOROUTE"}HTTP/1.1 404 Not Found
Connection: keep-alive
Content-Length: 58
Content-Type: application/json
X-Request-Id: 676426374724065214400

{"error":"not_found","request_id":"","routine":"MIOROUTE"}HTTP/1.1 404 Not Found
Connection: keep-alive
Content-Length: 58
Content-Type: application/json
X-Request-Id: 676426374724073714400

{"error":"not_found","request_id":"","routine":"MIOROUTE"}HTTP/1.1 404 Not Found
Connection: keep-alive
Content-Length: 58
Content-Type: application/json
X-Request-Id: 676426374724080514400

{"error":"not_found","request_id":"","routine":"MIOROUTE"}HTTP/1.1 404 Not Found
Connection: keep-alive
Content-Length: 58
Content-Type: application/json
X-Request-Id: 676426374724087114400

{"error":"not_found","request_id":"","routine":"MIOROUTE"}HTTP/1.1 404 Not Found
Connection: keep-alive
Content-Length: 58
Content-Type: application/json
X-Request-Id: 676426374724095614400

{"error":"not_found","request_id":"","routine":"MIOROUTE"}HTTP/1.1 404 Not Found
Connection: keep-alive
Content-Length: 58
Content-Type: application/json
X-Request-Id: 676426374724118814400

{"error":"not_found","request_id":"","routine":"MIOROUTE"}HTTP/1.1 404 Not Found
Connection: keep-alive
Content-Length: 58
Content-Type: application/json
X-Request-Id: 676426374724129614400

{"error":"not_found","request_id":"","routine":"MIOROUTE"}HTTP/1.1 404 Not Found
Connection: keep-alive
Content-Length: 58
Content-Type: application/json
X-Request-Id: 676426374724136714400

{"error":"not_found","request_id":"","routine":"MIOROUTE"}HTTP/1.1 404 Not Found
Connection: keep-alive
Content-Length: 58
Content-Type: application/json
X-Request-Id: 676426374724145814400

{"error":"not_found","request_id":"","routine":"MIOROUTE"}HTTP/1.1 404 Not Found
Connection: keep-alive
Content-Length: 58
Content-Type: application/json
X-Request-Id: 676426374724154814400

{"error":"not_found","request_id":"","routine":"MIOROUTE"}HTTP/1.1 404 Not Found
Connection: keep-alive
Content-Length: 58
Content-Type: application/json
X-Request-Id: 676426374724166114400

{"error":"not_found","request_id":"","routine":"MIOROUTE"}HTTP/1.1 404 Not Found
Connection: keep-alive
Content-Length: 58
Content-Type: application/json
X-Request-Id: 676426374724173114400

{"error":"not_found","request_id":"","routine":"MIOROUTE"}HTTP/1.1 404 Not Found
Connection: keep-alive
Content-Length: 58
Content-Type: application/json
X-Request-Id: 676426374724181914400

{"error":"not_found","request_id":"","routine":"MIOROUTE"}HTTP/1.1 404 Not Found
Connection: keep-alive
Content-Length: 58
Content-Type: application/json
X-Request-Id: 676426374724189214400

{"error":"not_found","request_id":"","routine":"MIOROUTE"}HTTP/1.1 404 Not Found
Connection: keep-alive
Content-Length: 58
Content-Type: application/json
X-Request-Id: 676426374724195814400

{"error":"not_found","request_id":"","routine":"MIOROUTE"}HTTP/1.1 404 Not Found
Connection: keep-alive
Content-Length: 58
Content-Type: application/json
X-Request-Id: 676426374724202414400

{"error":"not_found","request_id":"","routine":"MIOROUTE"}HTTP/1.1 404 Not Found
Connection: keep-alive
Content-Length: 58
Content-Type: application/json
X-Request-Id: 676426374724210914400

{"error":"not_found","request_id":"","routine":"MIOROUTE"}HTTP/1.1 404 Not Found
Connection: keep-alive
Content-Length: 58
Content-Type: application/json
X-Request-Id: 676426374724222114400

{"error":"not_found","request_id":"","routine":"MIOROUTE"}HTTP/1.1 404 Not Found
Connection: keep-alive
Content-Length: 58
Content-Type: application/json
X-Request-Id: 676426374724229014400

{"error":"not_found","request_id":"","routine":"MIOROUTE"}HTTP/1.1 404 Not Found
Connection: keep-alive
Content-Length: 58
Content-Type: application/json
X-Request-Id: 676426374724237614400

{"error":"not_found","request_id":"","routine":"MIOROUTE"}HTTP/1.1 404 Not Found
Connection: keep-alive
Content-Length: 58
Content-Type: application/json
X-Request-Id: 676426374724253414400

{"error":"not_found","request_id":"","routine":"MIOROUTE"}HTTP/1.1 404 Not Found
Connection: keep-alive
Content-Length: 58
Content-Type: application/json
X-Request-Id: 676426374724261514400

{"error":"not_found","request_id":"","routine":"MIOROUTE"}HTTP/1.1 404 Not Found
Connection: keep-alive
Content-Length: 58
Content-Type: application/json
X-Request-Id: 676426374724268114400

{"error":"not_found","request_id":"","routine":"MIOROUTE"}HTTP/1.1 404 Not Found
Connection: keep-alive
Content-Length: 58
Content-Type: application/json
X-Request-Id: 676426374724274614400

{"error":"not_found","request_id":"","routine":"MIOROUTE"}HTTP/1.1 404 Not Found
Connection: keep-alive
Content-Length: 58
Content-Type: application/json
X-Request-Id: 676426374724283314400

{"error":"not_found","request_id":"","routine":"MIOROUTE"}HTTP/1.1 404 Not Found
Connection: keep-alive
Content-Length: 58
Content-Type: application/json
X-Request-Id: 676426374724294614400

{"error":"not_found","request_id":"","routine":"MIOROUTE"}HTTP/1.1 404 Not Found
Connection: keep-alive
Content-Length: 58
Content-Type: application/json
X-Request-Id: 676426374724301314400

{"error":"not_found","request_id":"","routine":"MIOROUTE"}HTTP/1.1 404 Not Found
Connection: keep-alive
Content-Length: 58
Content-Type: application/json
X-Request-Id: 676426374724310114400

{"error":"not_found","request_id":"","routine":"MIOROUTE"}HTTP/1.1 404 Not Found
Connection: keep-alive
Content-Length: 58
Content-Type: application/json
X-Request-Id: 676426374724317314400

{"error":"not_found","request_id":"","routine":"MIOROUTE"}HTTP/1.1 404 Not Found
Connection: keep-alive
Content-Length: 58
Content-Type: application/json
X-Request-Id: 676426374724323714400

{"error":"not_found","request_id":"","routine":"MIOROUTE"}HTTP/1.1 404 Not Found
Connection: keep-alive
Content-Length: 58
Content-Type: application/json
X-Request-Id: 676426374724332514400

{"error":"not_found","request_id":"","routine":"MIOROUTE"}HTTP/1.1 404 Not Found
Connection: keep-alive
Content-Length: 58
Content-Type: application/json
X-Request-Id: 676426374724339514400

{"error":"not_found","request_id":"","routine":"MIOROUTE"}HTTP/1.1 404 Not Found
Connection: keep-alive
Content-Length: 58
Content-Type: application/json
X-Request-Id: 676426374724350314400

{"error":"not_found","request_id":"","routine":"MIOROUTE"}HTTP/1.1 404 Not Found
Connection: keep-alive
Content-Length: 58
Content-Type: application/json
X-Request-Id: 676426374724365414400

{"error":"not_found","request_id":"","routine":"MIOROUTE"}HTTP/1.1 404 Not Found
Connection: keep-alive
Content-Length: 58
Content-Type: application/json
X-Request-Id: 676426374724379214400

{"error":"not_found","request_id":"","routine":"MIOROUTE"}HTTP/1.1 404 Not Found
Connection: keep-alive
Content-Length: 58
Content-Type: application/json
X-Request-Id: 676426374724387314400

{"error":"not_found","request_id":"","routine":"MIOROUTE"}HTTP/1.1 404 Not Found
Connection: keep-alive
Content-Length: 58
Content-Type: application/json
X-Request-Id: 676426374724403214400

{"error":"not_found","request_id":"","routine":"MIOROUTE"}HTTP/1.1 404 Not Found
Connection: keep-alive
Content-Length: 58
Content-Type: application/json
X-Request-Id: 676426374724410214400

{"error":"not_found","request_id":"","routine":"MIOROUTE"}HTTP/1.1 404 Not Found
Connection: keep-alive
Content-Length: 58
Content-Type: application/json
X-Request-Id: 676426374724427814400

{"error":"not_found","request_id":"","routine":"MIOROUTE"}HTTP/1.1 404 Not Found
Connection: keep-alive
Content-Length: 58
Content-Type: application/json
X-Request-Id: 676426374724438214400

{"error":"not_found","request_id":"","routine":"MIOROUTE"}HTTP/1.1 404 Not Found
Connection: keep-alive
Content-Length: 58
Content-Type: application/json
X-Request-Id: 676426374724447314400

{"error":"not_found","request_id":"","routine":"MIOROUTE"}HTTP/1.1 404 Not Found
Connection: keep-alive
Content-Length: 58
Content-Type: application/json
X-Request-Id: 676426374724454714400

{"error":"not_found","request_id":"","routine":"MIOROUTE"}HTTP/1.1 404 Not Found
Connection: keep-alive
Content-Length: 58
Content-Type: application/json
X-Request-Id: 676426374724466514400

{"error":"not_found","request_id":"","routine":"MIOROUTE"}HTTP/1.1 404 Not Found
Connection: keep-alive
Content-Length: 58
Content-Type: application/json
X-Request-Id: 676426374724481514400

{"error":"not_found","request_id":"","routine":"MIOROUTE"}HTTP/1.1 404 Not Found
Connection: keep-alive
Content-Length: 58
Content-Type: application/json
X-Request-Id: 676426374724519814400

{"error":"not_found","request_id":"","routine":"MIOROUTE"}HTTP/1.1 404 Not Found
Connection: keep-alive
Content-Length: 58
Content-Type: application/json
X-Request-Id: 676426374724550914400

{"error":"not_found","request_id":"","routine":"MIOROUTE"}HTTP/1.1 404 Not Found
Connection: keep-alive
Content-Length: 58
Content-Type: application/json
X-Request-Id: 676426374724568314400

{"error":"not_found","request_id":"","routine":"MIOROUTE"}HTTP/1.1 404 Not Found
Connection: keep-alive
Content-Length: 58
Content-Type: application/json
X-Request-Id: 676426374724584514400

{"error":"not_found","request_id":"","routine":"MIOROUTE"}HTTP/1.1 404 Not Found
Connection: keep-alive
Content-Length: 58
Content-Type: application/json
X-Request-Id: 676426374724599814400

{"error":"not_found","request_id":"","routine":"MIOROUTE"}HTTP/1.1 404 Not Found
Connection: keep-alive
Content-Length: 58
Content-Type: application/json
X-Request-Id: 676426374724613414400

{"error":"not_found","request_id":"","routine":"MIOROUTE"}HTTP/1.1 404 Not Found
Connection: keep-alive
Content-Length: 58
Content-Type: application/json
X-Request-Id: 676426374724628814400

{"error":"not_found","request_id":"","routine":"MIOROUTE"}HTTP/1.1 404 Not Found
Connection: keep-alive
Content-Length: 58
Content-Type: application/json
X-Request-Id: 676426374724643814400

{"error":"not_found","request_id":"","routine":"MIOROUTE"}HTTP/1.1 404 Not Found
Connection: keep-alive
Content-Length: 58
Content-Type: application/json
X-Request-Id: 676426374724657114400

{"error":"not_found","request_id":"","routine":"MIOROUTE"}HTTP/1.1 404 Not Found
Connection: keep-alive
Content-Length: 58
Content-Type: application/json
X-Request-Id: 676426374724672414400

{"error":"not_found","request_id":"","routine":"MIOROUTE"}HTTP/1.1 404 Not Found
Connection: keep-alive
Content-Length: 58
Content-Type: application/json
X-Request-Id: 676426374724687414400

{"error":"not_found","request_id":"","routine":"MIOROUTE"}HTTP/1.1 404 Not Found
Connection: keep-alive
Content-Length: 58
Content-Type: application/json
X-Request-Id: 676426374724700014400

{"error":"not_found","request_id":"","routine":"MIOROUTE"}HTTP/1.1 404 Not Found
Connection: keep-alive
Content-Length: 58
Content-Type: application/json
X-Request-Id: 676426374724712514400

{"error":"not_found","request_id":"","routine":"MIOROUTE"}HTTP/1.1 404 Not Found
Connection: keep-alive
Content-Length: 58
Content-Type: application/json
X-Request-Id: 676426374724741214400

{"error":"not_found","request_id":"","routine":"MIOROUTE"}HTTP/1.1 404 Not Found
Connection: keep-alive
Content-Length: 58
Content-Type: application/json
X-Request-Id: 676426374724755914400

{"error":"not_found","request_id":"","routine":"MIOROUTE"}HTTP/1.1 404 Not Found
Connection: keep-alive
Content-Length: 58
Content-Type: application/json
X-Request-Id: 676426374724767914400

{"error":"not_found","request_id":"","routine":"MIOROUTE"}HTTP/1.1 404 Not Found
Connection: keep-alive
Content-Length: 58
Content-Type: application/json
X-Request-Id: 676426374724775814400

{"error":"not_found","request_id":"","routine":"MIOROUTE"}HTTP/1.1 404 Not Found
Connection: keep-alive
Content-Length: 58
Content-Type: application/json
X-Request-Id: 676426374724784714400

{"error":"not_found","request_id":"","routine":"MIOROUTE"}HTTP/1.1 404 Not Found
Connection: keep-alive
Content-Length: 58
Content-Type: application/json
X-Request-Id: 676426374724800914400

{"error":"not_found","request_id":"","routine":"MIOROUTE"}HTTP/1.1 404 Not Found
Connection: keep-alive
Content-Length: 58
Content-Type: application/json
X-Request-Id: 676426374724813514400

{"error":"not_found","request_id":"","routine":"MIOROUTE"}HTTP/1.1 404 Not Found
Connection: keep-alive
Content-Length: 58
Content-Type: application/json
X-Request-Id: 676426374724820714400

{"error":"not_found","request_id":"","routine":"MIOROUTE"}HTTP/1.1 404 Not Found
Connection: keep-alive
Content-Length: 58
Content-Type: application/json
X-Request-Id: 676426374724827614400

{"error":"not_found","request_id":"","routine":"MIOROUTE"}HTTP/1.1 404 Not Found
Connection: keep-alive
Content-Length: 58
Content-Type: application/json
X-Request-Id: 676426374724836614400

{"error":"not_found","request_id":"","routine":"MIOROUTE"}HTTP/1.1 404 Not Found
Connection: keep-alive
Content-Length: 58
Content-Type: application/json
X-Request-Id: 676426374724843914400

{"error":"not_found","request_id":"","routine":"MIOROUTE"}HTTP/1.1 404 Not Found
Connection: keep-alive
Content-Length: 58
Content-Type: application/json
X-Request-Id: 676426374724850714400

{"error":"not_found","request_id":"","routine":"MIOROUTE"}HTTP/1.1 404 Not Found
Connection: keep-alive
Content-Length: 58
Content-Type: application/json
X-Request-Id: 676426374724857214400

{"error":"not_found","request_id":"","routine":"MIOROUTE"}HTTP/1.1 404 Not Found
Connection: keep-alive
Content-Length: 58
Content-Type: application/json
X-Request-Id: 676426374724877714400

{"error":"not_found","request_id":"","routine":"MIOROUTE"}HTTP/1.1 404 Not Found
Connection: keep-alive
Content-Length: 58
Content-Type: application/json
X-Request-Id: 676426374724889014400

{"error":"not_found","request_id":"","routine":"MIOROUTE"}HTTP/1.1 404 Not Found
Connection: keep-alive
Content-Length: 58
Content-Type: application/json
X-Request-Id: 676426374724898314400

{"error":"not_found","request_id":"","routine":"MIOROUTE"}HTTP/1.1 404 Not Found
Connection: keep-alive
Content-Length: 58
Content-Type: application/json
X-Request-Id: 676426374724907714400

{"error":"not_found","request_id":"","routine":"MIOROUTE"}HTTP/1.1 404 Not Found
Connection: keep-alive
Content-Length: 58
Content-Type: application/json
X-Request-Id: 676426374724920614400

{"error":"not_found","request_id":"","routine":"MIOROUTE"}HTTP/1.1 404 Not Found
Connection: keep-alive
Content-Length: 58
Content-Type: application/json
X-Request-Id: 676426374724927514400

{"error":"not_found","request_id":"","routine":"MIOROUTE"}HTTP/1.1 404 Not Found
Connection: keep-alive
Content-Length: 58
Content-Type: application/json
X-Request-Id: 676426374724937714400

{"error":"not_found","request_id":"","routine":"MIOROUTE"}HTTP/1.1 404 Not Found
Connection: keep-alive
Content-Length: 58
Content-Type: application/json
X-Request-Id: 676426374724947014400

{"error":"not_found","request_id":"","routine":"MIOROUTE"}HTTP/1.1 404 Not Found
Connection: keep-alive
Content-Length: 58
Content-Type: application/json
X-Request-Id: 676426374724956114400

{"error":"not_found","request_id":"","routine":"MIOROUTE"}HTTP/1.1 404 Not Found
Connection: keep-alive
Content-Length: 58
Content-Type: application/json
X-Request-Id: 676426374724971214400

{"error":"not_found","request_id":"","routine":"MIOROUTE"}HTTP/1.1 404 Not Found
Connection: keep-alive
Content-Length: 58
Content-Type: application/json
X-Request-Id: 676426374724985514400

{"error":"not_found","request_id":"","routine":"MIOROUTE"}HTTP/1.1 404 Not Found
Connection: keep-alive
Content-Length: 58
Content-Type: application/json
X-Request-Id: 676426374724998014400

{"error":"not_found","request_id":"","routine":"MIOROUTE"}HTTP/1.1 404 Not Found
Connection: keep-alive
Content-Length: 58
Content-Type: application/json
X-Request-Id: 676426374725009414400

{"error":"not_found","request_id":"","routine":"MIOROUTE"}HTTP/1.1 404 Not Found
Connection: keep-alive
Content-Length: 58
Content-Type: application/json
X-Request-Id: 676426374725020814400

{"error":"not_found","request_id":"","routine":"MIOROUTE"}HTTP/1.1 404 Not Found
Connection: keep-alive
Content-Length: 58
Content-Type: application/json
X-Request-Id: 676426374725033814400

{"error":"not_found","request_id":"","routine":"MIOROUTE"}HTTP/1.1 404 Not Found
Connection: keep-alive
Content-Length: 58
Content-Type: application/json
X-Request-Id: 676426374725044814400

{"error":"not_found","request_id":"","routine":"MIOROUTE"}HTTP/1.1 404 Not Found
Connection: keep-alive
Content-Length: 58
Content-Type: application/json
X-Request-Id: 676426374725058214400

{"error":"not_found","request_id":"","routine":"MIOROUTE"}HTTP/1.1 404 Not Found
Connection: keep-alive
Content-Length: 58
Content-Type: application/json
X-Request-Id: 676426374725078614400

{"error":"not_found","request_id":"","routine":"MIOROUTE"}HTTP/1.1 404 Not Found
Connection: keep-alive
Content-Length: 58
Content-Type: application/json
X-Request-Id: 676426374725094714400

{"error":"not_found","request_id":"","routine":"MIOROUTE"}HTTP/1.1 404 Not Found
Connection: keep-alive
Content-Length: 58
Content-Type: application/json
X-Request-Id: 676426374725108814400

{"error":"not_found","request_id":"","routine":"MIOROUTE"}HTTP/1.1 404 Not Found
Connection: keep-alive
Content-Length: 58
Content-Type: application/json
X-Request-Id: 676426374725125114400

{"error":"not_found","request_id":"","routine":"MIOROUTE"}HTTP/1.1 404 Not Found
Connection: keep-alive
Content-Length: 58
Content-Type: application/json
X-Request-Id: 676426374725140714400

{"error":"not_found","request_id":"","routine":"MIOROUTE"}HTTP/1.1 404 Not Found
Connection: keep-alive
Content-Length: 58
Content-Type: application/json
X-Request-Id: 676426374725158114400

{"error":"not_found","request_id":"","routine":"MIOROUTE"}HTTP/1.1 404 Not Found
Connection: keep-alive
Content-Length: 58
Content-Type: application/json
X-Request-Id: 676426374725174014400

{"error":"not_found","request_id":"","routine":"MIOROUTE"}HTTP/1.1 404 Not Found
Connection: keep-alive
Content-Length: 58
Content-Type: application/json
X-Request-Id: 676426374725190514400

{"error":"not_found","request_id":"","routine":"MIOROUTE"}HTTP/1.1 404 Not Found
Connection: keep-alive
Content-Length: 58
Content-Type: application/json
X-Request-Id: 676426374725210714400

{"error":"not_found","request_id":"","routine":"MIOROUTE"}HTTP/1.1 404 Not Found
Connection: keep-alive
Content-Length: 58
Content-Type: application/json
X-Request-Id: 676426374725226914400

{"error":"not_found","request_id":"","routine":"MIOROUTE"}HTTP/1.1 404 Not Found
Connection: keep-alive
Content-Length: 58
Content-Type: application/json
X-Request-Id: 676426374725242414400

{"error":"not_found","request_id":"","routine":"MIOROUTE"}HTTP/1.1 404 Not Found
Connection: keep-alive
Content-Length: 58
Content-Type: application/json
X-Request-Id: 676426374725257714400

{"error":"not_found","request_id":"","routine":"MIOROUTE"}HTTP/1.1 404 Not Found
Connection: keep-alive
Content-Length: 58
Content-Type: application/json
X-Request-Id: 676426374725272814400

{"error":"not_found","request_id":"","routine":"MIOROUTE"}HTTP/1.1 404 Not Found
Connection: keep-alive
Content-Length: 58
Content-Type: application/json
X-Request-Id: 676426374725288514400

{"error":"not_found","request_id":"","routine":"MIOROUTE"}HTTP/1.1 404 Not Found
Connection: keep-alive
Content-Length: 58
Content-Type: application/json
X-Request-Id: 676426374725303714400

{"error":"not_found","request_id":"","routine":"MIOROUTE"}HTTP/1.1 404 Not Found
Connection: keep-alive
Content-Length: 58
Content-Type: application/json
X-Request-Id: 676426374725332714400

{"error":"not_found","request_id":"","routine":"MIOROUTE"}HTTP/1.1 404 Not Found
Connection: keep-alive
Content-Length: 58
Content-Type: application/json
X-Request-Id: 676426374725352014400

{"error":"not_found","request_id":"","routine":"MIOROUTE"}HTTP/1.1 404 Not Found
Connection: keep-alive
Content-Length: 58
Content-Type: application/json
X-Request-Id: 676426374725366714400

{"error":"not_found","request_id":"","routine":"MIOROUTE"}HTTP/1.1 404 Not Found
Connection: keep-alive
Content-Length: 58
Content-Type: application/json
X-Request-Id: 676426374725384614400

{"error":"not_found","request_id":"","routine":"MIOROUTE"}HTTP/1.1 404 Not Found
Connection: keep-alive
Content-Length: 58
Content-Type: application/json
X-Request-Id: 676426374725400414400

{"error":"not_found","request_id":"","routine":"MIOROUTE"}HTTP/1.1 404 Not Found
Connection: keep-alive
Content-Length: 58
Content-Type: application/json
X-Request-Id: 676426374725414614400

{"error":"not_found","request_id":"","routine":"MIOROUTE"}HTTP/1.1 404 Not Found
Connection: keep-alive
Content-Length: 58
Content-Type: application/json
X-Request-Id: 676426374725432614400

{"error":"not_found","request_id":"","routine":"MIOROUTE"}HTTP/1.1 404 Not Found
Connection: keep-alive
Content-Length: 58
Content-Type: application/json
X-Request-Id: 676426374725448214400

{"error":"not_found","request_id":"","routine":"MIOROUTE"}HTTP/1.1 404 Not Found
Connection: keep-alive
Content-Length: 58
Content-Type: application/json
X-Request-Id: 676426374725462614400

{"error":"not_found","request_id":"","routine":"MIOROUTE"}HTTP/1.1 404 Not Found
Connection: keep-alive
Content-Length: 58
Content-Type: application/json
X-Request-Id: 676426374725478814400

{"error":"not_found","request_id":"","routine":"MIOROUTE"}HTTP/1.1 404 Not Found
Connection: keep-alive
Content-Length: 58
Content-Type: application/json
X-Request-Id: 676426374725494314400

{"error":"not_found","request_id":"","routine":"MIOROUTE"}HTTP/1.1 404 Not Found
Connection: keep-alive
Content-Length: 58
Content-Type: application/json
X-Request-Id: 676426374725510414400

{"error":"not_found","request_id":"","routine":"MIOROUTE"}HTTP/1.1 404 Not Found
Connection: keep-alive
Content-Length: 58
Content-Type: application/json
X-Request-Id: 676426374725527214400

{"error":"not_found","request_id":"","routine":"MIOROUTE"}HTTP/1.1 404 Not Found
Connection: keep-alive
Content-Length: 58
Content-Type: application/json
X-Request-Id: 676426374725542814400

{"error":"not_found","request_id":"","routine":"MIOROUTE"}HTTP/1.1 404 Not Found
Connection: keep-alive
Content-Length: 58
Content-Type: application/json
X-Request-Id: 676426374725559114400

{"error":"not_found","request_id":"","routine":"MIOROUTE"}HTTP/1.1 404 Not Found
Connection: keep-alive
Content-Length: 58
Content-Type: application/json
X-Request-Id: 676426374725573914400

{"error":"not_found","request_id":"","routine":"MIOROUTE"}HTTP/1.1 404 Not Found
Connection: keep-alive
Content-Length: 58
Content-Type: application/json
X-Request-Id: 676426374725590214400

{"error":"not_found","request_id":"","routine":"MIOROUTE"}HTTP/1.1 404 Not Found
Connection: keep-alive
Content-Length: 58
Content-Type: application/json
X-Request-Id: 676426374725610014400

{"error":"not_found","request_id":"","routine":"MIOROUTE"}HTTP/1.1 404 Not Found
Connection: keep-alive
Content-Length: 58
Content-Type: application/json
X-Request-Id: 676426374725625314400

{"error":"not_found","request_id":"","routine":"MIOROUTE"}HTTP/1.1 404 Not Found
Connection: keep-alive
Content-Length: 58
Content-Type: application/json
X-Request-Id: 676426374725640914400

{"error":"not_found","request_id":"","routine":"MIOROUTE"}HTTP/1.1 404 Not Found
Connection: keep-alive
Content-Length: 58
Content-Type: application/json
X-Request-Id: 676426374725656214400

{"error":"not_found","request_id":"","routine":"MIOROUTE"}HTTP/1.1 404 Not Found
Connection: keep-alive
Content-Length: 58
Content-Type: application/json
X-Request-Id: 676426374725670414400

{"error":"not_found","request_id":"","routine":"MIOROUTE"}HTTP/1.1 404 Not Found
Connection: keep-alive
Content-Length: 58
Content-Type: application/json
X-Request-Id: 676426374725686314400

{"error":"not_found","request_id":"","routine":"MIOROUTE"}HTTP/1.1 404 Not Found
Connection: keep-alive
Content-Length: 58
Content-Type: application/json
X-Request-Id: 676426374725704414400

{"error":"not_found","request_id":"","routine":"MIOROUTE"}HTTP/1.1 404 Not Found
Connection: keep-alive
Content-Length: 58
Content-Type: application/json
X-Request-Id: 676426374725718714400

{"error":"not_found","request_id":"","routine":"MIOROUTE"}HTTP/1.1 404 Not Found
Connection: keep-alive
Content-Length: 58
Content-Type: application/json
X-Request-Id: 676426374725734514400

{"error":"not_found","request_id":"","routine":"MIOROUTE"}HTTP/1.1 404 Not Found
Connection: keep-alive
Content-Length: 58
Content-Type: application/json
X-Request-Id: 676426374725749914400

{"error":"not_found","request_id":"","routine":"MIOROUTE"}HTTP/1.1 404 Not Found
Connection: keep-alive
Content-Length: 58
Content-Type: application/json
X-Request-Id: 676426374725764214400

{"error":"not_found","request_id":"","routine":"MIOROUTE"}HTTP/1.1 404 Not Found
Connection: keep-alive
Content-Length: 58
Content-Type: application/json
X-Request-Id: 676426374725779914400

{"error":"not_found","request_id":"","routine":"MIOROUTE"}HTTP/1.1 404 Not Found
Connection: keep-alive
Content-Length: 58
Content-Type: application/json
X-Request-Id: 676426374725800014400

{"error":"not_found","request_id":"","routine":"MIOROUTE"}HTTP/1.1 404 Not Found
Connection: keep-alive
Content-Length: 58
Content-Type: application/json
X-Request-Id: 676426374725814814400

{"error":"not_found","request_id":"","routine":"MIOROUTE"}HTTP/1.1 404 Not Found
Connection: keep-alive
Content-Length: 58
Content-Type: application/json
X-Request-Id: 676426374725830114400

{"error":"not_found","request_id":"","routine":"MIOROUTE"}HTTP/1.1 404 Not Found
Connection: keep-alive
Content-Length: 58
Content-Type: application/json
X-Request-Id: 676426374725845514400

{"error":"not_found","request_id":"","routine":"MIOROUTE"}HTTP/1.1 404 Not Found
Connection: keep-alive
Content-Length: 58
Content-Type: application/json
X-Request-Id: 676426374725873914400

{"error":"not_found","request_id":"","routine":"MIOROUTE"}HTTP/1.1 404 Not Found
Connection: keep-alive
Content-Length: 58
Content-Type: application/json
X-Request-Id: 676426374725892614400

{"error":"not_found","request_id":"","routine":"MIOROUTE"}HTTP/1.1 404 Not Found
Connection: keep-alive
Content-Length: 58
Content-Type: application/json
X-Request-Id: 676426374725908514400

{"error":"not_found","request_id":"","routine":"MIOROUTE"}HTTP/1.1 404 Not Found
Connection: keep-alive
Content-Length: 58
Content-Type: application/json
X-Request-Id: 676426374725922814400

{"error":"not_found","request_id":"","routine":"MIOROUTE"}HTTP/1.1 404 Not Found
Connection: keep-alive
Content-Length: 58
Content-Type: application/json
X-Request-Id: 676426374725939014400

{"error":"not_found","request_id":"","routine":"MIOROUTE"}HTTP/1.1 404 Not Found
Connection: keep-alive
Content-Length: 58
Content-Type: application/json
X-Request-Id: 676426374725955214400

{"error":"not_found","request_id":"","routine":"MIOROUTE"}HTTP/1.1 404 Not Found
Connection: keep-alive
Content-Length: 58
Content-Type: application/json
X-Request-Id: 676426374725971114400

{"error":"not_found","request_id":"","routine":"MIOROUTE"}HTTP/1.1 404 Not Found
Connection: keep-alive
Content-Length: 58
Content-Type: application/json
X-Request-Id: 676426374725987114400

{"error":"not_found","request_id":"","routine":"MIOROUTE"}HTTP/1.1 404 Not Found
Connection: keep-alive
Content-Length: 58
Content-Type: application/json
X-Request-Id: 676426374726006214400

{"error":"not_found","request_id":"","routine":"MIOROUTE"}HTTP/1.1 404 Not Found
Connection: keep-alive
Content-Length: 58
Content-Type: application/json
X-Request-Id: 676426374726020514400

{"error":"not_found","request_id":"","routine":"MIOROUTE"}HTTP/1.1 404 Not Found
Connection: keep-alive
Content-Length: 58
Content-Type: application/json
X-Request-Id: 676426374726036514400

{"error":"not_found","request_id":"","routine":"MIOROUTE"}HTTP/1.1 404 Not Found
Connection: keep-alive
Content-Length: 58
Content-Type: application/json
X-Request-Id: 676426374726053614400

{"error":"not_found","request_id":"","routine":"MIOROUTE"}HTTP/1.1 404 Not Found
Connection: keep-alive
Content-Length: 58
Content-Type: application/json
X-Request-Id: 676426374726071114400

{"error":"not_found","request_id":"","routine":"MIOROUTE"}HTTP/1.1 404 Not Found
Connection: keep-alive
Content-Length: 58
Content-Type: application/json
X-Request-Id: 676426374726087014400

{"error":"not_found","request_id":"","routine":"MIOROUTE"}HTTP/1.1 404 Not Found
Connection: keep-alive
Content-Length: 58
Content-Type: application/json
X-Request-Id: 676426374726102214400

{"error":"not_found","request_id":"","routine":"MIOROUTE"}HTTP/1.1 404 Not Found
Connection: keep-alive
Content-Length: 58
Content-Type: application/json
X-Request-Id: 676426374726116714400

{"error":"not_found","request_id":"","routine":"MIOROUTE"}HTTP/1.1 404 Not Found
Connection: keep-alive
Content-Length: 58
Content-Type: application/json
X-Request-Id: 676426374726132014400

{"error":"not_found","request_id":"","routine":"MIOROUTE"}HTTP/1.1 404 Not Found
Connection: keep-alive
Content-Length: 58
Content-Type: application/json
X-Request-Id: 676426374726153114400

{"error":"not_found","request_id":"","routine":"MIOROUTE"}HTTP/1.1 404 Not Found
Connection: keep-alive
Content-Length: 58
Content-Type: application/json
X-Request-Id: 676426374726169214400

{"error":"not_found","request_id":"","routine":"MIOROUTE"}HTTP/1.1 404 Not Found
Connection: keep-alive
Content-Length: 58
Content-Type: application/json
X-Request-Id: 676426374726184314400

{"error":"not_found","request_id":"","routine":"MIOROUTE"}HTTP/1.1 404 Not Found
Connection: keep-alive
Content-Length: 58
Content-Type: application/json
X-Request-Id: 676426374726199614400

{"error":"not_found","request_id":"","routine":"MIOROUTE"}HTTP/1.1 404 Not Found
Connection: keep-alive
Content-Length: 58
Content-Type: application/json
X-Request-Id: 676426374726214614400

{"error":"not_found","request_id":"","routine":"MIOROUTE"}HTTP/1.1 404 Not Found
Connection: keep-alive
Content-Length: 58
Content-Type: application/json
X-Request-Id: 676426374726228714400

{"error":"not_found","request_id":"","routine":"MIOROUTE"}HTTP/1.1 404 Not Found
Connection: keep-alive
Content-Length: 58
Content-Type: application/json
X-Request-Id: 676426374726246314400

{"error":"not_found","request_id":"","routine":"MIOROUTE"}HTTP/1.1 404 Not Found
Connection: keep-alive
Content-Length: 58
Content-Type: application/json
X-Request-Id: 676426374726261614400

{"error":"not_found","request_id":"","routine":"MIOROUTE"}HTTP/1.1 404 Not Found
Connection: keep-alive
Content-Length: 58
Content-Type: application/json
X-Request-Id: 676426374726275614400

{"error":"not_found","request_id":"","routine":"MIOROUTE"}HTTP/1.1 404 Not Found
Connection: keep-alive
Content-Length: 58
Content-Type: application/json
X-Request-Id: 676426374726291314400

{"error":"not_found","request_id":"","routine":"MIOROUTE"}HTTP/1.1 404 Not Found
Connection: keep-alive
Content-Length: 58
Content-Type: application/json
X-Request-Id: 676426374726306414400

{"error":"not_found","request_id":"","routine":"MIOROUTE"}HTTP/1.1 404 Not Found
Connection: keep-alive
Content-Length: 58
Content-Type: application/json
X-Request-Id: 676426374726321014400

{"error":"not_found","request_id":"","routine":"MIOROUTE"}HTTP/1.1 404 Not Found
Connection: keep-alive
Content-Length: 58
Content-Type: application/json
X-Request-Id: 676426374726337514400

{"error":"not_found","request_id":"","routine":"MIOROUTE"}HTTP/1.1 404 Not Found
Connection: keep-alive
Content-Length: 58
Content-Type: application/json
X-Request-Id: 676426374726353814400

{"error":"not_found","request_id":"","routine":"MIOROUTE"}HTTP/1.1 404 Not Found
Connection: keep-alive
Content-Length: 58
Content-Type: application/json
X-Request-Id: 676426374726368714400

{"error":"not_found","request_id":"","routine":"MIOROUTE"}HTTP/1.1 404 Not Found
Connection: keep-alive
Content-Length: 58
Content-Type: application/json
X-Request-Id: 676426374726400514400

{"error":"not_found","request_id":"","routine":"MIOROUTE"}HTTP/1.1 404 Not Found
Connection: keep-alive
Content-Length: 58
Content-Type: application/json
X-Request-Id: 676426374726420014400

{"error":"not_found","request_id":"","routine":"MIOROUTE"}HTTP/1.1 404 Not Found
Connection: keep-alive
Content-Length: 58
Content-Type: application/json
X-Request-Id: 676426374726435414400

{"error":"not_found","request_id":"","routine":"MIOROUTE"}HTTP/1.1 404 Not Found
Connection: keep-alive
Content-Length: 58
Content-Type: application/json
X-Request-Id: 676426374726450214400

{"error":"not_found","request_id":"","routine":"MIOROUTE"}HTTP/1.1 404 Not Found
Connection: keep-alive
Content-Length: 58
Content-Type: application/json
X-Request-Id: 676426374726468114400

{"error":"not_found","request_id":"","routine":"MIOROUTE"}HTTP/1.1 404 Not Found
Connection: keep-alive
Content-Length: 58
Content-Type: application/json
X-Request-Id: 676426374726484114400

{"error":"not_found","request_id":"","routine":"MIOROUTE"}HTTP/1.1 404 Not Found
Connection: keep-alive
Content-Length: 58
Content-Type: application/json
X-Request-Id: 676426374726498714400

{"error":"not_found","request_id":"","routine":"MIOROUTE"}HTTP/1.1 404 Not Found
Connection: keep-alive
Content-Length: 58
Content-Type: application/json
X-Request-Id: 676426374726513614400

{"error":"not_found","request_id":"","routine":"MIOROUTE"}HTTP/1.1 404 Not Found
Connection: keep-alive
Content-Length: 58
Content-Type: application/json
X-Request-Id: 676426374726520914400

{"error":"not_found","request_id":"","routine":"MIOROUTE"}HTTP/1.1 404 Not Found
Connection: keep-alive
Content-Length: 58
Content-Type: application/json
X-Request-Id: 676426374726527714400

{"error":"not_found","request_id":"","routine":"MIOROUTE"}HTTP/1.1 404 Not Found
Connection: keep-alive
Content-Length: 58
Content-Type: application/json
X-Request-Id: 676426374726534414400

{"error":"not_found","request_id":"","routine":"MIOROUTE"}HTTP/1.1 404 Not Found
Connection: keep-alive
Content-Length: 58
Content-Type: application/json
X-Request-Id: 676426374726543314400

{"error":"not_found","request_id":"","routine":"MIOROUTE"}HTTP/1.1 404 Not Found
Connection: keep-alive
Content-Length: 58
Content-Type: application/json
X-Request-Id: 676426374726552614400

{"error":"not_found","request_id":"","routine":"MIOROUTE"}HTTP/1.1 404 Not Found
Connection: keep-alive
Content-Length: 58
Content-Type: application/json
X-Request-Id: 676426374726563914400

{"error":"not_found","request_id":"","routine":"MIOROUTE"}HTTP/1.1 404 Not Found
Connection: keep-alive
Content-Length: 58
Content-Type: application/json
X-Request-Id: 676426374726570814400

{"error":"not_found","request_id":"","routine":"MIOROUTE"}HTTP/1.1 404 Not Found
Connection: keep-alive
Content-Length: 58
Content-Type: application/json
X-Request-Id: 676426374726577314400

{"error":"not_found","request_id":"","routine":"MIOROUTE"}HTTP/1.1 404 Not Found
Connection: keep-alive
Content-Length: 58
Content-Type: application/json
X-Request-Id: 676426374726586114400

{"error":"not_found","request_id":"","routine":"MIOROUTE"}HTTP/1.1 404 Not Found
Connection: keep-alive
Content-Length: 58
Content-Type: application/json
X-Request-Id: 676426374726597214400

{"error":"not_found","request_id":"","routine":"MIOROUTE"}HTTP/1.1 404 Not Found
Connection: keep-alive
Content-Length: 58
Content-Type: application/json
X-Request-Id: 676426374726608314400

{"error":"not_found","request_id":"","routine":"MIOROUTE"}HTTP/1.1 404 Not Found
Connection: keep-alive
Content-Length: 58
Content-Type: application/json
X-Request-Id: 676426374726615114400

{"error":"not_found","request_id":"","routine":"MIOROUTE"}HTTP/1.1 404 Not Found
Connection: keep-alive
Content-Length: 58
Content-Type: application/json
X-Request-Id: 676426374726623614400

{"error":"not_found","request_id":"","routine":"MIOROUTE"}HTTP/1.1 404 Not Found
Connection: keep-alive
Content-Length: 58
Content-Type: application/json
X-Request-Id: 676426374726635914400

{"error":"not_found","request_id":"","routine":"MIOROUTE"}HTTP/1.1 404 Not Found
Connection: keep-alive
Content-Length: 58
Content-Type: application/json
X-Request-Id: 676426374726642714400

{"error":"not_found","request_id":"","routine":"MIOROUTE"}HTTP/1.1 404 Not Found
Connection: keep-alive
Content-Length: 58
Content-Type: application/json
X-Request-Id: 676426374726649314400

{"error":"not_found","request_id":"","routine":"MIOROUTE"}HTTP/1.1 404 Not Found
Connection: keep-alive
Content-Length: 58
Content-Type: application/json
X-Request-Id: 676426374726658014400

{"error":"not_found","request_id":"","routine":"MIOROUTE"}HTTP/1.1 404 Not Found
Connection: keep-alive
Content-Length: 58
Content-Type: application/json
X-Request-Id: 676426374726665114400

{"error":"not_found","request_id":"","routine":"MIOROUTE"}HTTP/1.1 404 Not Found
Connection: keep-alive
Content-Length: 58
Content-Type: application/json
X-Request-Id: 676426374726671514400

{"error":"not_found","request_id":"","routine":"MIOROUTE"}HTTP/1.1 404 Not Found
Connection: keep-alive
Content-Length: 58
Content-Type: application/json
X-Request-Id: 676426374726679814400

{"error":"not_found","request_id":"","routine":"MIOROUTE"}HTTP/1.1 404 Not Found
Connection: keep-alive
Content-Length: 58
Content-Type: application/json
X-Request-Id: 676426374726690014400

{"error":"not_found","request_id":"","routine":"MIOROUTE"}HTTP/1.1 404 Not Found
Connection: keep-alive
Content-Length: 58
Content-Type: application/json
X-Request-Id: 676426374726700114400

{"error":"not_found","request_id":"","routine":"MIOROUTE"}HTTP/1.1 404 Not Found
Connection: keep-alive
Content-Length: 58
Content-Type: application/json
X-Request-Id: 676426374726707414400

{"error":"not_found","request_id":"","routine":"MIOROUTE"}HTTP/1.1 404 Not Found
Connection: keep-alive
Content-Length: 58
Content-Type: application/json
X-Request-Id: 676426374726713814400

{"error":"not_found","request_id":"","routine":"MIOROUTE"}HTTP/1.1 404 Not Found
Connection: keep-alive
Content-Length: 58
Content-Type: application/json
X-Request-Id: 676426374726734714400

{"error":"not_found","request_id":"","routine":"MIOROUTE"}HTTP/1.1 404 Not Found
Connection: keep-alive
Content-Length: 58
Content-Type: application/json
X-Request-Id: 676426374726745114400

{"error":"not_found","request_id":"","routine":"MIOROUTE"}HTTP/1.1 404 Not Found
Connection: keep-alive
Content-Length: 58
Content-Type: application/json
X-Request-Id: 676426374726752414400

{"error":"not_found","request_id":"","routine":"MIOROUTE"}HTTP/1.1 404 Not Found
Connection: keep-alive
Content-Length: 58
Content-Type: application/json
X-Request-Id: 676426374726761314400

{"error":"not_found","request_id":"","routine":"MIOROUTE"}HTTP/1.1 404 Not Found
Connection: keep-alive
Content-Length: 58
Content-Type: application/json
X-Request-Id: 676426374726768414400

{"error":"not_found","request_id":"","routine":"MIOROUTE"}HTTP/1.1 404 Not Found
Connection: keep-alive
Content-Length: 58
Content-Type: application/json
X-Request-Id: 676426374726776514400

{"error":"not_found","request_id":"","routine":"MIOROUTE"}HTTP/1.1 404 Not Found
Connection: keep-alive
Content-Length: 58
Content-Type: application/json
X-Request-Id: 676426374726786914400

{"error":"not_found","request_id":"","routine":"MIOROUTE"}HTTP/1.1 404 Not Found
Connection: keep-alive
Content-Length: 58
Content-Type: application/json
X-Request-Id: 676426374726797714400

{"error":"not_found","request_id":"","routine":"MIOROUTE"}HTTP/1.1 404 Not Found
Connection: keep-alive
Content-Length: 58
Content-Type: application/json
X-Request-Id: 676426374726806114400

{"error":"not_found","request_id":"","routine":"MIOROUTE"}HTTP/1.1 404 Not Found
Connection: keep-alive
Content-Length: 58
Content-Type: application/json
X-Request-Id: 676426374726812714400

{"error":"not_found","request_id":"","routine":"MIOROUTE"}HTTP/1.1 404 Not Found
Connection: keep-alive
Content-Length: 58
Content-Type: application/json
X-Request-Id: 676426374726822814400

{"error":"not_found","request_id":"","routine":"MIOROUTE"}HTTP/1.1 404 Not Found
Connection: keep-alive
Content-Length: 58
Content-Type: application/json
X-Request-Id: 676426374726829614400

{"error":"not_found","request_id":"","routine":"MIOROUTE"}HTTP/1.1 404 Not Found
Connection: keep-alive
Content-Length: 58
Content-Type: application/json
X-Request-Id: 676426374726836014400

{"error":"not_found","request_id":"","routine":"MIOROUTE"}HTTP/1.1 404 Not Found
Connection: keep-alive
Content-Length: 58
Content-Type: application/json
X-Request-Id: 676426374726844414400

{"error":"not_found","request_id":"","routine":"MIOROUTE"}HTTP/1.1 404 Not Found
Connection: keep-alive
Content-Length: 58
Content-Type: application/json
X-Request-Id: 676426374726855514400

{"error":"not_found","request_id":"","routine":"MIOROUTE"}HTTP/1.1 404 Not Found
Connection: keep-alive
Content-Length: 58
Content-Type: application/json
X-Request-Id: 676426374726862214400

{"error":"not_found","request_id":"","routine":"MIOROUTE"}HTTP/1.1 404 Not Found
Connection: keep-alive
Content-Length: 58
Content-Type: application/json
X-Request-Id: 676426374726872214400

{"error":"not_found","request_id":"","routine":"MIOROUTE"}HTTP/1.1 404 Not Found
Connection: keep-alive
Content-Length: 58
Content-Type: application/json
X-Request-Id: 676426374726883214400

{"error":"not_found","request_id":"","routine":"MIOROUTE"}HTTP/1.1 404 Not Found
Connection: keep-alive
Content-Length: 58
Content-Type: application/json
X-Request-Id: 676426374726889914400

{"error":"not_found","request_id":"","routine":"MIOROUTE"}HTTP/1.1 404 Not Found
Connection: keep-alive
Content-Length: 58
Content-Type: application/json
X-Request-Id: 676426374726898314400

{"error":"not_found","request_id":"","routine":"MIOROUTE"}HTTP/1.1 404 Not Found
Connection: keep-alive
Content-Length: 58
Content-Type: application/json
X-Request-Id: 676426374726909214400

{"error":"not_found","request_id":"","routine":"MIOROUTE"}HTTP/1.1 404 Not Found
Connection: keep-alive
Content-Length: 58
Content-Type: application/json
X-Request-Id: 676426374726916014400

{"error":"not_found","request_id":"","routine":"MIOROUTE"}HTTP/1.1 404 Not Found
Connection: keep-alive
Content-Length: 58
Content-Type: application/json
X-Request-Id: 676426374726924514400

{"error":"not_found","request_id":"","routine":"MIOROUTE"}HTTP/1.1 404 Not Found
Connection: keep-alive
Content-Length: 58
Content-Type: application/json
X-Request-Id: 676426374726935414400

{"error":"not_found","request_id":"","routine":"MIOROUTE"}HTTP/1.1 404 Not Found
Connection: keep-alive
Content-Length: 58
Content-Type: application/json
X-Request-Id: 676426374726942014400

{"error":"not_found","request_id":"","routine":"MIOROUTE"}HTTP/1.1 404 Not Found
Connection: keep-alive
Content-Length: 58
Content-Type: application/json
X-Request-Id: 676426374726950514400

{"error":"not_found","request_id":"","routine":"MIOROUTE"}HTTP/1.1 404 Not Found
Connection: keep-alive
Content-Length: 58
Content-Type: application/json
X-Request-Id: 676426374726962614400

{"error":"not_found","request_id":"","routine":"MIOROUTE"}HTTP/1.1 404 Not Found
Connection: keep-alive
Content-Length: 58
Content-Type: application/json
X-Request-Id: 676426374726969314400

{"error":"not_found","request_id":"","routine":"MIOROUTE"}HTTP/1.1 404 Not Found
Connection: keep-alive
Content-Length: 58
Content-Type: application/json
X-Request-Id: 676426374726977814400

{"error":"not_found","request_id":"","routine":"MIOROUTE"}HTTP/1.1 404 Not Found
Connection: keep-alive
Content-Length: 58
Content-Type: application/json
X-Request-Id: 676426374726984914400

{"error":"not_found","request_id":"","routine":"MIOROUTE"}HTTP/1.1 404 Not Found
Connection: keep-alive
Content-Length: 58
Content-Type: application/json
X-Request-Id: 676426374726992214400

{"error":"not_found","request_id":"","routine":"MIOROUTE"}HTTP/1.1 404 Not Found
Connection: keep-alive
Content-Length: 58
Content-Type: application/json
X-Request-Id: 676426374726998714400

{"error":"not_found","request_id":"","routine":"MIOROUTE"}HTTP/1.1 404 Not Found
Connection: keep-alive
Content-Length: 58
Content-Type: application/json
X-Request-Id: 676426374727005114400

{"error":"not_found","request_id":"","routine":"MIOROUTE"}HTTP/1.1 404 Not Found
Connection: keep-alive
Content-Length: 58
Content-Type: application/json
X-Request-Id: 676426374727023614400

{"error":"not_found","request_id":"","routine":"MIOROUTE"}HTTP/1.1 404 Not Found
Connection: keep-alive
Content-Length: 58
Content-Type: application/json
X-Request-Id: 676426374727034514400

{"error":"not_found","request_id":"","routine":"MIOROUTE"}HTTP/1.1 404 Not Found
Connection: keep-alive
Content-Length: 58
Content-Type: application/json
X-Request-Id: 676426374727041414400

{"error":"not_found","request_id":"","routine":"MIOROUTE"}HTTP/1.1 404 Not Found
Connection: keep-alive
Content-Length: 58
Content-Type: application/json
X-Request-Id: 676426374727051814400

{"error":"not_found","request_id":"","routine":"MIOROUTE"}HTTP/1.1 404 Not Found
Connection: keep-alive
Content-Length: 58
Content-Type: application/json
X-Request-Id: 676426374727062914400

{"error":"not_found","request_id":"","routine":"MIOROUTE"}HTTP/1.1 404 Not Found
Connection: keep-alive
Content-Length: 58
Content-Type: application/json
X-Request-Id: 676426374727069714400

{"error":"not_found","request_id":"","routine":"MIOROUTE"}HTTP/1.1 404 Not Found
Connection: keep-alive
Content-Length: 58
Content-Type: application/json
X-Request-Id: 676426374727078314400

{"error":"not_found","request_id":"","routine":"MIOROUTE"}HTTP/1.1 404 Not Found
Connection: keep-alive
Content-Length: 58
Content-Type: application/json
X-Request-Id: 676426374727085514400

{"error":"not_found","request_id":"","routine":"MIOROUTE"}HTTP/1.1 404 Not Found
Connection: keep-alive
Content-Length: 58
Content-Type: application/json
X-Request-Id: 676426374727092114400

{"error":"not_found","request_id":"","routine":"MIOROUTE"}HTTP/1.1 404 Not Found
Connection: keep-alive
Content-Length: 58
Content-Type: application/json
X-Request-Id: 676426374727098614400

{"error":"not_found","request_id":"","routine":"MIOROUTE"}HTTP/1.1 404 Not Found
Connection: keep-alive
Content-Length: 58
Content-Type: application/json
X-Request-Id: 676426374727105214400

{"error":"not_found","request_id":"","routine":"MIOROUTE"}HTTP/1.1 404 Not Found
Connection: keep-alive
Content-Length: 58
Content-Type: application/json
X-Request-Id: 676426374727113714400

{"error":"not_found","request_id":"","routine":"MIOROUTE"}HTTP/1.1 404 Not Found
Connection: keep-alive
Content-Length: 58
Content-Type: application/json
X-Request-Id: 676426374727130614400

{"error":"not_found","request_id":"","routine":"MIOROUTE"}HTTP/1.1 404 Not Found
Connection: keep-alive
Content-Length: 58
Content-Type: application/json
X-Request-Id: 676426374727141414400

{"error":"not_found","request_id":"","routine":"MIOROUTE"}HTTP/1.1 404 Not Found
Connection: keep-alive
Content-Length: 58
Content-Type: application/json
X-Request-Id: 676426374727150414400

{"error":"not_found","request_id":"","routine":"MIOROUTE"}HTTP/1.1 404 Not Found
Connection: keep-alive
Content-Length: 58
Content-Type: application/json
X-Request-Id: 676426374727162114400

{"error":"not_found","request_id":"","routine":"MIOROUTE"}HTTP/1.1 404 Not Found
Connection: keep-alive
Content-Length: 58
Content-Type: application/json
X-Request-Id: 676426374727168814400

{"error":"not_found","request_id":"","routine":"MIOROUTE"}HTTP/1.1 404 Not Found
Connection: keep-alive
Content-Length: 58
Content-Type: application/json
X-Request-Id: 676426374727198514400

{"error":"not_found","request_id":"","routine":"MIOROUTE"}HTTP/1.1 404 Not Found
Connection: keep-alive
Content-Length: 58
Content-Type: application/json
X-Request-Id: 676426374727244614400

{"error":"not_found","request_id":"","routine":"MIOROUTE"}HTTP/1.1 404 Not Found
Connection: keep-alive
Content-Length: 58
Content-Type: application/json
X-Request-Id: 676426374727266414400

{"error":"not_found","request_id":"","routine":"MIOROUTE"}HTTP/1.1 404 Not Found
Connection: keep-alive
Content-Length: 58
Content-Type: application/json
X-Request-Id: 676426374727283614400

{"error":"not_found","request_id":"","routine":"MIOROUTE"}HTTP/1.1 404 Not Found
Connection: keep-alive
Content-Length: 58
Content-Type: application/json
X-Request-Id: 676426374727314814400

{"error":"not_found","request_id":"","routine":"MIOROUTE"}HTTP/1.1 404 Not Found
Connection: keep-alive
Content-Length: 58
Content-Type: application/json
X-Request-Id: 676426374727331914400

{"error":"not_found","request_id":"","routine":"MIOROUTE"}HTTP/1.1 404 Not Found
Connection: keep-alive
Content-Length: 58
Content-Type: application/json
X-Request-Id: 676426374727345714400

{"error":"not_found","request_id":"","routine":"MIOROUTE"}HTTP/1.1 404 Not Found
Connection: keep-alive
Content-Length: 58
Content-Type: application/json
X-Request-Id: 676426374727361714400

{"error":"not_found","request_id":"","routine":"MIOROUTE"}HTTP/1.1 404 Not Found
Connection: keep-alive
Content-Length: 58
Content-Type: application/json
X-Request-Id: 676426374727387514400

{"error":"not_found","request_id":"","routine":"MIOROUTE"}HTTP/1.1 404 Not Found
Connection: keep-alive
Content-Length: 58
Content-Type: application/json
X-Request-Id: 676426374727404714400

{"error":"not_found","request_id":"","routine":"MIOROUTE"}HTTP/1.1 404 Not Found
Connection: keep-alive
Content-Length: 58
Content-Type: application/json
X-Request-Id: 676426374727423314400

{"error":"not_found","request_id":"","routine":"MIOROUTE"}HTTP/1.1 404 Not Found
Connection: keep-alive
Content-Length: 58
Content-Type: application/json
X-Request-Id: 676426374727445714400

{"error":"not_found","request_id":"","routine":"MIOROUTE"}HTTP/1.1 404 Not Found
Connection: keep-alive
Content-Length: 58
Content-Type: application/json
X-Request-Id: 676426374727461914400

{"error":"not_found","request_id":"","routine":"MIOROUTE"}HTTP/1.1 404 Not Found
Connection: keep-alive
Content-Length: 58
Content-Type: application/json
X-Request-Id: 676426374727477514400

{"error":"not_found","request_id":"","routine":"MIOROUTE"}HTTP/1.1 404 Not Found
Connection: keep-alive
Content-Length: 58
Content-Type: application/json
X-Request-Id: 676426374727503414400

{"error":"not_found","request_id":"","routine":"MIOROUTE"}HTTP/1.1 404 Not Found
Connection: keep-alive
Content-Length: 58
Content-Type: application/json
X-Request-Id: 676426374727568814400

{"error":"not_found","request_id":"","routine":"MIOROUTE"}HTTP/1.1 404 Not Found
Connection: keep-alive
Content-Length: 58
Content-Type: application/json
X-Request-Id: 676426374727597814400

{"error":"not_found","request_id":"","routine":"MIOROUTE"}HTTP/1.1 404 Not Found
Connection: keep-alive
Content-Length: 58
Content-Type: application/json
X-Request-Id: 676426374727620814400

{"error":"not_found","request_id":"","routine":"MIOROUTE"}HTTP/1.1 404 Not Found
Connection: keep-alive
Content-Length: 58
Content-Type: application/json
X-Request-Id: 676426374727643414400

{"error":"not_found","request_id":"","routine":"MIOROUTE"}HTTP/1.1 404 Not Found
Connection: keep-alive
Content-Length: 58
Content-Type: application/json
X-Request-Id: 676426374727669114400

{"error":"not_found","request_id":"","routine":"MIOROUTE"}HTTP/1.1 404 Not Found
Connection: keep-alive
Content-Length: 58
Content-Type: application/json
X-Request-Id: 676426374727686314400

{"error":"not_found","request_id":"","routine":"MIOROUTE"}HTTP/1.1 404 Not Found
Connection: keep-alive
Content-Length: 58
Content-Type: application/json
X-Request-Id: 676426374727703414400

{"error":"not_found","request_id":"","routine":"MIOROUTE"}HTTP/1.1 404 Not Found
Connection: keep-alive
Content-Length: 58
Content-Type: application/json
X-Request-Id: 676426374727722014400

{"error":"not_found","request_id":"","routine":"MIOROUTE"}HTTP/1.1 404 Not Found
Connection: keep-alive
Content-Length: 58
Content-Type: application/json
X-Request-Id: 676426374727737614400

{"error":"not_found","request_id":"","routine":"MIOROUTE"}HTTP/1.1 404 Not Found
Connection: keep-alive
Content-Length: 58
Content-Type: application/json
X-Request-Id: 676426374727753814400

{"error":"not_found","request_id":"","routine":"MIOROUTE"}HTTP/1.1 404 Not Found
Connection: keep-alive
Content-Length: 58
Content-Type: application/json
X-Request-Id: 676426374727769514400

{"error":"not_found","request_id":"","routine":"MIOROUTE"}HTTP/1.1 404 Not Found
Connection: keep-alive
Content-Length: 58
Content-Type: application/json
X-Request-Id: 676426374727784814400

{"error":"not_found","request_id":"","routine":"MIOROUTE"}HTTP/1.1 404 Not Found
Connection: keep-alive
Content-Length: 58
Content-Type: application/json
X-Request-Id: 676426374727797614400

{"error":"not_found","request_id":"","routine":"MIOROUTE"}HTTP/1.1 404 Not Found
Connection: keep-alive
Content-Length: 58
Content-Type: application/json
X-Request-Id: 676426374727810214400

{"error":"not_found","request_id":"","routine":"MIOROUTE"}HTTP/1.1 404 Not Found
Connection: keep-alive
Content-Length: 58
Content-Type: application/json
X-Request-Id: 676426374727822914400

{"error":"not_found","request_id":"","routine":"MIOROUTE"}HTTP/1.1 404 Not Found
Connection: keep-alive
Content-Length: 58
Content-Type: application/json
X-Request-Id: 676426374727838914400

{"error":"not_found","request_id":"","routine":"MIOROUTE"}HTTP/1.1 404 Not Found
Connection: keep-alive
Content-Length: 58
Content-Type: application/json
X-Request-Id: 676426374727849914400

{"error":"not_found","request_id":"","routine":"MIOROUTE"}HTTP/1.1 404 Not Found
Connection: keep-alive
Content-Length: 58
Content-Type: application/json
X-Request-Id: 676426374727860714400

{"error":"not_found","request_id":"","routine":"MIOROUTE"}HTTP/1.1 404 Not Found
Connection: keep-alive
Content-Length: 58
Content-Type: application/json
X-Request-Id: 676426374727870714400

{"error":"not_found","request_id":"","routine":"MIOROUTE"}HTTP/1.1 404 Not Found
Connection: keep-alive
Content-Length: 58
Content-Type: application/json
X-Request-Id: 676426374727881514400

{"error":"not_found","request_id":"","routine":"MIOROUTE"}HTTP/1.1 404 Not Found
Connection: keep-alive
Content-Length: 58
Content-Type: application/json
X-Request-Id: 676426374727891914400

{"error":"not_found","request_id":"","routine":"MIOROUTE"}HTTP/1.1 404 Not Found
Connection: keep-alive
Content-Length: 58
Content-Type: application/json
X-Request-Id: 676426374727902914400

{"error":"not_found","request_id":"","routine":"MIOROUTE"}HTTP/1.1 404 Not Found
Connection: keep-alive
Content-Length: 58
Content-Type: application/json
X-Request-Id: 676426374727913914400

{"error":"not_found","request_id":"","routine":"MIOROUTE"}HTTP/1.1 404 Not Found
Connection: keep-alive
Content-Length: 58
Content-Type: application/json
X-Request-Id: 676426374727925014400

{"error":"not_found","request_id":"","routine":"MIOROUTE"}HTTP/1.1 404 Not Found
Connection: keep-alive
Content-Length: 58
Content-Type: application/json
X-Request-Id: 676426374727935914400

{"error":"not_found","request_id":"","routine":"MIOROUTE"}HTTP/1.1 404 Not Found
Connection: keep-alive
Content-Length: 58
Content-Type: application/json
X-Request-Id: 676426374727946914400

{"error":"not_found","request_id":"","routine":"MIOROUTE"}HTTP/1.1 404 Not Found
Connection: keep-alive
Content-Length: 58
Content-Type: application/json
X-Request-Id: 676426374727958814400

{"error":"not_found","request_id":"","routine":"MIOROUTE"}HTTP/1.1 404 Not Found
Connection: keep-alive
Content-Length: 58
Content-Type: application/json
X-Request-Id: 676426374727984814400

{"error":"not_found","request_id":"","routine":"MIOROUTE"}HTTP/1.1 404 Not Found
Connection: keep-alive
Content-Length: 58
Content-Type: application/json
X-Request-Id: 676426374728058114400

{"error":"not_found","request_id":"","routine":"MIOROUTE"}HTTP/1.1 404 Not Found
Connection: keep-alive
Content-Length: 58
Content-Type: application/json
X-Request-Id: 676426374728076514400

{"error":"not_found","request_id":"","routine":"MIOROUTE"}HTTP/1.1 404 Not Found
Connection: keep-alive
Content-Length: 58
Content-Type: application/json
X-Request-Id: 676426374728091614400

{"error":"not_found","request_id":"","routine":"MIOROUTE"}HTTP/1.1 404 Not Found
Connection: keep-alive
Content-Length: 58
Content-Type: application/json
X-Request-Id: 676426374728108114400

{"error":"not_found","request_id":"","routine":"MIOROUTE"}HTTP/1.1 404 Not Found
Connection: keep-alive
Content-Length: 58
Content-Type: application/json
X-Request-Id: 676426374728125914400

{"error":"not_found","request_id":"","routine":"MIOROUTE"}HTTP/1.1 404 Not Found
Connection: keep-alive
Content-Length: 58
Content-Type: application/json
X-Request-Id: 676426374728163914400

{"error":"not_found","request_id":"","routine":"MIOROUTE"}HTTP/1.1 404 Not Found
Connection: keep-alive
Content-Length: 58
Content-Type: application/json
X-Request-Id: 676426374728180814400

{"error":"not_found","request_id":"","routine":"MIOROUTE"}HTTP/1.1 404 Not Found
Connection: keep-alive
Content-Length: 58
Content-Type: application/json
X-Request-Id: 676426374728194214400

{"error":"not_found","request_id":"","routine":"MIOROUTE"}HTTP/1.1 404 Not Found
Connection: keep-alive
Content-Length: 58
Content-Type: application/json
X-Request-Id: 676426374728208114400

{"error":"not_found","request_id":"","routine":"MIOROUTE"}HTTP/1.1 404 Not Found
Connection: keep-alive
Content-Length: 58
Content-Type: application/json
X-Request-Id: 676426374728220514400

{"error":"not_found","request_id":"","routine":"MIOROUTE"}HTTP/1.1 404 Not Found
Connection: keep-alive
Content-Length: 58
Content-Type: application/json
X-Request-Id: 676426374728232814400

{"error":"not_found","request_id":"","routine":"MIOROUTE"}HTTP/1.1 404 Not Found
Connection: keep-alive
Content-Length: 58
Content-Type: application/json
X-Request-Id: 676426374728245614400

{"error":"not_found","request_id":"","routine":"MIOROUTE"}HTTP/1.1 404 Not Found
Connection: keep-alive
Content-Length: 58
Content-Type: application/json
X-Request-Id: 676426374728257614400

{"error":"not_found","request_id":"","routine":"MIOROUTE"}HTTP/1.1 404 Not Found
Connection: keep-alive
Content-Length: 58
Content-Type: application/json
X-Request-Id: 676426374728273514400

{"error":"not_found","request_id":"","routine":"MIOROUTE"}HTTP/1.1 404 Not Found
Connection: keep-alive
Content-Length: 58
Content-Type: application/json
X-Request-Id: 676426374728289614400

{"error":"not_found","request_id":"","routine":"MIOROUTE"}HTTP/1.1 404 Not Found
Connection: keep-alive
Content-Length: 58
Content-Type: application/json
X-Request-Id: 676426374728304514400

{"error":"not_found","request_id":"","routine":"MIOROUTE"}HTTP/1.1 404 Not Found
Connection: keep-alive
Content-Length: 58
Content-Type: application/json
X-Request-Id: 676426374728320714400

{"error":"not_found","request_id":"","routine":"MIOROUTE"}HTTP/1.1 404 Not Found
Connection: keep-alive
Content-Length: 58
Content-Type: application/json
X-Request-Id: 676426374728333314400

{"error":"not_found","request_id":"","routine":"MIOROUTE"}HTTP/1.1 404 Not Found
Connection: keep-alive
Content-Length: 58
Content-Type: application/json
X-Request-Id: 676426374728348914400

{"error":"not_found","request_id":"","routine":"MIOROUTE"}HTTP/1.1 404 Not Found
Connection: keep-alive
Content-Length: 58
Content-Type: application/json
X-Request-Id: 676426374728361214400

{"error":"not_found","request_id":"","routine":"MIOROUTE"}HTTP/1.1 404 Not Found
Connection: keep-alive
Content-Length: 58
Content-Type: application/json
X-Request-Id: 676426374728374414400

{"error":"not_found","request_id":"","routine":"MIOROUTE"}HTTP/1.1 404 Not Found
Connection: keep-alive
Content-Length: 58
Content-Type: application/json
X-Request-Id: 676426374728385814400

{"error":"not_found","request_id":"","routine":"MIOROUTE"}HTTP/1.1 404 Not Found
Connection: keep-alive
Content-Length: 58
Content-Type: application/json
X-Request-Id: 676426374728403414400

{"error":"not_found","request_id":"","routine":"MIOROUTE"}HTTP/1.1 404 Not Found
Connection: keep-alive
Content-Length: 58
Content-Type: application/json
X-Request-Id: 676426374728414614400

{"error":"not_found","request_id":"","routine":"MIOROUTE"}HTTP/1.1 404 Not Found
Connection: keep-alive
Content-Length: 58
Content-Type: application/json
X-Request-Id: 676426374728425814400

{"error":"not_found","request_id":"","routine":"MIOROUTE"}HTTP/1.1 404 Not Found
Connection: keep-alive
Content-Length: 58
Content-Type: application/json
X-Request-Id: 676426374728436914400

{"error":"not_found","request_id":"","routine":"MIOROUTE"}HTTP/1.1 404 Not Found
Connection: keep-alive
Content-Length: 58
Content-Type: application/json
X-Request-Id: 676426374728448014400

{"error":"not_found","request_id":"","routine":"MIOROUTE"}HTTP/1.1 404 Not Found
Connection: keep-alive
Content-Length: 58
Content-Type: application/json
X-Request-Id: 676426374728459014400

{"error":"not_found","request_id":"","routine":"MIOROUTE"}HTTP/1.1 404 Not Found
Connection: keep-alive
Content-Length: 58
Content-Type: application/json
X-Request-Id: 676426374728470114400

{"error":"not_found","request_id":"","routine":"MIOROUTE"}HTTP/1.1 404 Not Found
Connection: keep-alive
Content-Length: 58
Content-Type: application/json
X-Request-Id: 676426374728481014400

{"error":"not_found","request_id":"","routine":"MIOROUTE"}HTTP/1.1 404 Not Found
Connection: keep-alive
Content-Length: 58
Content-Type: application/json
X-Request-Id: 676426374728492014400

{"error":"not_found","request_id":"","routine":"MIOROUTE"}HTTP/1.1 404 Not Found
Connection: keep-alive
Content-Length: 58
Content-Type: application/json
X-Request-Id: 676426374728503014400

{"error":"not_found","request_id":"","routine":"MIOROUTE"}HTTP/1.1 404 Not Found
Connection: keep-alive
Content-Length: 58
Content-Type: application/json
X-Request-Id: 676426374728514114400

{"error":"not_found","request_id":"","routine":"MIOROUTE"}HTTP/1.1 404 Not Found
Connection: keep-alive
Content-Length: 58
Content-Type: application/json
X-Request-Id: 676426374728525014400

{"error":"not_found","request_id":"","routine":"MIOROUTE"}HTTP/1.1 404 Not Found
Connection: keep-alive
Content-Length: 58
Content-Type: application/json
X-Request-Id: 676426374728535914400

{"error":"not_found","request_id":"","routine":"MIOROUTE"}HTTP/1.1 404 Not Found
Connection: keep-alive
Content-Length: 58
Content-Type: application/json
X-Request-Id: 676426374728546814400

{"error":"not_found","request_id":"","routine":"MIOROUTE"}HTTP/1.1 404 Not Found
Connection: keep-alive
Content-Length: 58
Content-Type: application/json
X-Request-Id: 676426374728557714400

{"error":"not_found","request_id":"","routine":"MIOROUTE"}HTTP/1.1 404 Not Found
Connection: keep-alive
Content-Length: 58
Content-Type: application/json
X-Request-Id: 676426374728579814400

{"error":"not_found","request_id":"","routine":"MIOROUTE"}HTTP/1.1 404 Not Found
Connection: keep-alive
Content-Length: 58
Content-Type: application/json
X-Request-Id: 676426374728591014400

{"error":"not_found","request_id":"","routine":"MIOROUTE"}HTTP/1.1 404 Not Found
Connection: keep-alive
Content-Length: 58
Content-Type: application/json
X-Request-Id: 676426374728602314400

{"error":"not_found","request_id":"","routine":"MIOROUTE"}HTTP/1.1 404 Not Found
Connection: keep-alive
Content-Length: 58
Content-Type: application/json
X-Request-Id: 676426374728613414400

{"error":"not_found","request_id":"","routine":"MIOROUTE"}HTTP/1.1 404 Not Found
Connection: keep-alive
Content-Length: 58
Content-Type: application/json
X-Request-Id: 676426374728625714400

{"error":"not_found","request_id":"","routine":"MIOROUTE"}HTTP/1.1 404 Not Found
Connection: keep-alive
Content-Length: 58
Content-Type: application/json
X-Request-Id: 676426374728636614400

{"error":"not_found","request_id":"","routine":"MIOROUTE"}HTTP/1.1 404 Not Found
Connection: keep-alive
Content-Length: 58
Content-Type: application/json
X-Request-Id: 676426374728647714400

{"error":"not_found","request_id":"","routine":"MIOROUTE"}HTTP/1.1 404 Not Found
Connection: keep-alive
Content-Length: 58
Content-Type: application/json
X-Request-Id: 676426374728658714400

{"error":"not_found","request_id":"","routine":"MIOROUTE"}HTTP/1.1 404 Not Found
Connection: keep-alive
Content-Length: 58
Content-Type: application/json
X-Request-Id: 676426374728669714400

{"error":"not_found","request_id":"","routine":"MIOROUTE"}HTTP/1.1 404 Not Found
Connection: keep-alive
Content-Length: 58
Content-Type: application/json
X-Request-Id: 676426374728680714400

{"error":"not_found","request_id":"","routine":"MIOROUTE"}HTTP/1.1 404 Not Found
Connection: keep-alive
Content-Length: 58
Content-Type: application/json
X-Request-Id: 676426374728692814400

{"error":"not_found","request_id":"","routine":"MIOROUTE"}HTTP/1.1 404 Not Found
Connection: keep-alive
Content-Length: 58
Content-Type: application/json
X-Request-Id: 676426374728703614400

{"error":"not_found","request_id":"","routine":"MIOROUTE"}HTTP/1.1 404 Not Found
Connection: keep-alive
Content-Length: 58
Content-Type: application/json
X-Request-Id: 676426374728714514400

{"error":"not_found","request_id":"","routine":"MIOROUTE"}HTTP/1.1 404 Not Found
Connection: keep-alive
Content-Length: 58
Content-Type: application/json
X-Request-Id: 676426374728725414400

{"error":"not_found","request_id":"","routine":"MIOROUTE"}HTTP/1.1 404 Not Found
Connection: keep-alive
Content-Length: 58
Content-Type: application/json
X-Request-Id: 676426374728736114400

{"error":"not_found","request_id":"","routine":"MIOROUTE"}HTTP/1.1 404 Not Found
Connection: keep-alive
Content-Length: 58
Content-Type: application/json
X-Request-Id: 676426374728747014400

{"error":"not_found","request_id":"","routine":"MIOROUTE"}HTTP/1.1 404 Not Found
Connection: keep-alive
Content-Length: 58
Content-Type: application/json
X-Request-Id: 676426374728758814400

{"error":"not_found","request_id":"","routine":"MIOROUTE"}HTTP/1.1 404 Not Found
Connection: keep-alive
Content-Length: 58
Content-Type: application/json
X-Request-Id: 676426374728769614400

{"error":"not_found","request_id":"","routine":"MIOROUTE"}HTTP/1.1 404 Not Found
Connection: keep-alive
Content-Length: 58
Content-Type: application/json
X-Request-Id: 676426374728780614400

{"error":"not_found","request_id":"","routine":"MIOROUTE"}HTTP/1.1 404 Not Found
Connection: keep-alive
Content-Length: 58
Content-Type: application/json
X-Request-Id: 676426374728794214400

{"error":"not_found","request_id":"","routine":"MIOROUTE"}HTTP/1.1 404 Not Found
Connection: keep-alive
Content-Length: 58
Content-Type: application/json
X-Request-Id: 676426374728806114400

{"error":"not_found","request_id":"","routine":"MIOROUTE"}HTTP/1.1 404 Not Found
Connection: keep-alive
Content-Length: 58
Content-Type: application/json
X-Request-Id: 676426374728817114400

{"error":"not_found","request_id":"","routine":"MIOROUTE"}HTTP/1.1 404 Not Found
Connection: keep-alive
Content-Length: 58
Content-Type: application/json
X-Request-Id: 676426374728827914400

{"error":"not_found","request_id":"","routine":"MIOROUTE"}HTTP/1.1 404 Not Found
Connection: keep-alive
Content-Length: 58
Content-Type: application/json
X-Request-Id: 676426374728838814400

{"error":"not_found","request_id":"","routine":"MIOROUTE"}HTTP/1.1 404 Not Found
Connection: keep-alive
Content-Length: 58
Content-Type: application/json
X-Request-Id: 676426374728849614400

{"error":"not_found","request_id":"","routine":"MIOROUTE"}HTTP/1.1 404 Not Found
Connection: keep-alive
Content-Length: 58
Content-Type: application/json
X-Request-Id: 676426374728861614400

{"error":"not_found","request_id":"","routine":"MIOROUTE"}HTTP/1.1 404 Not Found
Connection: keep-alive
Content-Length: 58
Content-Type: application/json
X-Request-Id: 676426374728871814400

{"error":"not_found","request_id":"","routine":"MIOROUTE"}HTTP/1.1 404 Not Found
Connection: keep-alive
Content-Length: 58
Content-Type: application/json
X-Request-Id: 676426374728881114400

{"error":"not_found","request_id":"","routine":"MIOROUTE"}HTTP/1.1 404 Not Found
Connection: keep-alive
Content-Length: 58
Content-Type: application/json
X-Request-Id: 676426374728891914400

{"error":"not_found","request_id":"","routine":"MIOROUTE"}HTTP/1.1 404 Not Found
Connection: keep-alive
Content-Length: 58
Content-Type: application/json
X-Request-Id: 676426374728902914400

{"error":"not_found","request_id":"","routine":"MIOROUTE"}HTTP/1.1 404 Not Found
Connection: keep-alive
Content-Length: 58
Content-Type: application/json
X-Request-Id: 676426374728913814400

{"error":"not_found","request_id":"","routine":"MIOROUTE"}HTTP/1.1 404 Not Found
Connection: keep-alive
Content-Length: 58
Content-Type: application/json
X-Request-Id: 676426374728924614400

{"error":"not_found","request_id":"","routine":"MIOROUTE"}HTTP/1.1 404 Not Found
Connection: keep-alive
Content-Length: 58
Content-Type: application/json
X-Request-Id: 676426374728944214400

{"error":"not_found","request_id":"","routine":"MIOROUTE"}HTTP/1.1 404 Not Found
Connection: keep-alive
Content-Length: 58
Content-Type: application/json
X-Request-Id: 676426374728954314400

{"error":"not_found","request_id":"","routine":"MIOROUTE"}HTTP/1.1 404 Not Found
Connection: keep-alive
Content-Length: 58
Content-Type: application/json
X-Request-Id: 676426374728963314400

{"error":"not_found","request_id":"","routine":"MIOROUTE"}HTTP/1.1 404 Not Found
Connection: keep-alive
Content-Length: 58
Content-Type: application/json
X-Request-Id: 676426374728974714400

{"error":"not_found","request_id":"","routine":"MIOROUTE"}HTTP/1.1 404 Not Found
Connection: keep-alive
Content-Length: 58
Content-Type: application/json
X-Request-Id: 676426374728985614400

{"error":"not_found","request_id":"","routine":"MIOROUTE"}HTTP/1.1 404 Not Found
Connection: keep-alive
Content-Length: 58
Content-Type: application/json
X-Request-Id: 676426374728996514400

{"error":"not_found","request_id":"","routine":"MIOROUTE"}HTTP/1.1 404 Not Found
Connection: keep-alive
Content-Length: 58
Content-Type: application/json
X-Request-Id: 676426374729007514400

{"error":"not_found","request_id":"","routine":"MIOROUTE"}HTTP/1.1 404 Not Found
Connection: keep-alive
Content-Length: 58
Content-Type: application/json
X-Request-Id: 676426374729018514400

{"error":"not_found","request_id":"","routine":"MIOROUTE"}HTTP/1.1 404 Not Found
Connection: keep-alive
Content-Length: 58
Content-Type: application/json
X-Request-Id: 676426374729029514400

{"error":"not_found","request_id":"","routine":"MIOROUTE"}HTTP/1.1 404 Not Found
Connection: keep-alive
Content-Length: 58
Content-Type: application/json
X-Request-Id: 676426374729040414400

{"error":"not_found","request_id":"","routine":"MIOROUTE"}HTTP/1.1 404 Not Found
Connection: keep-alive
Content-Length: 58
Content-Type: application/json
X-Request-Id: 676426374729051314400

{"error":"not_found","request_id":"","routine":"MIOROUTE"}HTTP/1.1 404 Not Found
Connection: keep-alive
Content-Length: 58
Content-Type: application/json
X-Request-Id: 676426374729062214400

{"error":"not_found","request_id":"","routine":"MIOROUTE"}HTTP/1.1 404 Not Found
Connection: keep-alive
Content-Length: 58
Content-Type: application/json
X-Request-Id: 676426374729073114400

{"error":"not_found","request_id":"","routine":"MIOROUTE"}HTTP/1.1 404 Not Found
Connection: keep-alive
Content-Length: 58
Content-Type: application/json
X-Request-Id: 676426374729084014400

{"error":"not_found","request_id":"","routine":"MIOROUTE"}HTTP/1.1 404 Not Found
Connection: keep-alive
Content-Length: 58
Content-Type: application/json
X-Request-Id: 676426374729095914400

{"error":"not_found","request_id":"","routine":"MIOROUTE"}HTTP/1.1 404 Not Found
Connection: keep-alive
Content-Length: 58
Content-Type: application/json
X-Request-Id: 676426374729106214400

{"error":"not_found","request_id":"","routine":"MIOROUTE"}HTTP/1.1 404 Not Found
Connection: keep-alive
Content-Length: 58
Content-Type: application/json
X-Request-Id: 676426374729116814400

{"error":"not_found","request_id":"","routine":"MIOROUTE"}HTTP/1.1 404 Not Found
Connection: keep-alive
Content-Length: 58
Content-Type: application/json
X-Request-Id: 676426374729126414400

{"error":"not_found","request_id":"","routine":"MIOROUTE"}HTTP/1.1 404 Not Found
Connection: keep-alive
Content-Length: 58
Content-Type: application/json
X-Request-Id: 676426374729137014400

{"error":"not_found","request_id":"","routine":"MIOROUTE"}HTTP/1.1 404 Not Found
Connection: keep-alive
Content-Length: 58
Content-Type: application/json
X-Request-Id: 676426374729146514400

{"error":"not_found","request_id":"","routine":"MIOROUTE"}HTTP/1.1 404 Not Found
Connection: keep-alive
Content-Length: 58
Content-Type: application/json
X-Request-Id: 676426374729157714400

{"error":"not_found","request_id":"","routine":"MIOROUTE"}HTTP/1.1 404 Not Found
Connection: keep-alive
Content-Length: 58
Content-Type: application/json
X-Request-Id: 676426374729167314400

{"error":"not_found","request_id":"","routine":"MIOROUTE"}HTTP/1.1 404 Not Found
Connection: keep-alive
Content-Length: 58
Content-Type: application/json
X-Request-Id: 676426374729179114400

{"error":"not_found","request_id":"","routine":"MIOROUTE"}HTTP/1.1 404 Not Found
Connection: keep-alive
Content-Length: 58
Content-Type: application/json
X-Request-Id: 676426374729189114400

{"error":"not_found","request_id":"","routine":"MIOROUTE"}HTTP/1.1 404 Not Found
Connection: keep-alive
Content-Length: 58
Content-Type: application/json
X-Request-Id: 676426374729203614400

{"error":"not_found","request_id":"","routine":"MIOROUTE"}HTTP/1.1 404 Not Found
Connection: keep-alive
Content-Length: 58
Content-Type: application/json
X-Request-Id: 676426374729214414400

{"error":"not_found","request_id":"","routine":"MIOROUTE"}HTTP/1.1 404 Not Found
Connection: keep-alive
Content-Length: 58
Content-Type: application/json
X-Request-Id: 676426374729225314400

{"error":"not_found","request_id":"","routine":"MIOROUTE"}HTTP/1.1 404 Not Found
Connection: keep-alive
Content-Length: 58
Content-Type: application/json
X-Request-Id: 676426374729236114400

{"error":"not_found","request_id":"","routine":"MIOROUTE"}HTTP/1.1 404 Not Found
Connection: keep-alive
Content-Length: 58
Content-Type: application/json
X-Request-Id: 676426374729247014400

{"error":"not_found","request_id":"","routine":"MIOROUTE"}HTTP/1.1 404 Not Found
Connection: keep-alive
Content-Length: 58
Content-Type: application/json
X-Request-Id: 676426374729257814400

{"error":"not_found","request_id":"","routine":"MIOROUTE"}HTTP/1.1 404 Not Found
Connection: keep-alive
Content-Length: 58
Content-Type: application/json
X-Request-Id: 676426374729268714400

{"error":"not_found","request_id":"","routine":"MIOROUTE"}HTTP/1.1 404 Not Found
Connection: keep-alive
Content-Length: 58
Content-Type: application/json
X-Request-Id: 676426374729279414400

{"error":"not_found","request_id":"","routine":"MIOROUTE"}HTTP/1.1 404 Not Found
Connection: keep-alive
Content-Length: 58
Content-Type: application/json
X-Request-Id: 676426374729290314400

{"error":"not_found","request_id":"","routine":"MIOROUTE"}HTTP/1.1 404 Not Found
Connection: keep-alive
Content-Length: 58
Content-Type: application/json
X-Request-Id: 676426374729309114400

{"error":"not_found","request_id":"","routine":"MIOROUTE"}HTTP/1.1 404 Not Found
Connection: keep-alive
Content-Length: 58
Content-Type: application/json
X-Request-Id: 676426374729319414400

{"error":"not_found","request_id":"","routine":"MIOROUTE"}HTTP/1.1 404 Not Found
Connection: keep-alive
Content-Length: 58
Content-Type: application/json
X-Request-Id: 676426374729331414400

{"error":"not_found","request_id":"","routine":"MIOROUTE"}HTTP/1.1 404 Not Found
Connection: keep-alive
Content-Length: 58
Content-Type: application/json
X-Request-Id: 676426374729342214400

{"error":"not_found","request_id":"","routine":"MIOROUTE"}HTTP/1.1 404 Not Found
Connection: keep-alive
Content-Length: 58
Content-Type: application/json
X-Request-Id: 676426374729353214400

{"error":"not_found","request_id":"","routine":"MIOROUTE"}HTTP/1.1 404 Not Found
Connection: keep-alive
Content-Length: 58
Content-Type: application/json
X-Request-Id: 676426374729364114400

{"error":"not_found","request_id":"","routine":"MIOROUTE"}HTTP/1.1 404 Not Found
Connection: keep-alive
Content-Length: 58
Content-Type: application/json
X-Request-Id: 676426374729375014400

{"error":"not_found","request_id":"","routine":"MIOROUTE"}HTTP/1.1 404 Not Found
Connection: keep-alive
Content-Length: 58
Content-Type: application/json
X-Request-Id: 676426374729386014400

{"error":"not_found","request_id":"","routine":"MIOROUTE"}HTTP/1.1 404 Not Found
Connection: keep-alive
Content-Length: 58
Content-Type: application/json
X-Request-Id: 676426374729396814400

{"error":"not_found","request_id":"","routine":"MIOROUTE"}HTTP/1.1 404 Not Found
Connection: keep-alive
Content-Length: 58
Content-Type: application/json
X-Request-Id: 676426374729407214400

{"error":"not_found","request_id":"","routine":"MIOROUTE"}HTTP/1.1 404 Not Found
Connection: keep-alive
Content-Length: 58
Content-Type: application/json
X-Request-Id: 676426374729418414400

{"error":"not_found","request_id":"","routine":"MIOROUTE"}HTTP/1.1 404 Not Found
Connection: keep-alive
Content-Length: 58
Content-Type: application/json
X-Request-Id: 676426374729429114400

{"error":"not_found","request_id":"","routine":"MIOROUTE"}HTTP/1.1 404 Not Found
Connection: keep-alive
Content-Length: 58
Content-Type: application/json
X-Request-Id: 676426374729440014400

{"error":"not_found","request_id":"","routine":"MIOROUTE"}HTTP/1.1 404 Not Found
Connection: keep-alive
Content-Length: 58
Content-Type: application/json
X-Request-Id: 676426374729451714400

{"error":"not_found","request_id":"","routine":"MIOROUTE"}HTTP/1.1 404 Not Found
Connection: keep-alive
Content-Length: 58
Content-Type: application/json
X-Request-Id: 676426374729527014400

{"error":"not_found","request_id":"","routine":"MIOROUTE"}HTTP/1.1 404 Not Found
Connection: keep-alive
Content-Length: 58
Content-Type: application/json
X-Request-Id: 676426374729557814400

{"error":"not_found","request_id":"","routine":"MIOROUTE"}HTTP/1.1 404 Not Found
Connection: keep-alive
Content-Length: 58
Content-Type: application/json
X-Request-Id: 676426374729570814400

{"error":"not_found","request_id":"","routine":"MIOROUTE"}HTTP/1.1 404 Not Found
Connection: keep-alive
Content-Length: 58
Content-Type: application/json
X-Request-Id: 676426374729584314400

{"error":"not_found","request_id":"","routine":"MIOROUTE"}HTTP/1.1 404 Not Found
Connection: keep-alive
Content-Length: 58
Content-Type: application/json
X-Request-Id: 676426374729626114400

{"error":"not_found","request_id":"","routine":"MIOROUTE"}HTTP/1.1 404 Not Found
Connection: keep-alive
Content-Length: 58
Content-Type: application/json
X-Request-Id: 676426374729638514400

{"error":"not_found","request_id":"","routine":"MIOROUTE"}HTTP/1.1 404 Not Found
Connection: keep-alive
Content-Length: 58
Content-Type: application/json
X-Request-Id: 676426374729655114400

{"error":"not_found","request_id":"","routine":"MIOROUTE"}HTTP/1.1 404 Not Found
Connection: keep-alive
Content-Length: 58
Content-Type: application/json
X-Request-Id: 676426374729667014400

{"error":"not_found","request_id":"","routine":"MIOROUTE"}HTTP/1.1 404 Not Found
Connection: keep-alive
Content-Length: 58
Content-Type: application/json
X-Request-Id: 676426374729679614400

{"error":"not_found","request_id":"","routine":"MIOROUTE"}HTTP/1.1 404 Not Found
Connection: keep-alive
Content-Length: 58
Content-Type: application/json
X-Request-Id: 676426374729697014400

{"error":"not_found","request_id":"","routine":"MIOROUTE"}HTTP/1.1 404 Not Found
Connection: keep-alive
Content-Length: 58
Content-Type: application/json
X-Request-Id: 676426374729715414400

{"error":"not_found","request_id":"","routine":"MIOROUTE"}HTTP/1.1 404 Not Found
Connection: keep-alive
Content-Length: 58
Content-Type: application/json
X-Request-Id: 676426374729731414400

{"error":"not_found","request_id":"","routine":"MIOROUTE"}HTTP/1.1 404 Not Found
Connection: keep-alive
Content-Length: 58
Content-Type: application/json
X-Request-Id: 676426374729746914400

{"error":"not_found","request_id":"","routine":"MIOROUTE"}HTTP/1.1 404 Not Found
Connection: keep-alive
Content-Length: 58
Content-Type: application/json
X-Request-Id: 676426374729761914400

{"error":"not_found","request_id":"","routine":"MIOROUTE"}HTTP/1.1 404 Not Found
Connection: keep-alive
Content-Length: 58
Content-Type: application/json
X-Request-Id: 676426374729777014400

{"error":"not_found","request_id":"","routine":"MIOROUTE"}HTTP/1.1 404 Not Found
Connection: keep-alive
Content-Length: 58
Content-Type: application/json
X-Request-Id: 676426374729791014400

{"error":"not_found","request_id":"","routine":"MIOROUTE"}HTTP/1.1 404 Not Found
Connection: keep-alive
Content-Length: 58
Content-Type: application/json
X-Request-Id: 676426374729801514400

{"error":"not_found","request_id":"","routine":"MIOROUTE"}HTTP/1.1 404 Not Found
Connection: keep-alive
Content-Length: 58
Content-Type: application/json
X-Request-Id: 676426374729815814400

{"error":"not_found","request_id":"","routine":"MIOROUTE"}HTTP/1.1 404 Not Found
Connection: keep-alive
Content-Length: 58
Content-Type: application/json
X-Request-Id: 676426374729842714400

{"error":"not_found","request_id":"","routine":"MIOROUTE"}HTTP/1.1 404 Not Found
Connection: keep-alive
Content-Length: 58
Content-Type: application/json
X-Request-Id: 676426374729858014400

{"error":"not_found","request_id":"","routine":"MIOROUTE"}HTTP/1.1 404 Not Found
Connection: keep-alive
Content-Length: 58
Content-Type: application/json
X-Request-Id: 676426374729871814400

{"error":"not_found","request_id":"","routine":"MIOROUTE"}HTTP/1.1 404 Not Found
Connection: keep-alive
Content-Length: 58
Content-Type: application/json
X-Request-Id: 676426374729885014400

{"error":"not_found","request_id":"","routine":"MIOROUTE"}HTTP/1.1 404 Not Found
Connection: keep-alive
Content-Length: 58
Content-Type: application/json
X-Request-Id: 676426374729895414400

{"error":"not_found","request_id":"","routine":"MIOROUTE"}HTTP/1.1 404 Not Found
Connection: keep-alive
Content-Length: 58
Content-Type: application/json
X-Request-Id: 676426374729908914400

{"error":"not_found","request_id":"","routine":"MIOROUTE"}HTTP/1.1 404 Not Found
Connection: keep-alive
Content-Length: 58
Content-Type: application/json
X-Request-Id: 676426374729922314400

{"error":"not_found","request_id":"","routine":"MIOROUTE"}HTTP/1.1 404 Not Found
Connection: keep-alive
Content-Length: 58
Content-Type: application/json
X-Request-Id: 676426374729935914400

{"error":"not_found","request_id":"","routine":"MIOROUTE"}HTTP/1.1 404 Not Found
Connection: keep-alive
Content-Length: 58
Content-Type: application/json
X-Request-Id: 676426374729949214400

{"error":"not_found","request_id":"","routine":"MIOROUTE"}HTTP/1.1 404 Not Found
Connection: keep-alive
Content-Length: 58
Content-Type: application/json
X-Request-Id: 676426374729963114400

{"error":"not_found","request_id":"","routine":"MIOROUTE"}HTTP/1.1 404 Not Found
Connection: keep-alive
Content-Length: 58
Content-Type: application/json
X-Request-Id: 676426374729976014400

{"error":"not_found","request_id":"","routine":"MIOROUTE"}HTTP/1.1 404 Not Found
Connection: keep-alive
Content-Length: 58
Content-Type: application/json
X-Request-Id: 676426374729995814400

{"error":"not_found","request_id":"","routine":"MIOROUTE"}HTTP/1.1 404 Not Found
Connection: keep-alive
Content-Length: 58
Content-Type: application/json
X-Request-Id: 676426374730010414400

{"error":"not_found","request_id":"","routine":"MIOROUTE"}HTTP/1.1 404 Not Found
Connection: keep-alive
Content-Length: 58
Content-Type: application/json
X-Request-Id: 676426374730023914400

{"error":"not_found","request_id":"","routine":"MIOROUTE"}HTTP/1.1 404 Not Found
Connection: keep-alive
Content-Length: 58
Content-Type: application/json
X-Request-Id: 676426374730036914400

{"error":"not_found","request_id":"","routine":"MIOROUTE"}HTTP/1.1 404 Not Found
Connection: keep-alive
Content-Length: 58
Content-Type: application/json
X-Request-Id: 676426374730050214400

{"error":"not_found","request_id":"","routine":"MIOROUTE"}HTTP/1.1 404 Not Found
Connection: keep-alive
Content-Length: 58
Content-Type: application/json
X-Request-Id: 676426374730063414400

{"error":"not_found","request_id":"","routine":"MIOROUTE"}HTTP/1.1 404 Not Found
Connection: keep-alive
Content-Length: 58
Content-Type: application/json
X-Request-Id: 676426374730076414400

{"error":"not_found","request_id":"","routine":"MIOROUTE"}HTTP/1.1 404 Not Found
Connection: keep-alive
Content-Length: 58
Content-Type: application/json
X-Request-Id: 676426374730089614400

{"error":"not_found","request_id":"","routine":"MIOROUTE"}HTTP/1.1 404 Not Found
Connection: keep-alive
Content-Length: 58
Content-Type: application/json
X-Request-Id: 676426374730102814400

{"error":"not_found","request_id":"","routine":"MIOROUTE"}HTTP/1.1 404 Not Found
Connection: keep-alive
Content-Length: 58
Content-Type: application/json
X-Request-Id: 676426374730115914400

{"error":"not_found","request_id":"","routine":"MIOROUTE"}HTTP/1.1 404 Not Found
Connection: keep-alive
Content-Length: 58
Content-Type: application/json
X-Request-Id: 676426374730128914400

{"error":"not_found","request_id":"","routine":"MIOROUTE"}HTTP/1.1 404 Not Found
Connection: keep-alive
Content-Length: 58
Content-Type: application/json
X-Request-Id: 676426374730142114400

{"error":"not_found","request_id":"","routine":"MIOROUTE"}HTTP/1.1 404 Not Found
Connection: keep-alive
Content-Length: 58
Content-Type: application/json
X-Request-Id: 676426374730154914400

{"error":"not_found","request_id":"","routine":"MIOROUTE"}HTTP/1.1 404 Not Found
Connection: keep-alive
Content-Length: 58
Content-Type: application/json
X-Request-Id: 676426374730168014400

{"error":"not_found","request_id":"","routine":"MIOROUTE"}HTTP/1.1 404 Not Found
Connection: keep-alive
Content-Length: 58
Content-Type: application/json
X-Request-Id: 676426374730181314400

{"error":"not_found","request_id":"","routine":"MIOROUTE"}HTTP/1.1 404 Not Found
Connection: keep-alive
Content-Length: 58
Content-Type: application/json
X-Request-Id: 676426374730194414400

{"error":"not_found","request_id":"","routine":"MIOROUTE"}HTTP/1.1 404 Not Found
Connection: keep-alive
Content-Length: 58
Content-Type: application/json
X-Request-Id: 676426374730208114400

{"error":"not_found","request_id":"","routine":"MIOROUTE"}HTTP/1.1 404 Not Found
Connection: keep-alive
Content-Length: 58
Content-Type: application/json
X-Request-Id: 676426374730221614400

{"error":"not_found","request_id":"","routine":"MIOROUTE"}HTTP/1.1 404 Not Found
Connection: keep-alive
Content-Length: 58
Content-Type: application/json
X-Request-Id: 676426374730236114400

{"error":"not_found","request_id":"","routine":"MIOROUTE"}HTTP/1.1 404 Not Found
Connection: keep-alive
Content-Length: 58
Content-Type: application/json
X-Request-Id: 676426374730249514400

{"error":"not_found","request_id":"","routine":"MIOROUTE"}HTTP/1.1 404 Not Found
Connection: keep-alive
Content-Length: 58
Content-Type: application/json
X-Request-Id: 676426374730262814400

{"error":"not_found","request_id":"","routine":"MIOROUTE"}HTTP/1.1 404 Not Found
Connection: keep-alive
Content-Length: 58
Content-Type: application/json
X-Request-Id: 676426374730289014400

{"error":"not_found","request_id":"","routine":"MIOROUTE"}HTTP/1.1 404 Not Found
Connection: keep-alive
Content-Length: 58
Content-Type: application/json
X-Request-Id: 676426374730303514400

{"error":"not_found","request_id":"","routine":"MIOROUTE"}HTTP/1.1 404 Not Found
Connection: keep-alive
Content-Length: 58
Content-Type: application/json
X-Request-Id: 676426374730317114400

{"error":"not_found","request_id":"","routine":"MIOROUTE"}HTTP/1.1 404 Not Found
Connection: keep-alive
Content-Length: 58
Content-Type: application/json
X-Request-Id: 676426374730327914400

{"error":"not_found","request_id":"","routine":"MIOROUTE"}HTTP/1.1 404 Not Found
Connection: keep-alive
Content-Length: 58
Content-Type: application/json
X-Request-Id: 676426374730338314400

{"error":"not_found","request_id":"","routine":"MIOROUTE"}HTTP/1.1 404 Not Found
Connection: keep-alive
Content-Length: 58
Content-Type: application/json
X-Request-Id: 676426374730348314400

{"error":"not_found","request_id":"","routine":"MIOROUTE"}HTTP/1.1 404 Not Found
Connection: keep-alive
Content-Length: 58
Content-Type: application/json
X-Request-Id: 676426374730359314400

{"error":"not_found","request_id":"","routine":"MIOROUTE"}HTTP/1.1 404 Not Found
Connection: keep-alive
Content-Length: 58
Content-Type: application/json
X-Request-Id: 676426374730369314400

{"error":"not_found","request_id":"","routine":"MIOROUTE"}HTTP/1.1 404 Not Found
Connection: keep-alive
Content-Length: 58
Content-Type: application/json
X-Request-Id: 676426374730379614400

{"error":"not_found","request_id":"","routine":"MIOROUTE"}HTTP/1.1 404 Not Found
Connection: keep-alive
Content-Length: 58
Content-Type: application/json
X-Request-Id: 676426374730390414400

{"error":"not_found","request_id":"","routine":"MIOROUTE"}HTTP/1.1 404 Not Found
Connection: keep-alive
Content-Length: 58
Content-Type: application/json
X-Request-Id: 676426374730403014400

{"error":"not_found","request_id":"","routine":"MIOROUTE"}HTTP/1.1 404 Not Found
Connection: keep-alive
Content-Length: 58
Content-Type: application/json
X-Request-Id: 676426374730413214400

{"error":"not_found","request_id":"","routine":"MIOROUTE"}HTTP/1.1 404 Not Found
Connection: keep-alive
Content-Length: 58
Content-Type: application/json
X-Request-Id: 676426374730423414400

{"error":"not_found","request_id":"","routine":"MIOROUTE"}HTTP/1.1 404 Not Found
Connection: keep-alive
Content-Length: 58
Content-Type: application/json
X-Request-Id: 676426374730433514400

{"error":"not_found","request_id":"","routine":"MIOROUTE"}HTTP/1.1 404 Not Found
Connection: keep-alive
Content-Length: 58
Content-Type: application/json
X-Request-Id: 676426374730443114400

{"error":"not_found","request_id":"","routine":"MIOROUTE"}HTTP/1.1 404 Not Found
Connection: keep-alive
Content-Length: 58
Content-Type: application/json
X-Request-Id: 676426374730453314400

{"error":"not_found","request_id":"","routine":"MIOROUTE"}HTTP/1.1 404 Not Found
Connection: keep-alive
Content-Length: 58
Content-Type: application/json
X-Request-Id: 676426374730463314400

{"error":"not_found","request_id":"","routine":"MIOROUTE"}HTTP/1.1 404 Not Found
Connection: keep-alive
Content-Length: 58
Content-Type: application/json
X-Request-Id: 676426374730473114400

{"error":"not_found","request_id":"","routine":"MIOROUTE"}HTTP/1.1 404 Not Found
Connection: keep-alive
Content-Length: 58
Content-Type: application/json
X-Request-Id: 676426374730483014400

{"error":"not_found","request_id":"","routine":"MIOROUTE"}HTTP/1.1 404 Not Found
Connection: keep-alive
Content-Length: 58
Content-Type: application/json
X-Request-Id: 676426374730492514400

{"error":"not_found","request_id":"","routine":"MIOROUTE"}HTTP/1.1 404 Not Found
Connection: keep-alive
Content-Length: 58
Content-Type: application/json
X-Request-Id: 676426374730502114400

{"error":"not_found","request_id":"","routine":"MIOROUTE"}HTTP/1.1 404 Not Found
Connection: keep-alive
Content-Length: 58
Content-Type: application/json
X-Request-Id: 676426374730513214400

{"error":"not_found","request_id":"","routine":"MIOROUTE"}HTTP/1.1 404 Not Found
Connection: keep-alive
Content-Length: 58
Content-Type: application/json
X-Request-Id: 676426374730522814400

{"error":"not_found","request_id":"","routine":"MIOROUTE"}HTTP/1.1 404 Not Found
Connection: keep-alive
Content-Length: 58
Content-Type: application/json
X-Request-Id: 676426374730533014400

{"error":"not_found","request_id":"","routine":"MIOROUTE"}HTTP/1.1 404 Not Found
Connection: keep-alive
Content-Length: 58
Content-Type: application/json
X-Request-Id: 676426374730542714400

{"error":"not_found","request_id":"","routine":"MIOROUTE"}HTTP/1.1 404 Not Found
Connection: keep-alive
Content-Length: 58
Content-Type: application/json
X-Request-Id: 676426374730554814400

{"error":"not_found","request_id":"","routine":"MIOROUTE"}HTTP/1.1 404 Not Found
Connection: keep-alive
Content-Length: 58
Content-Type: application/json
X-Request-Id: 676426374730564314400

{"error":"not_found","request_id":"","routine":"MIOROUTE"}HTTP/1.1 404 Not Found
Connection: keep-alive
Content-Length: 58
Content-Type: application/json
X-Request-Id: 676426374730575414400

{"error":"not_found","request_id":"","routine":"MIOROUTE"}HTTP/1.1 404 Not Found
Connection: keep-alive
Content-Length: 58
Content-Type: application/json
X-Request-Id: 676426374730586514400

{"error":"not_found","request_id":"","routine":"MIOROUTE"}HTTP/1.1 404 Not Found
Connection: keep-alive
Content-Length: 58
Content-Type: application/json
X-Request-Id: 676426374730595114400

{"error":"not_found","request_id":"","routine":"MIOROUTE"}HTTP/1.1 404 Not Found
Connection: keep-alive
Content-Length: 58
Content-Type: application/json
X-Request-Id: 676426374730606114400

{"error":"not_found","request_id":"","routine":"MIOROUTE"}HTTP/1.1 404 Not Found
Connection: keep-alive
Content-Length: 58
Content-Type: application/json
X-Request-Id: 676426374730614414400

{"error":"not_found","request_id":"","routine":"MIOROUTE"}HTTP/1.1 404 Not Found
Connection: keep-alive
Content-Length: 58
Content-Type: application/json
X-Request-Id: 676426374730621614400

{"error":"not_found","request_id":"","routine":"MIOROUTE"}HTTP/1.1 404 Not Found
Connection: keep-alive
Content-Length: 58
Content-Type: application/json
X-Request-Id: 676426374730640614400

{"error":"not_found","request_id":"","routine":"MIOROUTE"}HTTP/1.1 404 Not Found
Connection: keep-alive
Content-Length: 58
Content-Type: application/json
X-Request-Id: 676426374730650914400

{"error":"not_found","request_id":"","routine":"MIOROUTE"}HTTP/1.1 404 Not Found
Connection: keep-alive
Content-Length: 58
Content-Type: application/json
X-Request-Id: 676426374730657714400

{"error":"not_found","request_id":"","routine":"MIOROUTE"}HTTP/1.1 404 Not Found
Connection: keep-alive
Content-Length: 58
Content-Type: application/json
X-Request-Id: 676426374730664314400

{"error":"not_found","request_id":"","routine":"MIOROUTE"}HTTP/1.1 404 Not Found
Connection: keep-alive
Content-Length: 58
Content-Type: application/json
X-Request-Id: 676426374730674314400

{"error":"not_found","request_id":"","routine":"MIOROUTE"}HTTP/1.1 404 Not Found
Connection: keep-alive
Content-Length: 58
Content-Type: application/json
X-Request-Id: 676426374730686114400

{"error":"not_found","request_id":"","routine":"MIOROUTE"}HTTP/1.1 404 Not Found
Connection: keep-alive
Content-Length: 58
Content-Type: application/json
X-Request-Id: 676426374730697714400

{"error":"not_found","request_id":"","routine":"MIOROUTE"}HTTP/1.1 404 Not Found
Connection: keep-alive
Content-Length: 58
Content-Type: application/json
X-Request-Id: 676426374730716414400

{"error":"not_found","request_id":"","routine":"MIOROUTE"}HTTP/1.1 404 Not Found
Connection: keep-alive
Content-Length: 58
Content-Type: application/json
X-Request-Id: 676426374730732714400

{"error":"not_found","request_id":"","routine":"MIOROUTE"}HTTP/1.1 404 Not Found
Connection: keep-alive
Content-Length: 58
Content-Type: application/json
X-Request-Id: 676426374730749214400

{"error":"not_found","request_id":"","routine":"MIOROUTE"}HTTP/1.1 404 Not Found
Connection: keep-alive
Content-Length: 58
Content-Type: application/json
X-Request-Id: 676426374730764514400

{"error":"not_found","request_id":"","routine":"MIOROUTE"}HTTP/1.1 404 Not Found
Connection: keep-alive
Content-Length: 58
Content-Type: application/json
X-Request-Id: 676426374730777014400

{"error":"not_found","request_id":"","routine":"MIOROUTE"}HTTP/1.1 404 Not Found
Connection: keep-alive
Content-Length: 58
Content-Type: application/json
X-Request-Id: 676426374730789714400

{"error":"not_found","request_id":"","routine":"MIOROUTE"}HTTP/1.1 404 Not Found
Connection: keep-alive
Content-Length: 58
Content-Type: application/json
X-Request-Id: 676426374730804614400

{"error":"not_found","request_id":"","routine":"MIOROUTE"}HTTP/1.1 404 Not Found
Connection: keep-alive
Content-Length: 58
Content-Type: application/json
X-Request-Id: 676426374730816714400

{"error":"not_found","request_id":"","routine":"MIOROUTE"}HTTP/1.1 404 Not Found
Connection: keep-alive
Content-Length: 58
Content-Type: application/json
X-Request-Id: 676426374730827114400

{"error":"not_found","request_id":"","routine":"MIOROUTE"}HTTP/1.1 404 Not Found
Connection: keep-alive
Content-Length: 58
Content-Type: application/json
X-Request-Id: 676426374730834014400

{"error":"not_found","request_id":"","routine":"MIOROUTE"}HTTP/1.1 404 Not Found
Connection: keep-alive
Content-Length: 58
Content-Type: application/json
X-Request-Id: 676426374730845214400

{"error":"not_found","request_id":"","routine":"MIOROUTE"}HTTP/1.1 404 Not Found
Connection: keep-alive
Content-Length: 58
Content-Type: application/json
X-Request-Id: 676426374730859614400

{"error":"not_found","request_id":"","routine":"MIOROUTE"}HTTP/1.1 404 Not Found
Connection: keep-alive
Content-Length: 58
Content-Type: application/json
X-Request-Id: 676426374730875714400

{"error":"not_found","request_id":"","routine":"MIOROUTE"}HTTP/1.1 404 Not Found
Connection: keep-alive
Content-Length: 58
Content-Type: application/json
X-Request-Id: 676426374730893614400

{"error":"not_found","request_id":"","routine":"MIOROUTE"}HTTP/1.1 404 Not Found
Connection: keep-alive
Content-Length: 58
Content-Type: application/json
X-Request-Id: 676426374730921914400

{"error":"not_found","request_id":"","routine":"MIOROUTE"}HTTP/1.1 404 Not Found
Connection: keep-alive
Content-Length: 58
Content-Type: application/json
X-Request-Id: 676426374730938514400

{"error":"not_found","request_id":"","routine":"MIOROUTE"}HTTP/1.1 404 Not Found
Connection: keep-alive
Content-Length: 58
Content-Type: application/json
X-Request-Id: 676426374730948014400

{"error":"not_found","request_id":"","routine":"MIOROUTE"}HTTP/1.1 404 Not Found
Connection: keep-alive
Content-Length: 58
Content-Type: application/json
X-Request-Id: 676426374731031614400

{"error":"not_found","request_id":"","routine":"MIOROUTE"}HTTP/1.1 404 Not Found
Connection: keep-alive
Content-Length: 58
Content-Type: application/json
X-Request-Id: 676426374731105014400

{"error":"not_found","request_id":"","routine":"MIOROUTE"}HTTP/1.1 404 Not Found
Connection: keep-alive
Content-Length: 58
Content-Type: application/json
X-Request-Id: 676426374731166314400

{"error":"not_found","request_id":"","routine":"MIOROUTE"}HTTP/1.1 404 Not Found
Connection: keep-alive
Content-Length: 58
Content-Type: application/json
X-Request-Id: 676426374731188114400

{"error":"not_found","request_id":"","routine":"MIOROUTE"}HTTP/1.1 404 Not Found
Connection: keep-alive
Content-Length: 58
Content-Type: application/json
X-Request-Id: 676426374731206714400

{"error":"not_found","request_id":"","routine":"MIOROUTE"}HTTP/1.1 404 Not Found
Connection: keep-alive
Content-Length: 58
Content-Type: application/json
X-Request-Id: 676426374731223214400

{"error":"not_found","request_id":"","routine":"MIOROUTE"}HTTP/1.1 404 Not Found
Connection: keep-alive
Content-Length: 58
Content-Type: application/json
X-Request-Id: 676426374731236414400

{"error":"not_found","request_id":"","routine":"MIOROUTE"}HTTP/1.1 404 Not Found
Connection: keep-alive
Content-Length: 58
Content-Type: application/json
X-Request-Id: 676426374731248614400

{"error":"not_found","request_id":"","routine":"MIOROUTE"}HTTP/1.1 404 Not Found
Connection: keep-alive
Content-Length: 58
Content-Type: application/json
X-Request-Id: 676426374731281714400

{"error":"not_found","request_id":"","routine":"MIOROUTE"}HTTP/1.1 404 Not Found
Connection: keep-alive
Content-Length: 58
Content-Type: application/json
X-Request-Id: 676426374731295814400

{"error":"not_found","request_id":"","routine":"MIOROUTE"}HTTP/1.1 404 Not Found
Connection: keep-alive
Content-Length: 58
Content-Type: application/json
X-Request-Id: 676426374731309114400

{"error":"not_found","request_id":"","routine":"MIOROUTE"}HTTP/1.1 404 Not Found
Connection: keep-alive
Content-Length: 58
Content-Type: application/json
X-Request-Id: 676426374731323414400

{"error":"not_found","request_id":"","routine":"MIOROUTE"}HTTP/1.1 404 Not Found
Connection: keep-alive
Content-Length: 58
Content-Type: application/json
X-Request-Id: 676426374731334614400

{"error":"not_found","request_id":"","routine":"MIOROUTE"}HTTP/1.1 404 Not Found
Connection: keep-alive
Content-Length: 58
Content-Type: application/json
X-Request-Id: 676426374731345614400

{"error":"not_found","request_id":"","routine":"MIOROUTE"}HTTP/1.1 404 Not Found
Connection: keep-alive
Content-Length: 58
Content-Type: application/json
X-Request-Id: 676426374731357014400

{"error":"not_found","request_id":"","routine":"MIOROUTE"}HTTP/1.1 404 Not Found
Connection: keep-alive
Content-Length: 58
Content-Type: application/json
X-Request-Id: 676426374731368914400

{"error":"not_found","request_id":"","routine":"MIOROUTE"}HTTP/1.1 404 Not Found
Connection: keep-alive
Content-Length: 58
Content-Type: application/json
X-Request-Id: 676426374731380814400

{"error":"not_found","request_id":"","routine":"MIOROUTE"}HTTP/1.1 404 Not Found
Connection: keep-alive
Content-Length: 58
Content-Type: application/json
X-Request-Id: 676426374731395614400

{"error":"not_found","request_id":"","routine":"MIOROUTE"}HTTP/1.1 404 Not Found
Connection: keep-alive
Content-Length: 58
Content-Type: application/json
X-Request-Id: 676426374731408114400

{"error":"not_found","request_id":"","routine":"MIOROUTE"}HTTP/1.1 404 Not Found
Connection: keep-alive
Content-Length: 58
Content-Type: application/json
X-Request-Id: 676426374731419814400

{"error":"not_found","request_id":"","routine":"MIOROUTE"}HTTP/1.1 404 Not Found
Connection: keep-alive
Content-Length: 58
Content-Type: application/json
X-Request-Id: 676426374731431914400

{"error":"not_found","request_id":"","routine":"MIOROUTE"}HTTP/1.1 404 Not Found
Connection: keep-alive
Content-Length: 58
Content-Type: application/json
X-Request-Id: 676426374731445114400

{"error":"not_found","request_id":"","routine":"MIOROUTE"}HTTP/1.1 404 Not Found
Connection: keep-alive
Content-Length: 58
Content-Type: application/json
X-Request-Id: 676426374731457214400

{"error":"not_found","request_id":"","routine":"MIOROUTE"}HTTP/1.1 404 Not Found
Connection: keep-alive
Content-Length: 58
Content-Type: application/json
X-Request-Id: 676426374731474114400

{"error":"not_found","request_id":"","routine":"MIOROUTE"}HTTP/1.1 404 Not Found
Connection: keep-alive
Content-Length: 58
Content-Type: application/json
X-Request-Id: 676426374731487314400

{"error":"not_found","request_id":"","routine":"MIOROUTE"}HTTP/1.1 404 Not Found
Connection: keep-alive
Content-Length: 58
Content-Type: application/json
X-Request-Id: 676426374731499514400

{"error":"not_found","request_id":"","routine":"MIOROUTE"}HTTP/1.1 404 Not Found
Connection: keep-alive
Content-Length: 58
Content-Type: application/json
X-Request-Id: 676426374731513214400

{"error":"not_found","request_id":"","routine":"MIOROUTE"}HTTP/1.1 404 Not Found
Connection: keep-alive
Content-Length: 58
Content-Type: application/json
X-Request-Id: 676426374731525314400

{"error":"not_found","request_id":"","routine":"MIOROUTE"}HTTP/1.1 404 Not Found
Connection: keep-alive
Content-Length: 58
Content-Type: application/json
X-Request-Id: 676426374731536714400

{"error":"not_found","request_id":"","routine":"MIOROUTE"}HTTP/1.1 404 Not Found
Connection: keep-alive
Content-Length: 58
Content-Type: application/json
X-Request-Id: 676426374731547314400

{"error":"not_found","request_id":"","routine":"MIOROUTE"}HTTP/1.1 404 Not Found
Connection: keep-alive
Content-Length: 58
Content-Type: application/json
X-Request-Id: 676426374731558814400

{"error":"not_found","request_id":"","routine":"MIOROUTE"}HTTP/1.1 404 Not Found
Connection: keep-alive
Content-Length: 58
Content-Type: application/json
X-Request-Id: 676426374731569214400

{"error":"not_found","request_id":"","routine":"MIOROUTE"}HTTP/1.1 404 Not Found
Connection: keep-alive
Content-Length: 58
Content-Type: application/json
X-Request-Id: 676426374731580414400

{"error":"not_found","request_id":"","routine":"MIOROUTE"}HTTP/1.1 404 Not Found
Connection: keep-alive
Content-Length: 58
Content-Type: application/json
X-Request-Id: 676426374731592714400

{"error":"not_found","request_id":"","routine":"MIOROUTE"}HTTP/1.1 404 Not Found
Connection: keep-alive
Content-Length: 58
Content-Type: application/json
X-Request-Id: 676426374731601114400

{"error":"not_found","request_id":"","routine":"MIOROUTE"}HTTP/1.1 404 Not Found
Connection: keep-alive
Content-Length: 58
Content-Type: application/json
X-Request-Id: 676426374731611814400

{"error":"not_found","request_id":"","routine":"MIOROUTE"}HTTP/1.1 404 Not Found
Connection: keep-alive
Content-Length: 58
Content-Type: application/json
X-Request-Id: 676426374731622314400

{"error":"not_found","request_id":"","routine":"MIOROUTE"}HTTP/1.1 404 Not Found
Connection: keep-alive
Content-Length: 58
Content-Type: application/json
X-Request-Id: 676426374731632914400

{"error":"not_found","request_id":"","routine":"MIOROUTE"}HTTP/1.1 404 Not Found
Connection: keep-alive
Content-Length: 58
Content-Type: application/json
X-Request-Id: 676426374731644014400

{"error":"not_found","request_id":"","routine":"MIOROUTE"}HTTP/1.1 404 Not Found
Connection: keep-alive
Content-Length: 58
Content-Type: application/json
X-Request-Id: 676426374731655114400

{"error":"not_found","request_id":"","routine":"MIOROUTE"}HTTP/1.1 404 Not Found
Connection: keep-alive
Content-Length: 58
Content-Type: application/json
X-Request-Id: 676426374731666114400

{"error":"not_found","request_id":"","routine":"MIOROUTE"}HTTP/1.1 404 Not Found
Connection: keep-alive
Content-Length: 58
Content-Type: application/json
X-Request-Id: 676426374731688214400

{"error":"not_found","request_id":"","routine":"MIOROUTE"}HTTP/1.1 404 Not Found
Connection: keep-alive
Content-Length: 58
Content-Type: application/json
X-Request-Id: 676426374731698914400

{"error":"not_found","request_id":"","routine":"MIOROUTE"}HTTP/1.1 404 Not Found
Connection: keep-alive
Content-Length: 58
Content-Type: application/json
X-Request-Id: 676426374731710114400

{"error":"not_found","request_id":"","routine":"MIOROUTE"}HTTP/1.1 404 Not Found
Connection: keep-alive
Content-Length: 58
Content-Type: application/json
X-Request-Id: 676426374731721214400

{"error":"not_found","request_id":"","routine":"MIOROUTE"}HTTP/1.1 404 Not Found
Connection: keep-alive
Content-Length: 58
Content-Type: application/json
X-Request-Id: 676426374731732314400

{"error":"not_found","request_id":"","routine":"MIOROUTE"}HTTP/1.1 404 Not Found
Connection: keep-alive
Content-Length: 58
Content-Type: application/json
X-Request-Id: 676426374731743414400

{"error":"not_found","request_id":"","routine":"MIOROUTE"}HTTP/1.1 404 Not Found
Connection: keep-alive
Content-Length: 58
Content-Type: application/json
X-Request-Id: 676426374731756714400

{"error":"not_found","request_id":"","routine":"MIOROUTE"}HTTP/1.1 404 Not Found
Connection: keep-alive
Content-Length: 58
Content-Type: application/json
X-Request-Id: 676426374731767114400

{"error":"not_found","request_id":"","routine":"MIOROUTE"}HTTP/1.1 404 Not Found
Connection: keep-alive
Content-Length: 58
Content-Type: application/json
X-Request-Id: 676426374731778214400

{"error":"not_found","request_id":"","routine":"MIOROUTE"}HTTP/1.1 404 Not Found
Connection: keep-alive
Content-Length: 58
Content-Type: application/json
X-Request-Id: 676426374731789214400

{"error":"not_found","request_id":"","routine":"MIOROUTE"}HTTP/1.1 404 Not Found
Connection: keep-alive
Content-Length: 58
Content-Type: application/json
X-Request-Id: 676426374731800214400

{"error":"not_found","request_id":"","routine":"MIOROUTE"}HTTP/1.1 404 Not Found
Connection: keep-alive
Content-Length: 58
Content-Type: application/json
X-Request-Id: 676426374731814614400

{"error":"not_found","request_id":"","routine":"MIOROUTE"}HTTP/1.1 404 Not Found
Connection: keep-alive
Content-Length: 58
Content-Type: application/json
X-Request-Id: 676426374731824914400

{"error":"not_found","request_id":"","routine":"MIOROUTE"}HTTP/1.1 404 Not Found
Connection: keep-alive
Content-Length: 58
Content-Type: application/json
X-Request-Id: 676426374731836014400

{"error":"not_found","request_id":"","routine":"MIOROUTE"}HTTP/1.1 404 Not Found
Connection: keep-alive
Content-Length: 58
Content-Type: application/json
X-Request-Id: 676426374731847014400

{"error":"not_found","request_id":"","routine":"MIOROUTE"}HTTP/1.1 404 Not Found
Connection: keep-alive
Content-Length: 58
Content-Type: application/json
X-Request-Id: 676426374731858014400

{"error":"not_found","request_id":"","routine":"MIOROUTE"}HTTP/1.1 404 Not Found
Connection: keep-alive
Content-Length: 58
Content-Type: application/json
X-Request-Id: 676426374731868914400

{"error":"not_found","request_id":"","routine":"MIOROUTE"}HTTP/1.1 404 Not Found
Connection: keep-alive
Content-Length: 58
Content-Type: application/json
X-Request-Id: 676426374731879914400

{"error":"not_found","request_id":"","routine":"MIOROUTE"}HTTP/1.1 404 Not Found
Connection: keep-alive
Content-Length: 58
Content-Type: application/json
X-Request-Id: 676426374731890714400

{"error":"not_found","request_id":"","routine":"MIOROUTE"}HTTP/1.1 404 Not Found
Connection: keep-alive
Content-Length: 58
Content-Type: application/json
X-Request-Id: 676426374731901814400

{"error":"not_found","request_id":"","routine":"MIOROUTE"}HTTP/1.1 404 Not Found
Connection: keep-alive
Content-Length: 58
Content-Type: application/json
X-Request-Id: 676426374731912714400

{"error":"not_found","request_id":"","routine":"MIOROUTE"}HTTP/1.1 404 Not Found
Connection: keep-alive
Content-Length: 58
Content-Type: application/json
X-Request-Id: 676426374731923014400

{"error":"not_found","request_id":"","routine":"MIOROUTE"}HTTP/1.1 404 Not Found
Connection: keep-alive
Content-Length: 58
Content-Type: application/json
X-Request-Id: 676426374731930614400

{"error":"not_found","request_id":"","routine":"MIOROUTE"}HTTP/1.1 404 Not Found
Connection: keep-alive
Content-Length: 58
Content-Type: application/json
X-Request-Id: 676426374731941514400

{"error":"not_found","request_id":"","routine":"MIOROUTE"}HTTP/1.1 404 Not Found
Connection: keep-alive
Content-Length: 58
Content-Type: application/json
X-Request-Id: 676426374731953114400

{"error":"not_found","request_id":"","routine":"MIOROUTE"}HTTP/1.1 404 Not Found
Connection: keep-alive
Content-Length: 58
Content-Type: application/json
X-Request-Id: 676426374731964014400

{"error":"not_found","request_id":"","routine":"MIOROUTE"}HTTP/1.1 404 Not Found
Connection: keep-alive
Content-Length: 58
Content-Type: application/json
X-Request-Id: 676426374731974914400

{"error":"not_found","request_id":"","routine":"MIOROUTE"}HTTP/1.1 404 Not Found
Connection: keep-alive
Content-Length: 58
Content-Type: application/json
X-Request-Id: 676426374731986914400

{"error":"not_found","request_id":"","routine":"MIOROUTE"}HTTP/1.1 404 Not Found
Connection: keep-alive
Content-Length: 58
Content-Type: application/json
X-Request-Id: 676426374732001814400

{"error":"not_found","request_id":"","routine":"MIOROUTE"}HTTP/1.1 404 Not Found
Connection: keep-alive
Content-Length: 58
Content-Type: application/json
X-Request-Id: 676426374732012914400

{"error":"not_found","request_id":"","routine":"MIOROUTE"}HTTP/1.1 404 Not Found
Connection: keep-alive
Content-Length: 58
Content-Type: application/json
X-Request-Id: 676426374732023914400

{"error":"not_found","request_id":"","routine":"MIOROUTE"}HTTP/1.1 404 Not Found
Connection: keep-alive
Content-Length: 58
Content-Type: application/json
X-Request-Id: 676426374732035114400

{"error":"not_found","request_id":"","routine":"MIOROUTE"}HTTP/1.1 404 Not Found
Connection: keep-alive
Content-Length: 58
Content-Type: application/json
X-Request-Id: 676426374732054814400

{"error":"not_found","request_id":"","routine":"MIOROUTE"}HTTP/1.1 404 Not Found
Connection: keep-alive
Content-Length: 58
Content-Type: application/json
X-Request-Id: 676426374732065414400

{"error":"not_found","request_id":"","routine":"MIOROUTE"}HTTP/1.1 404 Not Found
Connection: keep-alive
Content-Length: 58
Content-Type: application/json
X-Request-Id: 676426374732076514400

{"error":"not_found","request_id":"","routine":"MIOROUTE"}HTTP/1.1 404 Not Found
Connection: keep-alive
Content-Length: 58
Content-Type: application/json
X-Request-Id: 676426374732087614400

{"error":"not_found","request_id":"","routine":"MIOROUTE"}HTTP/1.1 404 Not Found
Connection: keep-alive
Content-Length: 58
Content-Type: application/json
X-Request-Id: 676426374732098614400

{"error":"not_found","request_id":"","routine":"MIOROUTE"}HTTP/1.1 404 Not Found
Connection: keep-alive
Content-Length: 58
Content-Type: application/json
X-Request-Id: 676426374732109814400

{"error":"not_found","request_id":"","routine":"MIOROUTE"}HTTP/1.1 404 Not Found
Connection: keep-alive
Content-Length: 58
Content-Type: application/json
X-Request-Id: 676426374732120814400

{"error":"not_found","request_id":"","routine":"MIOROUTE"}HTTP/1.1 404 Not Found
Connection: keep-alive
Content-Length: 58
Content-Type: application/json
X-Request-Id: 676426374732131714400

{"error":"not_found","request_id":"","routine":"MIOROUTE"}HTTP/1.1 404 Not Found
Connection: keep-alive
Content-Length: 58
Content-Type: application/json
X-Request-Id: 676426374732142714400

{"error":"not_found","request_id":"","routine":"MIOROUTE"}HTTP/1.1 404 Not Found
Connection: keep-alive
Content-Length: 58
Content-Type: application/json
X-Request-Id: 676426374732153614400

{"error":"not_found","request_id":"","routine":"MIOROUTE"}HTTP/1.1 404 Not Found
Connection: keep-alive
Content-Length: 58
Content-Type: application/json
X-Request-Id: 676426374732164514400

{"error":"not_found","request_id":"","routine":"MIOROUTE"}HTTP/1.1 404 Not Found
Connection: keep-alive
Content-Length: 58
Content-Type: application/json
X-Request-Id: 676426374732175514400

{"error":"not_found","request_id":"","routine":"MIOROUTE"}HTTP/1.1 404 Not Found
Connection: keep-alive
Content-Length: 58
Content-Type: application/json
X-Request-Id: 676426374732186314400

{"error":"not_found","request_id":"","routine":"MIOROUTE"}HTTP/1.1 404 Not Found
Connection: keep-alive
Content-Length: 58
Content-Type: application/json
X-Request-Id: 676426374732197214400

{"error":"not_found","request_id":"","routine":"MIOROUTE"}HTTP/1.1 404 Not Found
Connection: keep-alive
Content-Length: 58
Content-Type: application/json
X-Request-Id: 676426374732208114400

{"error":"not_found","request_id":"","routine":"MIOROUTE"}HTTP/1.1 404 Not Found
Connection: keep-alive
Content-Length: 58
Content-Type: application/json
X-Request-Id: 676426374732219014400

{"error":"not_found","request_id":"","routine":"MIOROUTE"}HTTP/1.1 404 Not Found
Connection: keep-alive
Content-Length: 58
Content-Type: application/json
X-Request-Id: 676426374732230714400

{"error":"not_found","request_id":"","routine":"MIOROUTE"}HTTP/1.1 404 Not Found
Connection: keep-alive
Content-Length: 58
Content-Type: application/json
X-Request-Id: 676426374732241614400

{"error":"not_found","request_id":"","routine":"MIOROUTE"}HTTP/1.1 404 Not Found
Connection: keep-alive
Content-Length: 58
Content-Type: application/json
X-Request-Id: 676426374732252614400

{"error":"not_found","request_id":"","routine":"MIOROUTE"}HTTP/1.1 404 Not Found
Connection: keep-alive
Content-Length: 58
Content-Type: application/json
X-Request-Id: 676426374732263514400

{"error":"not_found","request_id":"","routine":"MIOROUTE"}HTTP/1.1 404 Not Found
Connection: keep-alive
Content-Length: 58
Content-Type: application/json
X-Request-Id: 676426374732274414400

{"error":"not_found","request_id":"","routine":"MIOROUTE"}HTTP/1.1 404 Not Found
Connection: keep-alive
Content-Length: 58
Content-Type: application/json
X-Request-Id: 676426374732285314400

{"error":"not_found","request_id":"","routine":"MIOROUTE"}HTTP/1.1 404 Not Found
Connection: keep-alive
Content-Length: 58
Content-Type: application/json
X-Request-Id: 676426374732298414400

{"error":"not_found","request_id":"","routine":"MIOROUTE"}HTTP/1.1 404 Not Found
Connection: keep-alive
Content-Length: 58
Content-Type: application/json
X-Request-Id: 676426374732308214400

{"error":"not_found","request_id":"","routine":"MIOROUTE"}HTTP/1.1 404 Not Found
Connection: keep-alive
Content-Length: 58
Content-Type: application/json
X-Request-Id: 676426374732318814400

{"error":"not_found","request_id":"","routine":"MIOROUTE"}HTTP/1.1 404 Not Found
Connection: keep-alive
Content-Length: 58
Content-Type: application/json
X-Request-Id: 676426374732329014400

{"error":"not_found","request_id":"","routine":"MIOROUTE"}HTTP/1.1 404 Not Found
Connection: keep-alive
Content-Length: 58
Content-Type: application/json
X-Request-Id: 676426374732339914400

{"error":"not_found","request_id":"","routine":"MIOROUTE"}HTTP/1.1 404 Not Found
Connection: keep-alive
Content-Length: 58
Content-Type: application/json
X-Request-Id: 676426374732350814400

{"error":"not_found","request_id":"","routine":"MIOROUTE"}HTTP/1.1 404 Not Found
Connection: keep-alive
Content-Length: 58
Content-Type: application/json
X-Request-Id: 676426374732361914400

{"error":"not_found","request_id":"","routine":"MIOROUTE"}HTTP/1.1 404 Not Found
Connection: keep-alive
Content-Length: 58
Content-Type: application/json
X-Request-Id: 676426374732372514400

{"error":"not_found","request_id":"","routine":"MIOROUTE"}HTTP/1.1 404 Not Found
Connection: keep-alive
Content-Length: 58
Content-Type: application/json
X-Request-Id: 676426374732382614400

{"error":"not_found","request_id":"","routine":"MIOROUTE"}HTTP/1.1 404 Not Found
Connection: keep-alive
Content-Length: 58
Content-Type: application/json
X-Request-Id: 676426374732394614400

{"error":"not_found","request_id":"","routine":"MIOROUTE"}HTTP/1.1 404 Not Found
Connection: keep-alive
Content-Length: 58
Content-Type: application/json
X-Request-Id: 676426374732413214400

{"error":"not_found","request_id":"","routine":"MIOROUTE"}HTTP/1.1 404 Not Found
Connection: keep-alive
Content-Length: 58
Content-Type: application/json
X-Request-Id: 676426374732423914400

{"error":"not_found","request_id":"","routine":"MIOROUTE"}HTTP/1.1 404 Not Found
Connection: keep-alive
Content-Length: 58
Content-Type: application/json
X-Request-Id: 676426374732434914400

{"error":"not_found","request_id":"","routine":"MIOROUTE"}HTTP/1.1 404 Not Found
Connection: keep-alive
Content-Length: 58
Content-Type: application/json
X-Request-Id: 676426374732445914400

{"error":"not_found","request_id":"","routine":"MIOROUTE"}HTTP/1.1 404 Not Found
Connection: keep-alive
Content-Length: 58
Content-Type: application/json
X-Request-Id: 676426374732565614400

{"error":"not_found","request_id":"","routine":"MIOROUTE"}HTTP/1.1 404 Not Found
Connection: keep-alive
Content-Length: 58
Content-Type: application/json
X-Request-Id: 676426374732588414400

{"error":"not_found","request_id":"","routine":"MIOROUTE"}HTTP/1.1 404 Not Found
Connection: keep-alive
Content-Length: 58
Content-Type: application/json
X-Request-Id: 676426374732604014400

{"error":"not_found","request_id":"","routine":"MIOROUTE"}HTTP/1.1 404 Not Found
Connection: keep-alive
Content-Length: 58
Content-Type: application/json
X-Request-Id: 676426374732618714400

{"error":"not_found","request_id":"","routine":"MIOROUTE"}HTTP/1.1 404 Not Found
Connection: keep-alive
Content-Length: 58
Content-Type: application/json
X-Request-Id: 676426374732632914400

{"error":"not_found","request_id":"","routine":"MIOROUTE"}HTTP/1.1 404 Not Found
Connection: keep-alive
Content-Length: 58
Content-Type: application/json
X-Request-Id: 676426374732648114400

{"error":"not_found","request_id":"","routine":"MIOROUTE"}HTTP/1.1 404 Not Found
Connection: keep-alive
Content-Length: 58
Content-Type: application/json
X-Request-Id: 676426374732661014400

{"error":"not_found","request_id":"","routine":"MIOROUTE"}HTTP/1.1 404 Not Found
Connection: keep-alive
Content-Length: 58
Content-Type: application/json
X-Request-Id: 676426374732673914400

{"error":"not_found","request_id":"","routine":"MIOROUTE"}HTTP/1.1 404 Not Found
Connection: keep-alive
Content-Length: 58
Content-Type: application/json
X-Request-Id: 676426374732687414400

{"error":"not_found","request_id":"","routine":"MIOROUTE"}HTTP/1.1 404 Not Found
Connection: keep-alive
Content-Length: 58
Content-Type: application/json
X-Request-Id: 676426374732700414400

{"error":"not_found","request_id":"","routine":"MIOROUTE"}HTTP/1.1 404 Not Found
Connection: keep-alive
Content-Length: 58
Content-Type: application/json
X-Request-Id: 676426374732714114400

{"error":"not_found","request_id":"","routine":"MIOROUTE"}HTTP/1.1 404 Not Found
Connection: keep-alive
Content-Length: 58
Content-Type: application/json
X-Request-Id: 676426374732743614400

{"error":"not_found","request_id":"","routine":"MIOROUTE"}HTTP/1.1 404 Not Found
Connection: keep-alive
Content-Length: 58
Content-Type: application/json
X-Request-Id: 676426374732758114400

{"error":"not_found","request_id":"","routine":"MIOROUTE"}HTTP/1.1 404 Not Found
Connection: keep-alive
Content-Length: 58
Content-Type: application/json
X-Request-Id: 676426374732770514400

{"error":"not_found","request_id":"","routine":"MIOROUTE"}HTTP/1.1 404 Not Found
Connection: keep-alive
Content-Length: 58
Content-Type: application/json
X-Request-Id: 676426374732782414400

{"error":"not_found","request_id":"","routine":"MIOROUTE"}HTTP/1.1 404 Not Found
Connection: keep-alive
Content-Length: 58
Content-Type: application/json
X-Request-Id: 676426374732797914400

{"error":"not_found","request_id":"","routine":"MIOROUTE"}HTTP/1.1 404 Not Found
Connection: keep-alive
Content-Length: 58
Content-Type: application/json
X-Request-Id: 676426374732811014400

{"error":"not_found","request_id":"","routine":"MIOROUTE"}HTTP/1.1 404 Not Found
Connection: keep-alive
Content-Length: 58
Content-Type: application/json
X-Request-Id: 676426374732825314400

{"error":"not_found","request_id":"","routine":"MIOROUTE"}HTTP/1.1 404 Not Found
Connection: keep-alive
Content-Length: 58
Content-Type: application/json
X-Request-Id: 676426374732842214400

{"error":"not_found","request_id":"","routine":"MIOROUTE"}HTTP/1.1 404 Not Found
Connection: keep-alive
Content-Length: 58
Content-Type: application/json
X-Request-Id: 676426374732856714400

{"error":"not_found","request_id":"","routine":"MIOROUTE"}HTTP/1.1 404 Not Found
Connection: keep-alive
Content-Length: 58
Content-Type: application/json
X-Request-Id: 676426374732873114400

{"error":"not_found","request_id":"","routine":"MIOROUTE"}HTTP/1.1 404 Not Found
Connection: keep-alive
Content-Length: 58
Content-Type: application/json
X-Request-Id: 676426374732891414400

{"error":"not_found","request_id":"","routine":"MIOROUTE"}HTTP/1.1 404 Not Found
Connection: keep-alive
Content-Length: 58
Content-Type: application/json
X-Request-Id: 676426374732904414400

{"error":"not_found","request_id":"","routine":"MIOROUTE"}HTTP/1.1 404 Not Found
Connection: keep-alive
Content-Length: 58
Content-Type: application/json
X-Request-Id: 676426374732920314400

{"error":"not_found","request_id":"","routine":"MIOROUTE"}HTTP/1.1 404 Not Found
Connection: keep-alive
Content-Length: 58
Content-Type: application/json
X-Request-Id: 676426374732932014400

{"error":"not_found","request_id":"","routine":"MIOROUTE"}HTTP/1.1 404 Not Found
Connection: keep-alive
Content-Length: 58
Content-Type: application/json
X-Request-Id: 676426374732944414400

{"error":"not_found","request_id":"","routine":"MIOROUTE"}HTTP/1.1 404 Not Found
Connection: keep-alive
Content-Length: 58
Content-Type: application/json
X-Request-Id: 676426374732956014400

{"error":"not_found","request_id":"","routine":"MIOROUTE"}HTTP/1.1 404 Not Found
Connection: keep-alive
Content-Length: 58
Content-Type: application/json
X-Request-Id: 676426374732967314400

{"error":"not_found","request_id":"","routine":"MIOROUTE"}HTTP/1.1 404 Not Found
Connection: keep-alive
Content-Length: 58
Content-Type: application/json
X-Request-Id: 676426374732981214400

{"error":"not_found","request_id":"","routine":"MIOROUTE"}HTTP/1.1 404 Not Found
Connection: keep-alive
Content-Length: 58
Content-Type: application/json
X-Request-Id: 676426374733013014400

{"error":"not_found","request_id":"","routine":"MIOROUTE"}HTTP/1.1 404 Not Found
Connection: keep-alive
Content-Length: 58
Content-Type: application/json
X-Request-Id: 676426374733032714400

{"error":"not_found","request_id":"","routine":"MIOROUTE"}HTTP/1.1 404 Not Found
Connection: keep-alive
Content-Length: 58
Content-Type: application/json
X-Request-Id: 676426374733046814400

{"error":"not_found","request_id":"","routine":"MIOROUTE"}HTTP/1.1 404 Not Found
Connection: keep-alive
Content-Length: 58
Content-Type: application/json
X-Request-Id: 676426374733060614400

{"error":"not_found","request_id":"","routine":"MIOROUTE"}HTTP/1.1 404 Not Found
Connection: keep-alive
Content-Length: 58
Content-Type: application/json
X-Request-Id: 676426374733074314400

{"error":"not_found","request_id":"","routine":"MIOROUTE"}HTTP/1.1 404 Not Found
Connection: keep-alive
Content-Length: 58
Content-Type: application/json
X-Request-Id: 676426374733087814400

{"error":"not_found","request_id":"","routine":"MIOROUTE"}HTTP/1.1 404 Not Found
Connection: keep-alive
Content-Length: 58
Content-Type: application/json
X-Request-Id: 676426374733102614400

{"error":"not_found","request_id":"","routine":"MIOROUTE"}HTTP/1.1 404 Not Found
Connection: keep-alive
Content-Length: 58
Content-Type: application/json
X-Request-Id: 676426374733115314400

{"error":"not_found","request_id":"","routine":"MIOROUTE"}HTTP/1.1 404 Not Found
Connection: keep-alive
Content-Length: 58
Content-Type: application/json
X-Request-Id: 676426374733128014400

{"error":"not_found","request_id":"","routine":"MIOROUTE"}HTTP/1.1 404 Not Found
Connection: keep-alive
Content-Length: 58
Content-Type: application/json
X-Request-Id: 676426374733141814400

{"error":"not_found","request_id":"","routine":"MIOROUTE"}HTTP/1.1 404 Not Found
Connection: keep-alive
Content-Length: 58
Content-Type: application/json
X-Request-Id: 676426374733156714400

{"error":"not_found","request_id":"","routine":"MIOROUTE"}HTTP/1.1 404 Not Found
Connection: keep-alive
Content-Length: 58
Content-Type: application/json
X-Request-Id: 676426374733174314400

{"error":"not_found","request_id":"","routine":"MIOROUTE"}HTTP/1.1 404 Not Found
Connection: keep-alive
Content-Length: 58
Content-Type: application/json
X-Request-Id: 676426374733198214400

{"error":"not_found","request_id":"","routine":"MIOROUTE"}HTTP/1.1 404 Not Found
Connection: keep-alive
Content-Length: 58
Content-Type: application/json
X-Request-Id: 676426374733217214400

{"error":"not_found","request_id":"","routine":"MIOROUTE"}HTTP/1.1 404 Not Found
Connection: keep-alive
Content-Length: 58
Content-Type: application/json
X-Request-Id: 676426374733232114400

{"error":"not_found","request_id":"","routine":"MIOROUTE"}HTTP/1.1 404 Not Found
Connection: keep-alive
Content-Length: 58
Content-Type: application/json
X-Request-Id: 676426374733247514400

{"error":"not_found","request_id":"","routine":"MIOROUTE"}HTTP/1.1 404 Not Found
Connection: keep-alive
Content-Length: 58
Content-Type: application/json
X-Request-Id: 676426374733261714400

{"error":"not_found","request_id":"","routine":"MIOROUTE"}HTTP/1.1 404 Not Found
Connection: keep-alive
Content-Length: 58
Content-Type: application/json
X-Request-Id: 676426374733278214400

{"error":"not_found","request_id":"","routine":"MIOROUTE"}HTTP/1.1 404 Not Found
Connection: keep-alive
Content-Length: 58
Content-Type: application/json
X-Request-Id: 676426374733294014400

{"error":"not_found","request_id":"","routine":"MIOROUTE"}HTTP/1.1 404 Not Found
Connection: keep-alive
Content-Length: 58
Content-Type: application/json
X-Request-Id: 676426374733309714400

{"error":"not_found","request_id":"","routine":"MIOROUTE"}HTTP/1.1 404 Not Found
Connection: keep-alive
Content-Length: 58
Content-Type: application/json
X-Request-Id: 676426374733325014400

{"error":"not_found","request_id":"","routine":"MIOROUTE"}HTTP/1.1 404 Not Found
Connection: keep-alive
Content-Length: 58
Content-Type: application/json
X-Request-Id: 676426374733340714400

{"error":"not_found","request_id":"","routine":"MIOROUTE"}HTTP/1.1 404 Not Found
Connection: keep-alive
Content-Length: 58
Content-Type: application/json
X-Request-Id: 676426374733356514400

{"error":"not_found","request_id":"","routine":"MIOROUTE"}HTTP/1.1 404 Not Found
Connection: keep-alive
Content-Length: 58
Content-Type: application/json
X-Request-Id: 676426374733374414400

{"error":"not_found","request_id":"","routine":"MIOROUTE"}HTTP/1.1 404 Not Found
Connection: keep-alive
Content-Length: 58
Content-Type: application/json
X-Request-Id: 676426374733391714400

{"error":"not_found","request_id":"","routine":"MIOROUTE"}HTTP/1.1 404 Not Found
Connection: keep-alive
Content-Length: 58
Content-Type: application/json
X-Request-Id: 676426374733407114400

{"error":"not_found","request_id":"","routine":"MIOROUTE"}HTTP/1.1 404 Not Found
Connection: keep-alive
Content-Length: 58
Content-Type: application/json
X-Request-Id: 676426374733421714400

{"error":"not_found","request_id":"","routine":"MIOROUTE"}HTTP/1.1 404 Not Found
Connection: keep-alive
Content-Length: 58
Content-Type: application/json
X-Request-Id: 676426374733437014400

{"error":"not_found","request_id":"","routine":"MIOROUTE"}HTTP/1.1 404 Not Found
Connection: keep-alive
Content-Length: 58
Content-Type: application/json
X-Request-Id: 676426374733454114400

{"error":"not_found","request_id":"","routine":"MIOROUTE"}HTTP/1.1 404 Not Found
Connection: keep-alive
Content-Length: 58
Content-Type: application/json
X-Request-Id: 676426374733469214400

{"error":"not_found","request_id":"","routine":"MIOROUTE"}HTTP/1.1 404 Not Found
Connection: keep-alive
Content-Length: 58
Content-Type: application/json
X-Request-Id: 676426374733484214400

{"error":"not_found","request_id":"","routine":"MIOROUTE"}HTTP/1.1 404 Not Found
Connection: keep-alive
Content-Length: 58
Content-Type: application/json
X-Request-Id: 676426374733499214400

{"error":"not_found","request_id":"","routine":"MIOROUTE"}HTTP/1.1 404 Not Found
Connection: keep-alive
Content-Length: 58
Content-Type: application/json
X-Request-Id: 676426374733527714400

{"error":"not_found","request_id":"","routine":"MIOROUTE"}HTTP/1.1 404 Not Found
Connection: keep-alive
Content-Length: 58
Content-Type: application/json
X-Request-Id: 676426374733545614400

{"error":"not_found","request_id":"","routine":"MIOROUTE"}HTTP/1.1 404 Not Found
Connection: keep-alive
Content-Length: 58
Content-Type: application/json
X-Request-Id: 676426374733560714400

{"error":"not_found","request_id":"","routine":"MIOROUTE"}HTTP/1.1 404 Not Found
Connection: keep-alive
Content-Length: 58
Content-Type: application/json
X-Request-Id: 676426374733572814400

{"error":"not_found","request_id":"","routine":"MIOROUTE"}HTTP/1.1 404 Not Found
Connection: keep-alive
Content-Length: 58
Content-Type: application/json
X-Request-Id: 676426374733584814400

{"error":"not_found","request_id":"","routine":"MIOROUTE"}HTTP/1.1 404 Not Found
Connection: keep-alive
Content-Length: 58
Content-Type: application/json
X-Request-Id: 676426374733602114400

{"error":"not_found","request_id":"","routine":"MIOROUTE"}HTTP/1.1 404 Not Found
Connection: keep-alive
Content-Length: 58
Content-Type: application/json
X-Request-Id: 676426374733615714400

{"error":"not_found","request_id":"","routine":"MIOROUTE"}HTTP/1.1 404 Not Found
Connection: keep-alive
Content-Length: 58
Content-Type: application/json
X-Request-Id: 676426374733626914400

{"error":"not_found","request_id":"","routine":"MIOROUTE"}HTTP/1.1 404 Not Found
Connection: keep-alive
Content-Length: 58
Content-Type: application/json
X-Request-Id: 676426374733638214400

{"error":"not_found","request_id":"","routine":"MIOROUTE"}HTTP/1.1 404 Not Found
Connection: keep-alive
Content-Length: 58
Content-Type: application/json
X-Request-Id: 676426374733655014400

{"error":"not_found","request_id":"","routine":"MIOROUTE"}HTTP/1.1 404 Not Found
Connection: keep-alive
Content-Length: 58
Content-Type: application/json
X-Request-Id: 676426374733666014400

{"error":"not_found","request_id":"","routine":"MIOROUTE"}HTTP/1.1 404 Not Found
Connection: keep-alive
Content-Length: 58
Content-Type: application/json
X-Request-Id: 676426374733677114400

{"error":"not_found","request_id":"","routine":"MIOROUTE"}HTTP/1.1 404 Not Found
Connection: keep-alive
Content-Length: 58
Content-Type: application/json
X-Request-Id: 676426374733687714400

{"error":"not_found","request_id":"","routine":"MIOROUTE"}HTTP/1.1 404 Not Found
Connection: keep-alive
Content-Length: 58
Content-Type: application/json
X-Request-Id: 676426374733698314400

{"error":"not_found","request_id":"","routine":"MIOROUTE"}HTTP/1.1 404 Not Found
Connection: keep-alive
Content-Length: 58
Content-Type: application/json
X-Request-Id: 676426374733710414400

{"error":"not_found","request_id":"","routine":"MIOROUTE"}HTTP/1.1 404 Not Found
Connection: keep-alive
Content-Length: 58
Content-Type: application/json
X-Request-Id: 676426374733721314400

{"error":"not_found","request_id":"","routine":"MIOROUTE"}HTTP/1.1 404 Not Found
Connection: keep-alive
Content-Length: 58
Content-Type: application/json
X-Request-Id: 676426374733731914400

{"error":"not_found","request_id":"","routine":"MIOROUTE"}HTTP/1.1 404 Not Found
Connection: keep-alive
Content-Length: 58
Content-Type: application/json
X-Request-Id: 676426374733744014400

{"error":"not_found","request_id":"","routine":"MIOROUTE"}HTTP/1.1 404 Not Found
Connection: keep-alive
Content-Length: 58
Content-Type: application/json
X-Request-Id: 676426374733755114400

{"error":"not_found","request_id":"","routine":"MIOROUTE"}HTTP/1.1 404 Not Found
Connection: keep-alive
Content-Length: 58
Content-Type: application/json
X-Request-Id: 676426374733766214400

{"error":"not_found","request_id":"","routine":"MIOROUTE"}HTTP/1.1 404 Not Found
Connection: keep-alive
Content-Length: 58
Content-Type: application/json
X-Request-Id: 676426374733777514400

{"error":"not_found","request_id":"","routine":"MIOROUTE"}HTTP/1.1 404 Not Found
Connection: keep-alive
Content-Length: 58
Content-Type: application/json
X-Request-Id: 676426374733788014400

{"error":"not_found","request_id":"","routine":"MIOROUTE"}HTTP/1.1 404 Not Found
Connection: keep-alive
Content-Length: 58
Content-Type: application/json
X-Request-Id: 676426374733798814400

{"error":"not_found","request_id":"","routine":"MIOROUTE"}HTTP/1.1 404 Not Found
Connection: keep-alive
Content-Length: 58
Content-Type: application/json
X-Request-Id: 676426374733810014400

{"error":"not_found","request_id":"","routine":"MIOROUTE"}HTTP/1.1 404 Not Found
Connection: keep-alive
Content-Length: 58
Content-Type: application/json
X-Request-Id: 676426374733821114400

{"error":"not_found","request_id":"","routine":"MIOROUTE"}HTTP/1.1 404 Not Found
Connection: keep-alive
Content-Length: 58
Content-Type: application/json
X-Request-Id: 676426374733832414400

{"error":"not_found","request_id":"","routine":"MIOROUTE"}HTTP/1.1 404 Not Found
Connection: keep-alive
Content-Length: 58
Content-Type: application/json
X-Request-Id: 676426374733843414400

{"error":"not_found","request_id":"","routine":"MIOROUTE"}HTTP/1.1 404 Not Found
Connection: keep-alive
Content-Length: 58
Content-Type: application/json
X-Request-Id: 676426374733854514400

{"error":"not_found","request_id":"","routine":"MIOROUTE"}HTTP/1.1 404 Not Found
Connection: keep-alive
Content-Length: 58
Content-Type: application/json
X-Request-Id: 676426374733865614400

{"error":"not_found","request_id":"","routine":"MIOROUTE"}HTTP/1.1 404 Not Found
Connection: keep-alive
Content-Length: 58
Content-Type: application/json
X-Request-Id: 676426374733876114400

{"error":"not_found","request_id":"","routine":"MIOROUTE"}HTTP/1.1 404 Not Found
Connection: keep-alive
Content-Length: 58
Content-Type: application/json
X-Request-Id: 676426374733886814400

{"error":"not_found","request_id":"","routine":"MIOROUTE"}HTTP/1.1 404 Not Found
Connection: keep-alive
Content-Length: 58
Content-Type: application/json
X-Request-Id: 676426374733897114400

{"error":"not_found","request_id":"","routine":"MIOROUTE"}HTTP/1.1 404 Not Found
Connection: keep-alive
Content-Length: 58
Content-Type: application/json
X-Request-Id: 676426374733917614400

{"error":"not_found","request_id":"","routine":"MIOROUTE"}HTTP/1.1 404 Not Found
Connection: keep-alive
Content-Length: 58
Content-Type: application/json
X-Request-Id: 676426374733928714400

{"error":"not_found","request_id":"","routine":"MIOROUTE"}HTTP/1.1 404 Not Found
Connection: keep-alive
Content-Length: 58
Content-Type: application/json
X-Request-Id: 676426374733940014400

{"error":"not_found","request_id":"","routine":"MIOROUTE"}HTTP/1.1 404 Not Found
Connection: keep-alive
Content-Length: 58
Content-Type: application/json
X-Request-Id: 676426374733951214400

{"error":"not_found","request_id":"","routine":"MIOROUTE"}HTTP/1.1 404 Not Found
Connection: keep-alive
Content-Length: 58
Content-Type: application/json
X-Request-Id: 676426374733969414400

{"error":"not_found","request_id":"","routine":"MIOROUTE"}HTTP/1.1 404 Not Found
Connection: keep-alive
Content-Length: 58
Content-Type: application/json
X-Request-Id: 676426374734010714400

{"error":"not_found","request_id":"","routine":"MIOROUTE"}HTTP/1.1 404 Not Found
Connection: keep-alive
Content-Length: 58
Content-Type: application/json
X-Request-Id: 676426374734045214400

{"error":"not_found","request_id":"","routine":"MIOROUTE"}HTTP/1.1 404 Not Found
Connection: keep-alive
Content-Length: 58
Content-Type: application/json
X-Request-Id: 676426374734064114400

{"error":"not_found","request_id":"","routine":"MIOROUTE"}HTTP/1.1 404 Not Found
Connection: keep-alive
Content-Length: 58
Content-Type: application/json
X-Request-Id: 676426374734077214400

{"error":"not_found","request_id":"","routine":"MIOROUTE"}HTTP/1.1 404 Not Found
Connection: keep-alive
Content-Length: 58
Content-Type: application/json
X-Request-Id: 676426374734089814400

{"error":"not_found","request_id":"","routine":"MIOROUTE"}HTTP/1.1 404 Not Found
Connection: keep-alive
Content-Length: 58
Content-Type: application/json
X-Request-Id: 676426374734104214400

{"error":"not_found","request_id":"","routine":"MIOROUTE"}HTTP/1.1 404 Not Found
Connection: keep-alive
Content-Length: 58
Content-Type: application/json
X-Request-Id: 676426374734120514400

{"error":"not_found","request_id":"","routine":"MIOROUTE"}HTTP/1.1 404 Not Found
Connection: keep-alive
Content-Length: 58
Content-Type: application/json
X-Request-Id: 676426374734133914400

{"error":"not_found","request_id":"","routine":"MIOROUTE"}HTTP/1.1 404 Not Found
Connection: keep-alive
Content-Length: 58
Content-Type: application/json
X-Request-Id: 676426374734149114400

{"error":"not_found","request_id":"","routine":"MIOROUTE"}HTTP/1.1 404 Not Found
Connection: keep-alive
Content-Length: 58
Content-Type: application/json
X-Request-Id: 676426374734164214400

{"error":"not_found","request_id":"","routine":"MIOROUTE"}HTTP/1.1 404 Not Found
Connection: keep-alive
Content-Length: 58
Content-Type: application/json
X-Request-Id: 676426374734177614400

{"error":"not_found","request_id":"","routine":"MIOROUTE"}HTTP/1.1 404 Not Found
Connection: keep-alive
Content-Length: 58
Content-Type: application/json
X-Request-Id: 676426374734208014400

{"error":"not_found","request_id":"","routine":"MIOROUTE"}HTTP/1.1 404 Not Found
Connection: keep-alive
Content-Length: 58
Content-Type: application/json
X-Request-Id: 676426374734230814400

{"error":"not_found","request_id":"","routine":"MIOROUTE"}HTTP/1.1 404 Not Found
Connection: keep-alive
Content-Length: 58
Content-Type: application/json
X-Request-Id: 676426374734244214400

{"error":"not_found","request_id":"","routine":"MIOROUTE"}HTTP/1.1 404 Not Found
Connection: keep-alive
Content-Length: 58
Content-Type: application/json
X-Request-Id: 676426374734262314400

{"error":"not_found","request_id":"","routine":"MIOROUTE"}HTTP/1.1 404 Not Found
Connection: keep-alive
Content-Length: 58
Content-Type: application/json
X-Request-Id: 676426374734281414400

{"error":"not_found","request_id":"","routine":"MIOROUTE"}HTTP/1.1 404 Not Found
Connection: keep-alive
Content-Length: 58
Content-Type: application/json
X-Request-Id: 676426374734297714400

{"error":"not_found","request_id":"","routine":"MIOROUTE"}HTTP/1.1 404 Not Found
Connection: keep-alive
Content-Length: 58
Content-Type: application/json
X-Request-Id: 676426374734313014400

{"error":"not_found","request_id":"","routine":"MIOROUTE"}HTTP/1.1 404 Not Found
Connection: keep-alive
Content-Length: 58
Content-Type: application/json
X-Request-Id: 676426374734328014400

{"error":"not_found","request_id":"","routine":"MIOROUTE"}HTTP/1.1 404 Not Found
Connection: keep-alive
Content-Length: 58
Content-Type: application/json
X-Request-Id: 676426374734346714400

{"error":"not_found","request_id":"","routine":"MIOROUTE"}HTTP/1.1 404 Not Found
Connection: keep-alive
Content-Length: 58
Content-Type: application/json
X-Request-Id: 676426374734358714400

{"error":"not_found","request_id":"","routine":"MIOROUTE"}HTTP/1.1 404 Not Found
Connection: keep-alive
Content-Length: 58
Content-Type: application/json
X-Request-Id: 676426374734372014400

{"error":"not_found","request_id":"","routine":"MIOROUTE"}HTTP/1.1 404 Not Found
Connection: keep-alive
Content-Length: 58
Content-Type: application/json
X-Request-Id: 676426374734383414400

{"error":"not_found","request_id":"","routine":"MIOROUTE"}HTTP/1.1 404 Not Found
Connection: keep-alive
Content-Length: 58
Content-Type: application/json
X-Request-Id: 676426374734398114400

{"error":"not_found","request_id":"","routine":"MIOROUTE"}HTTP/1.1 404 Not Found
Connection: keep-alive
Content-Length: 58
Content-Type: application/json
X-Request-Id: 676426374734411014400

{"error":"not_found","request_id":"","routine":"MIOROUTE"}HTTP/1.1 404 Not Found
Connection: keep-alive
Content-Length: 58
Content-Type: application/json
X-Request-Id: 676426374734422314400

{"error":"not_found","request_id":"","routine":"MIOROUTE"}HTTP/1.1 404 Not Found
Connection: keep-alive
Content-Length: 58
Content-Type: application/json
X-Request-Id: 676426374734433514400

{"error":"not_found","request_id":"","routine":"MIOROUTE"}HTTP/1.1 404 Not Found
Connection: keep-alive
Content-Length: 58
Content-Type: application/json
X-Request-Id: 676426374734446914400

{"error":"not_found","request_id":"","routine":"MIOROUTE"}HTTP/1.1 404 Not Found
Connection: keep-alive
Content-Length: 58
Content-Type: application/json
X-Request-Id: 676426374734466914400

{"error":"not_found","request_id":"","routine":"MIOROUTE"}HTTP/1.1 404 Not Found
Connection: keep-alive
Content-Length: 58
Content-Type: application/json
X-Request-Id: 676426374734478014400

{"error":"not_found","request_id":"","routine":"MIOROUTE"}HTTP/1.1 404 Not Found
Connection: keep-alive
Content-Length: 58
Content-Type: application/json
X-Request-Id: 676426374734489314400

{"error":"not_found","request_id":"","routine":"MIOROUTE"}HTTP/1.1 404 Not Found
Connection: keep-alive
Content-Length: 58
Content-Type: application/json
X-Request-Id: 676426374734500514400

{"error":"not_found","request_id":"","routine":"MIOROUTE"}HTTP/1.1 404 Not Found
Connection: keep-alive
Content-Length: 58
Content-Type: application/json
X-Request-Id: 676426374734511514400

{"error":"not_found","request_id":"","routine":"MIOROUTE"}HTTP/1.1 404 Not Found
Connection: keep-alive
Content-Length: 58
Content-Type: application/json
X-Request-Id: 676426374734522614400

{"error":"not_found","request_id":"","routine":"MIOROUTE"}HTTP/1.1 404 Not Found
Connection: keep-alive
Content-Length: 58
Content-Type: application/json
X-Request-Id: 676426374734533614400

{"error":"not_found","request_id":"","routine":"MIOROUTE"}HTTP/1.1 404 Not Found
Connection: keep-alive
Content-Length: 58
Content-Type: application/json
X-Request-Id: 676426374734544614400

{"error":"not_found","request_id":"","routine":"MIOROUTE"}HTTP/1.1 404 Not Found
Connection: keep-alive
Content-Length: 58
Content-Type: application/json
X-Request-Id: 676426374734555614400

{"error":"not_found","request_id":"","routine":"MIOROUTE"}HTTP/1.1 404 Not Found
Connection: keep-alive
Content-Length: 58
Content-Type: application/json
X-Request-Id: 676426374734566514400

{"error":"not_found","request_id":"","routine":"MIOROUTE"}HTTP/1.1 404 Not Found
Connection: keep-alive
Content-Length: 58
Content-Type: application/json
X-Request-Id: 676426374734577414400

{"error":"not_found","request_id":"","routine":"MIOROUTE"}HTTP/1.1 404 Not Found
Connection: keep-alive
Content-Length: 58
Content-Type: application/json
X-Request-Id: 676426374734588414400

{"error":"not_found","request_id":"","routine":"MIOROUTE"}HTTP/1.1 404 Not Found
Connection: keep-alive
Content-Length: 58
Content-Type: application/json
X-Request-Id: 676426374734599414400

{"error":"not_found","request_id":"","routine":"MIOROUTE"}HTTP/1.1 404 Not Found
Connection: keep-alive
Content-Length: 58
Content-Type: application/json
X-Request-Id: 676426374734610414400

{"error":"not_found","request_id":"","routine":"MIOROUTE"}HTTP/1.1 404 Not Found
Connection: keep-alive
Content-Length: 58
Content-Type: application/json
X-Request-Id: 676426374734621314400

{"error":"not_found","request_id":"","routine":"MIOROUTE"}HTTP/1.1 404 Not Found
Connection: keep-alive
Content-Length: 58
Content-Type: application/json
X-Request-Id: 676426374734632214400

{"error":"not_found","request_id":"","routine":"MIOROUTE"}HTTP/1.1 404 Not Found
Connection: keep-alive
Content-Length: 58
Content-Type: application/json
X-Request-Id: 676426374734643314400

{"error":"not_found","request_id":"","routine":"MIOROUTE"}HTTP/1.1 404 Not Found
Connection: keep-alive
Content-Length: 58
Content-Type: application/json
X-Request-Id: 676426374734654214400

{"error":"not_found","request_id":"","routine":"MIOROUTE"}HTTP/1.1 404 Not Found
Connection: keep-alive
Content-Length: 58
Content-Type: application/json
X-Request-Id: 676426374734665114400

{"error":"not_found","request_id":"","routine":"MIOROUTE"}HTTP/1.1 404 Not Found
Connection: keep-alive
Content-Length: 58
Content-Type: application/json
X-Request-Id: 676426374734675914400

{"error":"not_found","request_id":"","routine":"MIOROUTE"}HTTP/1.1 404 Not Found
Connection: keep-alive
Content-Length: 58
Content-Type: application/json
X-Request-Id: 676426374734688514400

{"error":"not_found","request_id":"","routine":"MIOROUTE"}HTTP/1.1 404 Not Found
Connection: keep-alive
Content-Length: 58
Content-Type: application/json
X-Request-Id: 676426374734699214400

{"error":"not_found","request_id":"","routine":"MIOROUTE"}HTTP/1.1 404 Not Found
Connection: keep-alive
Content-Length: 58
Content-Type: application/json
X-Request-Id: 676426374734710114400

{"error":"not_found","request_id":"","routine":"MIOROUTE"}HTTP/1.1 404 Not Found
Connection: keep-alive
Content-Length: 58
Content-Type: application/json
X-Request-Id: 676426374734720914400

{"error":"not_found","request_id":"","routine":"MIOROUTE"}HTTP/1.1 404 Not Found
Connection: keep-alive
Content-Length: 58
Content-Type: application/json
X-Request-Id: 676426374734731714400

{"error":"not_found","request_id":"","routine":"MIOROUTE"}HTTP/1.1 404 Not Found
Connection: keep-alive
Content-Length: 58
Content-Type: application/json
X-Request-Id: 676426374734742614400

{"error":"not_found","request_id":"","routine":"MIOROUTE"}HTTP/1.1 404 Not Found
Connection: keep-alive
Content-Length: 58
Content-Type: application/json
X-Request-Id: 676426374734754414400

{"error":"not_found","request_id":"","routine":"MIOROUTE"}HTTP/1.1 404 Not Found
Connection: keep-alive
Content-Length: 58
Content-Type: application/json
X-Request-Id: 676426374734765214400

{"error":"not_found","request_id":"","routine":"MIOROUTE"}HTTP/1.1 404 Not Found
Connection: keep-alive
Content-Length: 58
Content-Type: application/json
X-Request-Id: 676426374734776014400

{"error":"not_found","request_id":"","routine":"MIOROUTE"}HTTP/1.1 404 Not Found
Connection: keep-alive
Content-Length: 58
Content-Type: application/json
X-Request-Id: 676426374734786814400

{"error":"not_found","request_id":"","routine":"MIOROUTE"}HTTP/1.1 404 Not Found
Connection: keep-alive
Content-Length: 58
Content-Type: application/json
X-Request-Id: 676426374734801614400

{"error":"not_found","request_id":"","routine":"MIOROUTE"}HTTP/1.1 404 Not Found
Connection: keep-alive
Content-Length: 58
Content-Type: application/json
X-Request-Id: 676426374734812514400

{"error":"not_found","request_id":"","routine":"MIOROUTE"}HTTP/1.1 404 Not Found
Connection: keep-alive
Content-Length: 58
Content-Type: application/json
X-Request-Id: 676426374734831014400

{"error":"not_found","request_id":"","routine":"MIOROUTE"}HTTP/1.1 404 Not Found
Connection: keep-alive
Content-Length: 58
Content-Type: application/json
X-Request-Id: 676426374734842014400

{"error":"not_found","request_id":"","routine":"MIOROUTE"}HTTP/1.1 404 Not Found
Connection: keep-alive
Content-Length: 58
Content-Type: application/json
X-Request-Id: 676426374734853014400

{"error":"not_found","request_id":"","routine":"MIOROUTE"}HTTP/1.1 404 Not Found
Connection: keep-alive
Content-Length: 58
Content-Type: application/json
X-Request-Id: 676426374734863914400

{"error":"not_found","request_id":"","routine":"MIOROUTE"}HTTP/1.1 404 Not Found
Connection: keep-alive
Content-Length: 58
Content-Type: application/json
X-Request-Id: 676426374734874914400

{"error":"not_found","request_id":"","routine":"MIOROUTE"}HTTP/1.1 404 Not Found
Connection: keep-alive
Content-Length: 58
Content-Type: application/json
X-Request-Id: 676426374734885714400

{"error":"not_found","request_id":"","routine":"MIOROUTE"}HTTP/1.1 404 Not Found
Connection: keep-alive
Content-Length: 58
Content-Type: application/json
X-Request-Id: 676426374734896614400

{"error":"not_found","request_id":"","routine":"MIOROUTE"}HTTP/1.1 404 Not Found
Connection: keep-alive
Content-Length: 58
Content-Type: application/json
X-Request-Id: 676426374734907314400

{"error":"not_found","request_id":"","routine":"MIOROUTE"}HTTP/1.1 404 Not Found
Connection: keep-alive
Content-Length: 58
Content-Type: application/json
X-Request-Id: 676426374734918114400

{"error":"not_found","request_id":"","routine":"MIOROUTE"}HTTP/1.1 404 Not Found
Connection: keep-alive
Content-Length: 58
Content-Type: application/json
X-Request-Id: 676426374734930014400

{"error":"not_found","request_id":"","routine":"MIOROUTE"}HTTP/1.1 404 Not Found
Connection: keep-alive
Content-Length: 58
Content-Type: application/json
X-Request-Id: 676426374734940714400

{"error":"not_found","request_id":"","routine":"MIOROUTE"}HTTP/1.1 404 Not Found
Connection: keep-alive
Content-Length: 58
Content-Type: application/json
X-Request-Id: 676426374734951614400

{"error":"not_found","request_id":"","routine":"MIOROUTE"}HTTP/1.1 404 Not Found
Connection: keep-alive
Content-Length: 58
Content-Type: application/json
X-Request-Id: 676426374734962414400

{"error":"not_found","request_id":"","routine":"MIOROUTE"}HTTP/1.1 404 Not Found
Connection: keep-alive
Content-Length: 58
Content-Type: application/json
X-Request-Id: 676426374734973114400

{"error":"not_found","request_id":"","routine":"MIOROUTE"}HTTP/1.1 404 Not Found
Connection: keep-alive
Content-Length: 58
Content-Type: application/json
X-Request-Id: 676426374734983814400

{"error":"not_found","request_id":"","routine":"MIOROUTE"}HTTP/1.1 404 Not Found
Connection: keep-alive
Content-Length: 58
Content-Type: application/json
X-Request-Id: 676426374734994614400

{"error":"not_found","request_id":"","routine":"MIOROUTE"}HTTP/1.1 404 Not Found
Connection: keep-alive
Content-Length: 58
Content-Type: application/json
X-Request-Id: 676426374735005214400

{"error":"not_found","request_id":"","routine":"MIOROUTE"}HTTP/1.1 404 Not Found
Connection: keep-alive
Content-Length: 58
Content-Type: application/json
X-Request-Id: 676426374735016014400

{"error":"not_found","request_id":"","routine":"MIOROUTE"}HTTP/1.1 404 Not Found
Connection: keep-alive
Content-Length: 58
Content-Type: application/json
X-Request-Id: 676426374735026814400

{"error":"not_found","request_id":"","routine":"MIOROUTE"}HTTP/1.1 404 Not Found
Connection: keep-alive
Content-Length: 58
Content-Type: application/json
X-Request-Id: 676426374735037514400

{"error":"not_found","request_id":"","routine":"MIOROUTE"}HTTP/1.1 404 Not Found
Connection: keep-alive
Content-Length: 58
Content-Type: application/json
X-Request-Id: 676426374735048214400

{"error":"not_found","request_id":"","routine":"MIOROUTE"}HTTP/1.1 404 Not Found
Connection: keep-alive
Content-Length: 58
Content-Type: application/json
X-Request-Id: 676426374735061814400

{"error":"not_found","request_id":"","routine":"MIOROUTE"}HTTP/1.1 404 Not Found
Connection: keep-alive
Content-Length: 58
Content-Type: application/json
X-Request-Id: 676426374735071714400

{"error":"not_found","request_id":"","routine":"MIOROUTE"}HTTP/1.1 404 Not Found
Connection: keep-alive
Content-Length: 58
Content-Type: application/json
X-Request-Id: 676426374735082414400

{"error":"not_found","request_id":"","routine":"MIOROUTE"}HTTP/1.1 404 Not Found
Connection: keep-alive
Content-Length: 58
Content-Type: application/json
X-Request-Id: 676426374735093114400

{"error":"not_found","request_id":"","routine":"MIOROUTE"}HTTP/1.1 404 Not Found
Connection: keep-alive
Content-Length: 58
Content-Type: application/json
X-Request-Id: 676426374735103814400

{"error":"not_found","request_id":"","routine":"MIOROUTE"}HTTP/1.1 404 Not Found
Connection: keep-alive
Content-Length: 58
Content-Type: application/json
X-Request-Id: 676426374735114414400

{"error":"not_found","request_id":"","routine":"MIOROUTE"}HTTP/1.1 404 Not Found
Connection: keep-alive
Content-Length: 58
Content-Type: application/json
X-Request-Id: 676426374735124914400

{"error":"not_found","request_id":"","routine":"MIOROUTE"}HTTP/1.1 404 Not Found
Connection: keep-alive
Content-Length: 58
Content-Type: application/json
X-Request-Id: 676426374735135614400

{"error":"not_found","request_id":"","routine":"MIOROUTE"}HTTP/1.1 404 Not Found
Connection: keep-alive
Content-Length: 58
Content-Type: application/json
X-Request-Id: 676426374735147214400

{"error":"not_found","request_id":"","routine":"MIOROUTE"}HTTP/1.1 404 Not Found
Connection: keep-alive
Content-Length: 58
Content-Type: application/json
X-Request-Id: 676426374735158614400

{"error":"not_found","request_id":"","routine":"MIOROUTE"}HTTP/1.1 404 Not Found
Connection: keep-alive
Content-Length: 58
Content-Type: application/json
X-Request-Id: 676426374735169714400

{"error":"not_found","request_id":"","routine":"MIOROUTE"}HTTP/1.1 404 Not Found
Connection: keep-alive
Content-Length: 58
Content-Type: application/json
X-Request-Id: 676426374735180514400

{"error":"not_found","request_id":"","routine":"MIOROUTE"}HTTP/1.1 404 Not Found
Connection: keep-alive
Content-Length: 58
Content-Type: application/json
X-Request-Id: 676426374735202514400

{"error":"not_found","request_id":"","routine":"MIOROUTE"}HTTP/1.1 404 Not Found
Connection: keep-alive
Content-Length: 58
Content-Type: application/json
X-Request-Id: 676426374735213214400

{"error":"not_found","request_id":"","routine":"MIOROUTE"}HTTP/1.1 404 Not Found
Connection: keep-alive
Content-Length: 58
Content-Type: application/json
X-Request-Id: 676426374735220114400

{"error":"not_found","request_id":"","routine":"MIOROUTE"}HTTP/1.1 404 Not Found
Connection: keep-alive
Content-Length: 58
Content-Type: application/json
X-Request-Id: 676426374735227014400

{"error":"not_found","request_id":"","routine":"MIOROUTE"}HTTP/1.1 404 Not Found
Connection: keep-alive
Content-Length: 58
Content-Type: application/json
X-Request-Id: 676426374735237814400

{"error":"not_found","request_id":"","routine":"MIOROUTE"}HTTP/1.1 404 Not Found
Connection: keep-alive
Content-Length: 58
Content-Type: application/json
X-Request-Id: 676426374735249514400

{"error":"not_found","request_id":"","routine":"MIOROUTE"}HTTP/1.1 404 Not Found
Connection: keep-alive
Content-Length: 58
Content-Type: application/json
X-Request-Id: 676426374735260314400

{"error":"not_found","request_id":"","routine":"MIOROUTE"}HTTP/1.1 404 Not Found
Connection: keep-alive
Content-Length: 58
Content-Type: application/json
X-Request-Id: 676426374735271014400

{"error":"not_found","request_id":"","routine":"MIOROUTE"}HTTP/1.1 404 Not Found
Connection: keep-alive
Content-Length: 58
Content-Type: application/json
X-Request-Id: 676426374735281914400

{"error":"not_found","request_id":"","routine":"MIOROUTE"}HTTP/1.1 404 Not Found
Connection: keep-alive
Content-Length: 58
Content-Type: application/json
X-Request-Id: 676426374735292614400

{"error":"not_found","request_id":"","routine":"MIOROUTE"}HTTP/1.1 404 Not Found
Connection: keep-alive
Content-Length: 58
Content-Type: application/json
X-Request-Id: 676426374735303414400

{"error":"not_found","request_id":"","routine":"MIOROUTE"}HTTP/1.1 404 Not Found
Connection: keep-alive
Content-Length: 58
Content-Type: application/json
X-Request-Id: 676426374735314114400

{"error":"not_found","request_id":"","routine":"MIOROUTE"}HTTP/1.1 404 Not Found
Connection: keep-alive
Content-Length: 58
Content-Type: application/json
X-Request-Id: 676426374735324914400

{"error":"not_found","request_id":"","routine":"MIOROUTE"}HTTP/1.1 404 Not Found
Connection: keep-alive
Content-Length: 58
Content-Type: application/json
X-Request-Id: 676426374735335514400

{"error":"not_found","request_id":"","routine":"MIOROUTE"}HTTP/1.1 404 Not Found
Connection: keep-alive
Content-Length: 58
Content-Type: application/json
X-Request-Id: 676426374735346114400

{"error":"not_found","request_id":"","routine":"MIOROUTE"}HTTP/1.1 404 Not Found
Connection: keep-alive
Content-Length: 58
Content-Type: application/json
X-Request-Id: 676426374735356914400

{"error":"not_found","request_id":"","routine":"MIOROUTE"}HTTP/1.1 404 Not Found
Connection: keep-alive
Content-Length: 58
Content-Type: application/json
X-Request-Id: 676426374735367514400

{"error":"not_found","request_id":"","routine":"MIOROUTE"}HTTP/1.1 404 Not Found
Connection: keep-alive
Content-Length: 58
Content-Type: application/json
X-Request-Id: 676426374735379414400

{"error":"not_found","request_id":"","routine":"MIOROUTE"}HTTP/1.1 404 Not Found
Connection: keep-alive
Content-Length: 58
Content-Type: application/json
X-Request-Id: 676426374735390114400

{"error":"not_found","request_id":"","routine":"MIOROUTE"}HTTP/1.1 404 Not Found
Connection: keep-alive
Content-Length: 58
Content-Type: application/json
X-Request-Id: 676426374735400814400

{"error":"not_found","request_id":"","routine":"MIOROUTE"}HTTP/1.1 404 Not Found
Connection: keep-alive
Content-Length: 58
Content-Type: application/json
X-Request-Id: 676426374735411514400

{"error":"not_found","request_id":"","routine":"MIOROUTE"}HTTP/1.1 404 Not Found
Connection: keep-alive
Content-Length: 58
Content-Type: application/json
X-Request-Id: 676426374735422114400

{"error":"not_found","request_id":"","routine":"MIOROUTE"}HTTP/1.1 404 Not Found
Connection: keep-alive
Content-Length: 58
Content-Type: application/json
X-Request-Id: 676426374735432814400

{"error":"not_found","request_id":"","routine":"MIOROUTE"}HTTP/1.1 404 Not Found
Connection: keep-alive
Content-Length: 58
Content-Type: application/json
X-Request-Id: 676426374735443514400

{"error":"not_found","request_id":"","routine":"MIOROUTE"}HTTP/1.1 404 Not Found
Connection: keep-alive
Content-Length: 58
Content-Type: application/json
X-Request-Id: 676426374735454214400

{"error":"not_found","request_id":"","routine":"MIOROUTE"}HTTP/1.1 404 Not Found
Connection: keep-alive
Content-Length: 58
Content-Type: application/json
X-Request-Id: 676426374735464814400

{"error":"not_found","request_id":"","routine":"MIOROUTE"}HTTP/1.1 404 Not Found
Connection: keep-alive
Content-Length: 58
Content-Type: application/json
X-Request-Id: 676426374735500214400

{"error":"not_found","request_id":"","routine":"MIOROUTE"}HTTP/1.1 404 Not Found
Connection: keep-alive
Content-Length: 58
Content-Type: application/json
X-Request-Id: 676426374735524914400

{"error":"not_found","request_id":"","routine":"MIOROUTE"}HTTP/1.1 404 Not Found
Connection: keep-alive
Content-Length: 58
Content-Type: application/json
X-Request-Id: 676426374735545014400

{"error":"not_found","request_id":"","routine":"MIOROUTE"}HTTP/1.1 404 Not Found
Connection: keep-alive
Content-Length: 58
Content-Type: application/json
X-Request-Id: 676426374735557214400

{"error":"not_found","request_id":"","routine":"MIOROUTE"}HTTP/1.1 404 Not Found
Connection: keep-alive
Content-Length: 58
Content-Type: application/json
X-Request-Id: 676426374735567414400

{"error":"not_found","request_id":"","routine":"MIOROUTE"}HTTP/1.1 404 Not Found
Connection: keep-alive
Content-Length: 58
Content-Type: application/json
X-Request-Id: 676426374735595414400

{"error":"not_found","request_id":"","routine":"MIOROUTE"}HTTP/1.1 404 Not Found
Connection: keep-alive
Content-Length: 58
Content-Type: application/json
X-Request-Id: 676426374735627114400

{"error":"not_found","request_id":"","routine":"MIOROUTE"}HTTP/1.1 404 Not Found
Connection: keep-alive
Content-Length: 58
Content-Type: application/json
X-Request-Id: 676426374735643914400

{"error":"not_found","request_id":"","routine":"MIOROUTE"}HTTP/1.1 404 Not Found
Connection: keep-alive
Content-Length: 58
Content-Type: application/json
X-Request-Id: 676426374735659514400

{"error":"not_found","request_id":"","routine":"MIOROUTE"}HTTP/1.1 404 Not Found
Connection: keep-alive
Content-Length: 58
Content-Type: application/json
X-Request-Id: 676426374735674914400

{"error":"not_found","request_id":"","routine":"MIOROUTE"}HTTP/1.1 404 Not Found
Connection: keep-alive
Content-Length: 58
Content-Type: application/json
X-Request-Id: 676426374735690814400

{"error":"not_found","request_id":"","routine":"MIOROUTE"}HTTP/1.1 404 Not Found
Connection: keep-alive
Content-Length: 58
Content-Type: application/json
X-Request-Id: 676426374735706714400

{"error":"not_found","request_id":"","routine":"MIOROUTE"}HTTP/1.1 404 Not Found
Connection: keep-alive
Content-Length: 58
Content-Type: application/json
X-Request-Id: 676426374735723414400

{"error":"not_found","request_id":"","routine":"MIOROUTE"}HTTP/1.1 404 Not Found
Connection: keep-alive
Content-Length: 58
Content-Type: application/json
X-Request-Id: 676426374735739714400

{"error":"not_found","request_id":"","routine":"MIOROUTE"}HTTP/1.1 404 Not Found
Connection: keep-alive
Content-Length: 58
Content-Type: application/json
X-Request-Id: 676426374735756714400

{"error":"not_found","request_id":"","routine":"MIOROUTE"}HTTP/1.1 404 Not Found
Connection: keep-alive
Content-Length: 58
Content-Type: application/json
X-Request-Id: 676426374735770514400

{"error":"not_found","request_id":"","routine":"MIOROUTE"}HTTP/1.1 404 Not Found
Connection: keep-alive
Content-Length: 58
Content-Type: application/json
X-Request-Id: 676426374735786114400

{"error":"not_found","request_id":"","routine":"MIOROUTE"}HTTP/1.1 404 Not Found
Connection: keep-alive
Content-Length: 58
Content-Type: application/json
X-Request-Id: 676426374735801714400

{"error":"not_found","request_id":"","routine":"MIOROUTE"}HTTP/1.1 404 Not Found
Connection: keep-alive
Content-Length: 58
Content-Type: application/json
X-Request-Id: 676426374735816814400

{"error":"not_found","request_id":"","routine":"MIOROUTE"}HTTP/1.1 404 Not Found
Connection: keep-alive
Content-Length: 58
Content-Type: application/json
X-Request-Id: 676426374735829714400

{"error":"not_found","request_id":"","routine":"MIOROUTE"}HTTP/1.1 404 Not Found
Connection: keep-alive
Content-Length: 58
Content-Type: application/json
X-Request-Id: 676426374735846514400

{"error":"not_found","request_id":"","routine":"MIOROUTE"}HTTP/1.1 404 Not Found
Connection: keep-alive
Content-Length: 58
Content-Type: application/json
X-Request-Id: 676426374735859614400

{"error":"not_found","request_id":"","routine":"MIOROUTE"}HTTP/1.1 404 Not Found
Connection: keep-alive
Content-Length: 58
Content-Type: application/json
X-Request-Id: 676426374735874714400

{"error":"not_found","request_id":"","routine":"MIOROUTE"}HTTP/1.1 404 Not Found
Connection: keep-alive
Content-Length: 58
Content-Type: application/json
X-Request-Id: 676426374735887714400

{"error":"not_found","request_id":"","routine":"MIOROUTE"}HTTP/1.1 404 Not Found
Connection: keep-alive
Content-Length: 58
Content-Type: application/json
X-Request-Id: 676426374735903214400

{"error":"not_found","request_id":"","routine":"MIOROUTE"}HTTP/1.1 404 Not Found
Connection: keep-alive
Content-Length: 58
Content-Type: application/json
X-Request-Id: 676426374735915814400

{"error":"not_found","request_id":"","routine":"MIOROUTE"}HTTP/1.1 404 Not Found
Connection: keep-alive
Content-Length: 58
Content-Type: application/json
X-Request-Id: 676426374735930714400

{"error":"not_found","request_id":"","routine":"MIOROUTE"}HTTP/1.1 404 Not Found
Connection: keep-alive
Content-Length: 58
Content-Type: application/json
X-Request-Id: 676426374735945714400

{"error":"not_found","request_id":"","routine":"MIOROUTE"}HTTP/1.1 404 Not Found
Connection: keep-alive
Content-Length: 58
Content-Type: application/json
X-Request-Id: 676426374735962414400

{"error":"not_found","request_id":"","routine":"MIOROUTE"}HTTP/1.1 404 Not Found
Connection: keep-alive
Content-Length: 58
Content-Type: application/json
X-Request-Id: 676426374735977214400

{"error":"not_found","request_id":"","routine":"MIOROUTE"}HTTP/1.1 404 Not Found
Connection: keep-alive
Content-Length: 58
Content-Type: application/json
X-Request-Id: 676426374735996014400

{"error":"not_found","request_id":"","routine":"MIOROUTE"}HTTP/1.1 404 Not Found
Connection: keep-alive
Content-Length: 58
Content-Type: application/json
X-Request-Id: 676426374736013714400

{"error":"not_found","request_id":"","routine":"MIOROUTE"}HTTP/1.1 404 Not Found
Connection: keep-alive
Content-Length: 58
Content-Type: application/json
X-Request-Id: 676426374736030214400

{"error":"not_found","request_id":"","routine":"MIOROUTE"}HTTP/1.1 404 Not Found
Connection: keep-alive
Content-Length: 58
Content-Type: application/json
X-Request-Id: 676426374736046614400

{"error":"not_found","request_id":"","routine":"MIOROUTE"}HTTP/1.1 404 Not Found
Connection: keep-alive
Content-Length: 58
Content-Type: application/json
X-Request-Id: 676426374736061714400

{"error":"not_found","request_id":"","routine":"MIOROUTE"}HTTP/1.1 404 Not Found
Connection: keep-alive
Content-Length: 58
Content-Type: application/json
X-Request-Id: 676426374736077014400

{"error":"not_found","request_id":"","routine":"MIOROUTE"}HTTP/1.1 404 Not Found
Connection: keep-alive
Content-Length: 58
Content-Type: application/json
X-Request-Id: 676426374736091514400

{"error":"not_found","request_id":"","routine":"MIOROUTE"}HTTP/1.1 404 Not Found
Connection: keep-alive
Content-Length: 58
Content-Type: application/json
X-Request-Id: 676426374736106614400

{"error":"not_found","request_id":"","routine":"MIOROUTE"}HTTP/1.1 404 Not Found
Connection: keep-alive
Content-Length: 58
Content-Type: application/json
X-Request-Id: 676426374736136714400

{"error":"not_found","request_id":"","routine":"MIOROUTE"}HTTP/1.1 404 Not Found
Connection: keep-alive
Content-Length: 58
Content-Type: application/json
X-Request-Id: 676426374736157114400

{"error":"not_found","request_id":"","routine":"MIOROUTE"}HTTP/1.1 404 Not Found
Connection: keep-alive
Content-Length: 58
Content-Type: application/json
X-Request-Id: 676426374736173914400

{"error":"not_found","request_id":"","routine":"MIOROUTE"}HTTP/1.1 404 Not Found
Connection: keep-alive
Content-Length: 58
Content-Type: application/json
X-Request-Id: 676426374736191214400

{"error":"not_found","request_id":"","routine":"MIOROUTE"}HTTP/1.1 404 Not Found
Connection: keep-alive
Content-Length: 58
Content-Type: application/json
X-Request-Id: 676426374736209114400

{"error":"not_found","request_id":"","routine":"MIOROUTE"}HTTP/1.1 404 Not Found
Connection: keep-alive
Content-Length: 58
Content-Type: application/json
X-Request-Id: 676426374736222114400

{"error":"not_found","request_id":"","routine":"MIOROUTE"}HTTP/1.1 404 Not Found
Connection: keep-alive
Content-Length: 58
Content-Type: application/json
X-Request-Id: 676426374736238314400

{"error":"not_found","request_id":"","routine":"MIOROUTE"}HTTP/1.1 404 Not Found
Connection: keep-alive
Content-Length: 58
Content-Type: application/json
X-Request-Id: 676426374736250914400

{"error":"not_found","request_id":"","routine":"MIOROUTE"}HTTP/1.1 404 Not Found
Connection: keep-alive
Content-Length: 58
Content-Type: application/json
X-Request-Id: 676426374736267714400

{"error":"not_found","request_id":"","routine":"MIOROUTE"}HTTP/1.1 404 Not Found
Connection: keep-alive
Content-Length: 58
Content-Type: application/json
X-Request-Id: 676426374736281014400

{"error":"not_found","request_id":"","routine":"MIOROUTE"}HTTP/1.1 404 Not Found
Connection: keep-alive
Content-Length: 58
Content-Type: application/json
X-Request-Id: 676426374736288414400

{"error":"not_found","request_id":"","routine":"MIOROUTE"}HTTP/1.1 404 Not Found
Connection: keep-alive
Content-Length: 58
Content-Type: application/json
X-Request-Id: 676426374736300914400

{"error":"not_found","request_id":"","routine":"MIOROUTE"}HTTP/1.1 404 Not Found
Connection: keep-alive
Content-Length: 58
Content-Type: application/json
X-Request-Id: 676426374736321814400

{"error":"not_found","request_id":"","routine":"MIOROUTE"}HTTP/1.1 404 Not Found
Connection: keep-alive
Content-Length: 58
Content-Type: application/json
X-Request-Id: 676426374736342814400

{"error":"not_found","request_id":"","routine":"MIOROUTE"}HTTP/1.1 404 Not Found
Connection: keep-alive
Content-Length: 58
Content-Type: application/json
X-Request-Id: 676426374736359014400

{"error":"not_found","request_id":"","routine":"MIOROUTE"}HTTP/1.1 404 Not Found
Connection: keep-alive
Content-Length: 58
Content-Type: application/json
X-Request-Id: 676426374736370714400

{"error":"not_found","request_id":"","routine":"MIOROUTE"}HTTP/1.1 404 Not Found
Connection: keep-alive
Content-Length: 58
Content-Type: application/json
X-Request-Id: 676426374736386314400

{"error":"not_found","request_id":"","routine":"MIOROUTE"}HTTP/1.1 404 Not Found
Connection: keep-alive
Content-Length: 58
Content-Type: application/json
X-Request-Id: 676426374736402714400

{"error":"not_found","request_id":"","routine":"MIOROUTE"}HTTP/1.1 404 Not Found
Connection: keep-alive
Content-Length: 58
Content-Type: application/json
X-Request-Id: 676426374736413414400

{"error":"not_found","request_id":"","routine":"MIOROUTE"}HTTP/1.1 404 Not Found
Connection: keep-alive
Content-Length: 58
Content-Type: application/json
X-Request-Id: 676426374736424314400

{"error":"not_found","request_id":"","routine":"MIOROUTE"}
